CustomerID,Tenure Months_x,Contract_x,Monthly Charges_x,Total Charges,Internet Service,Payment Method,Charges Band,Churn Label_x,CLTV,Churn_Probability,Predicted_Churn,Risk_Tier
3668-QPYBK,2,Month-to-month,53.85,108.15,DSL,Mailed check,Medium ($35-65),Yes,3239,0.5195969390528442,1,Medium Risk
9237-HQITU,2,Month-to-month,70.7,151.65,Fiber optic,Electronic check,High ($65-95),Yes,2701,0.6658810649737207,1,Medium Risk
9305-CDSKC,8,Month-to-month,99.65,820.5,Fiber optic,Electronic check,Premium (>$95),Yes,5372,0.6458446699015954,1,Medium Risk
7892-POOKP,28,Month-to-month,104.8,3046.05,Fiber optic,Electronic check,Premium (>$95),Yes,5003,0.4523152756223025,0,Low Risk
0280-XJGEX,49,Month-to-month,103.7,5036.3,Fiber optic,Bank transfer (automatic),Premium (>$95),Yes,5340,0.45629228068230915,0,Low Risk
4190-MFLUW,10,Month-to-month,55.2,528.35,DSL,Credit card (automatic),Medium ($35-65),Yes,5925,0.27197836694544025,0,Low Risk
8779-QRDMV,1,Month-to-month,39.65,39.65,DSL,Electronic check,Medium ($35-65),Yes,5433,0.8346888248179263,1,High Risk
1066-JKSGK,1,Month-to-month,20.15,20.15,No,Mailed check,Low (<$35),Yes,4832,0.5903743558754457,1,Medium Risk
6467-CHFZW,47,Month-to-month,99.35,4749.15,Fiber optic,Electronic check,Premium (>$95),Yes,5789,0.3514178800378132,0,Low Risk
8665-UTDHZ,1,Month-to-month,30.2,30.2,DSL,Electronic check,Low (<$35),Yes,2915,0.6472957696879443,1,Medium Risk
8773-HHUOZ,17,Month-to-month,64.7,1093.1,DSL,Mailed check,Medium ($35-65),Yes,3022,0.5409463505030616,1,Medium Risk
6047-YHPVI,5,Month-to-month,69.7,316.9,Fiber optic,Electronic check,High ($65-95),Yes,2454,0.6030775421814075,1,Medium Risk
5380-WJKOV,34,Month-to-month,106.35,3549.25,Fiber optic,Electronic check,Premium (>$95),Yes,2941,0.2847020217228663,0,Low Risk
8168-UQWWF,11,Month-to-month,97.85,1105.4,Fiber optic,Bank transfer (automatic),Premium (>$95),Yes,5674,0.5535341992873276,1,Medium Risk
7760-OYPDY,2,Month-to-month,80.65,144.15,Fiber optic,Electronic check,High ($65-95),Yes,5586,0.6493763806608693,1,Medium Risk
9420-LOJKX,15,Month-to-month,99.1,1426.4,Fiber optic,Credit card (automatic),Premium (>$95),Yes,2966,0.3465880683012308,0,Low Risk
7495-OOKFY,8,Month-to-month,80.65,633.3,Fiber optic,Credit card (automatic),High ($65-95),Yes,5302,0.27074531806979285,0,Low Risk
1658-BYGOY,18,Month-to-month,95.45,1752.55,Fiber optic,Electronic check,Premium (>$95),Yes,3179,0.627426726260463,1,Medium Risk
5698-BQJOH,9,Month-to-month,94.4,857.25,Fiber optic,Electronic check,High ($65-95),Yes,5571,0.4623004443444648,0,Low Risk
5919-TMRGD,1,Month-to-month,79.35,79.35,Fiber optic,Electronic check,High ($65-95),Yes,2483,0.6566370602635859,1,Medium Risk
9191-MYQKX,7,Month-to-month,75.15,496.9,Fiber optic,Bank transfer (automatic),High ($65-95),Yes,3457,0.4194440700614812,0,Low Risk
8637-XJIVR,12,Month-to-month,78.95,927.35,Fiber optic,Electronic check,High ($65-95),Yes,5806,0.5324914058090049,1,Medium Risk
0278-YXOOG,5,Month-to-month,21.05,113.85,No,Mailed check,Low (<$35),Yes,2604,0.2827328641329082,0,Low Risk
4598-XLKNJ,25,Month-to-month,98.5,2514.5,Fiber optic,Electronic check,Premium (>$95),Yes,5337,0.48729141762683414,0,Low Risk
3192-NQECA,68,Two year,110.0,7611.85,Fiber optic,Bank transfer (automatic),Premium (>$95),Yes,5034,0.22849064104125547,0,Very Low Risk
0486-HECZI,55,Month-to-month,96.75,5238.9,Fiber optic,Electronic check,Premium (>$95),Yes,5154,0.1655327656316301,0,Very Low Risk
4846-WHAFZ,37,Month-to-month,76.5,2868.15,Fiber optic,Electronic check,High ($65-95),Yes,2793,0.24221987274714268,0,Very Low Risk
5299-RULOA,10,Month-to-month,100.25,1064.65,Fiber optic,Electronic check,Premium (>$95),Yes,5998,0.5410000169650536,1,Medium Risk
0404-SWRVG,3,Month-to-month,74.4,229.55,Fiber optic,Electronic check,High ($65-95),Yes,4415,0.6548628028023807,1,Medium Risk
4412-YLTKF,27,Month-to-month,78.05,2135.5,Fiber optic,Electronic check,High ($65-95),Yes,4638,0.3767147086261627,0,Low Risk
6207-WIOLX,25,Month-to-month,58.6,1502.65,DSL,Credit card (automatic),Medium ($35-65),Yes,4190,0.3487289568960752,0,Low Risk
3091-FYHKI,1,Month-to-month,35.45,35.45,DSL,Electronic check,Medium ($35-65),Yes,2301,0.8332984492400217,1,High Risk
2372-HWUHI,2,Month-to-month,44.35,81.25,DSL,Electronic check,Medium ($35-65),Yes,2570,0.7123405200888903,1,Medium Risk
0390-DCFDQ,1,Month-to-month,70.45,70.45,Fiber optic,Mailed check,High ($65-95),Yes,3964,0.5357486735060084,1,Medium Risk
4080-OGPJL,8,Month-to-month,71.15,563.65,DSL,Electronic check,High ($65-95),Yes,2662,0.46568511936209867,0,Low Risk
2135-RXIHG,1,Month-to-month,45.65,45.65,DSL,Electronic check,Medium ($35-65),Yes,2600,0.8049711740846264,1,High Risk
3874-EQOEP,7,Month-to-month,95.0,655.5,Fiber optic,Mailed check,High ($65-95),Yes,2786,0.6139152977289212,1,Medium Risk
0867-MKZVY,20,Month-to-month,82.4,1592.35,Fiber optic,Electronic check,High ($65-95),Yes,5719,0.34190633749924104,0,Low Risk
3376-BMGFE,4,Month-to-month,70.9,273.0,Fiber optic,Bank transfer (automatic),High ($65-95),Yes,4287,0.5982714758424155,1,Medium Risk
3445-HXXGF,58,Month-to-month,45.3,2651.2,DSL,Electronic check,Medium ($35-65),Yes,5444,0.5449229887096074,1,Medium Risk
1875-QIVME,2,Month-to-month,104.4,242.8,Fiber optic,Electronic check,Premium (>$95),Yes,4690,0.5809054586176278,1,Medium Risk
0691-JVSYA,53,One year,94.85,5000.2,Fiber optic,Bank transfer (automatic),High ($65-95),Yes,4328,0.37544786511241596,0,Low Risk
2656-FMOKZ,15,Month-to-month,74.45,1145.7,Fiber optic,Mailed check,High ($65-95),Yes,5717,0.48600859306975264,0,Low Risk
2070-FNEXE,7,Month-to-month,76.45,503.6,Fiber optic,Bank transfer (automatic),High ($65-95),Yes,4419,0.32990504408186844,0,Low Risk
6317-YPKDH,1,Month-to-month,29.95,29.95,DSL,Bank transfer (automatic),Low (<$35),Yes,4534,0.528791345592058,1,Medium Risk
9367-WXLCH,8,Month-to-month,84.5,662.65,Fiber optic,Bank transfer (automatic),High ($65-95),Yes,2152,0.5053602513943257,1,Medium Risk
1918-ZBFQJ,13,Month-to-month,79.25,1111.65,Fiber optic,Electronic check,High ($65-95),Yes,5142,0.5684893253765385,1,Medium Risk
1024-GUALD,1,Month-to-month,24.8,24.8,DSL,Electronic check,Low (<$35),Yes,4851,0.7402812668422553,1,Medium Risk
2472-OVKUP,6,Month-to-month,91.0,531.0,Fiber optic,Electronic check,High ($65-95),Yes,2283,0.5057631155691932,1,Medium Risk
1285-OKIPP,1,Month-to-month,79.9,79.9,Fiber optic,Electronic check,High ($65-95),Yes,3394,0.6005100414868598,1,Medium Risk
7825-ECJRF,19,Month-to-month,106.6,1934.45,Fiber optic,Electronic check,Premium (>$95),Yes,3764,0.5876383665974255,1,Medium Risk
7841-TZDMQ,2,Month-to-month,46.0,84.5,DSL,Credit card (automatic),Medium ($35-65),Yes,2667,0.6309261548253,1,Medium Risk
9408-SSNVZ,4,Month-to-month,70.15,268.35,Fiber optic,Electronic check,High ($65-95),Yes,2227,0.6566307977923118,1,Medium Risk
0742-MOABM,4,Month-to-month,50.05,179.35,DSL,Mailed check,Medium ($35-65),Yes,3394,0.3915164380718646,0,Low Risk
2232-DMLXU,1,Month-to-month,55.2,55.2,DSL,Mailed check,Medium ($35-65),Yes,3638,0.5755592655987477,1,Medium Risk
8937-RDTHP,1,Month-to-month,84.6,84.6,Fiber optic,Mailed check,High ($65-95),Yes,2484,0.5558192427916729,1,Medium Risk
1251-KRREG,2,Month-to-month,54.4,114.1,DSL,Mailed check,Medium ($35-65),Yes,2556,0.6586298777288782,1,Medium Risk
0094-OIFMO,11,Month-to-month,95.0,1120.3,Fiber optic,Electronic check,High ($65-95),Yes,5980,0.6225156915092342,1,Medium Risk
9947-OTFQU,15,Month-to-month,74.4,1074.3,Fiber optic,Electronic check,High ($65-95),Yes,4616,0.7301316530073485,1,Medium Risk
0322-YINQP,1,Month-to-month,48.55,48.55,DSL,Mailed check,Medium ($35-65),Yes,5687,0.5387028955621627,1,Medium Risk
4629-NRXKX,2,Month-to-month,70.4,147.15,Fiber optic,Electronic check,High ($65-95),Yes,5687,0.771387960293383,1,High Risk
9514-JDSKI,1,Month-to-month,40.2,40.2,DSL,Electronic check,Medium ($35-65),Yes,5828,0.7094726706522241,1,Medium Risk
4959-JOSRX,2,Month-to-month,44.6,80.55,DSL,Credit card (automatic),Medium ($35-65),Yes,4884,0.6427796112692726,1,Medium Risk
7273-TEFQD,3,Month-to-month,41.15,132.2,DSL,Electronic check,Medium ($35-65),Yes,2314,0.8168677372869872,1,High Risk
3606-TWKGI,13,Month-to-month,106.9,1364.3,Fiber optic,Electronic check,Premium (>$95),Yes,2494,0.8174394990898068,1,High Risk
6323-AYBRX,59,Two year,19.35,1099.6,No,Mailed check,Low (<$35),Yes,5084,0.5898882264737341,1,Medium Risk
4385-GZQXV,16,Month-to-month,94.45,1511.2,Fiber optic,Electronic check,High ($65-95),Yes,3810,0.696263811250168,1,Medium Risk
6366-ZGQGL,1,Month-to-month,24.8,24.8,DSL,Bank transfer (automatic),Low (<$35),Yes,5087,0.6513870036228393,1,Medium Risk
5940-AHUHD,1,Month-to-month,70.6,70.6,Fiber optic,Mailed check,High ($65-95),Yes,3338,0.7747406624989904,1,High Risk
6432-TWQLB,5,Month-to-month,85.4,401.1,Fiber optic,Electronic check,High ($65-95),Yes,3676,0.7607077303736998,1,High Risk
4484-GLZOU,52,Month-to-month,105.05,5624.85,Fiber optic,Electronic check,Premium (>$95),Yes,4839,0.6882111093581887,1,Medium Risk
9512-UIBFX,18,Month-to-month,95.15,1779.95,Fiber optic,Mailed check,Premium (>$95),Yes,4643,0.5368998394174599,1,Medium Risk
5583-SXDAG,1,Month-to-month,70.0,70.0,Fiber optic,Electronic check,High ($65-95),Yes,4094,0.8035711636702813,1,High Risk
3488-PGMQJ,8,Month-to-month,74.5,606.55,Fiber optic,Electronic check,High ($65-95),Yes,4345,0.7783484968645253,1,High Risk
3580-REOAC,10,Month-to-month,44.85,435.4,DSL,Credit card (automatic),Medium ($35-65),Yes,4061,0.4731606759891928,0,Low Risk
7534-BFESC,24,Month-to-month,76.1,1712.7,Fiber optic,Electronic check,High ($65-95),Yes,2018,0.8103890423244303,1,High Risk
6390-DSAZX,1,Month-to-month,73.6,73.6,Fiber optic,Mailed check,High ($65-95),Yes,2565,0.642907134551414,1,Medium Risk
8098-LLAZX,4,Month-to-month,95.45,396.1,Fiber optic,Electronic check,Premium (>$95),Yes,3677,0.9022443066598353,1,High Risk
0265-EDXBD,32,Month-to-month,74.9,2303.35,Fiber optic,Electronic check,High ($65-95),Yes,4105,0.7519720056586938,1,High Risk
7563-BIUPC,5,Month-to-month,80.6,415.55,Fiber optic,Electronic check,High ($65-95),Yes,5715,0.8781522809250016,1,High Risk
2321-OMBXY,38,One year,80.3,3058.65,DSL,Credit card (automatic),High ($65-95),Yes,2071,0.22120353285030334,0,Very Low Risk
2840-XANRC,24,Month-to-month,93.15,2231.05,Fiber optic,Electronic check,High ($65-95),Yes,2212,0.7628159880812424,1,High Risk
5020-ZSTTY,54,One year,82.45,4350.1,DSL,Bank transfer (automatic),High ($65-95),Yes,4149,0.2838034008358403,0,Low Risk
5804-LEPIM,2,Month-to-month,70.35,139.05,Fiber optic,Electronic check,High ($65-95),Yes,2671,0.8653958538731866,1,High Risk
0122-OAHPZ,7,Month-to-month,73.85,511.25,Fiber optic,Electronic check,High ($65-95),Yes,2473,0.8640845909764454,1,High Risk
2868-SNELZ,2,Month-to-month,80.6,155.8,Fiber optic,Mailed check,High ($65-95),Yes,2683,0.7391537640682208,1,Medium Risk
4322-RCYMT,68,One year,75.8,5293.95,DSL,Bank transfer (automatic),High ($65-95),Yes,4903,0.26613191574470796,0,Low Risk
6680-NENYN,43,Two year,104.6,4759.85,Fiber optic,Electronic check,Premium (>$95),Yes,5250,0.5797320270312646,1,Medium Risk
1343-EHPYB,63,Month-to-month,103.4,6603.0,Fiber optic,Electronic check,Premium (>$95),Yes,4352,0.7265087539206369,1,Medium Risk
2034-GDRCN,2,Month-to-month,90.4,168.2,Fiber optic,Electronic check,High ($65-95),Yes,4157,0.8935153311343639,1,High Risk
0219-YTZUE,4,Month-to-month,84.8,371.9,Fiber optic,Bank transfer (automatic),High ($65-95),Yes,4939,0.7597982925216826,1,High Risk
0623-IIHUG,21,Month-to-month,41.9,840.1,DSL,Electronic check,Medium ($35-65),Yes,4778,0.6466708954074466,1,Medium Risk
4572-DVCGN,10,Month-to-month,80.25,846.0,Fiber optic,Bank transfer (automatic),High ($65-95),Yes,3598,0.7391953278275873,1,Medium Risk
9057-MSWCO,27,Month-to-month,30.75,805.1,DSL,Credit card (automatic),Low (<$35),Yes,2927,0.49399914594401984,0,Low Risk
1010-DIAUQ,5,Month-to-month,96.5,492.55,Fiber optic,Bank transfer (automatic),Premium (>$95),Yes,5383,0.6838077798561971,1,Medium Risk
0259-GBZSH,2,Month-to-month,85.65,181.5,Fiber optic,Electronic check,High ($65-95),Yes,3878,0.8944837295938362,1,High Risk
9601-BRXPO,25,Month-to-month,104.95,2566.5,Fiber optic,Bank transfer (automatic),Premium (>$95),Yes,3642,0.588538888672881,1,Medium Risk
6905-NIQIN,1,Month-to-month,50.65,50.65,DSL,Mailed check,Medium ($35-65),Yes,2431,0.6003339282215797,1,Medium Risk
5167-ZFFMM,1,Month-to-month,90.85,90.85,Fiber optic,Credit card (automatic),High ($65-95),Yes,3424,0.718679718553212,1,Medium Risk
4895-TMWIR,11,Month-to-month,19.95,214.75,No,Mailed check,Low (<$35),Yes,5888,0.38773578287083993,0,Low Risk
0533-BNWKF,55,Month-to-month,85.45,4874.7,Fiber optic,Electronic check,High ($65-95),Yes,5502,0.5878711245006638,1,Medium Risk
6599-CEBNN,34,Month-to-month,73.95,2524.45,Fiber optic,Credit card (automatic),High ($65-95),Yes,5795,0.5115772765462328,1,Medium Risk
0979-PHULV,69,Month-to-month,99.45,7007.6,Fiber optic,Credit card (automatic),Premium (>$95),Yes,4020,0.5261650820071194,1,Medium Risk
4800-VHZKI,1,Month-to-month,19.9,19.9,No,Mailed check,Low (<$35),Yes,3351,0.6479597200903815,1,Medium Risk
7989-CHGTL,1,Month-to-month,19.6,19.6,No,Mailed check,Low (<$35),Yes,3448,0.6522890771523173,1,Medium Risk
0334-GDDSO,3,Month-to-month,81.35,233.7,Fiber optic,Electronic check,High ($65-95),Yes,2818,0.8468271074031641,1,High Risk
0578-SKVMF,22,Month-to-month,83.3,1845.9,Fiber optic,Electronic check,High ($65-95),Yes,3804,0.6146708907991613,1,Medium Risk
5564-NEMQO,1,Month-to-month,75.3,75.3,Fiber optic,Bank transfer (automatic),High ($65-95),Yes,4902,0.7603063104273673,1,High Risk
9063-ZGTUY,61,Month-to-month,19.4,1182.55,No,Mailed check,Low (<$35),Yes,4221,0.37165314496769236,0,Low Risk
2957-LOLHO,12,Month-to-month,45.4,518.9,DSL,Bank transfer (automatic),Medium ($35-65),Yes,2887,0.573299352978222,1,Medium Risk
7752-XUSCI,60,Month-to-month,105.9,6396.45,Fiber optic,Electronic check,Premium (>$95),Yes,4105,0.6680996266912294,1,Medium Risk
4110-PFEUZ,1,Month-to-month,69.55,69.55,Fiber optic,Mailed check,High ($65-95),Yes,2792,0.824456170363067,1,High Risk
0256-LTHVJ,28,Month-to-month,81.05,2227.1,Fiber optic,Electronic check,High ($65-95),Yes,5201,0.7226532193453533,1,Medium Risk
0880-TKATG,4,Month-to-month,101.15,385.9,Fiber optic,Electronic check,Premium (>$95),Yes,4417,0.7653445292296012,1,High Risk
3811-VBYBZ,7,Month-to-month,99.8,673.25,Fiber optic,Electronic check,Premium (>$95),Yes,2031,0.8492039238239255,1,High Risk
4640-UHDOS,13,Month-to-month,55.95,734.35,DSL,Electronic check,Medium ($35-65),Yes,4498,0.5367001460197295,1,Medium Risk
3583-EKAPL,1,Month-to-month,55.0,55.0,DSL,Electronic check,Medium ($35-65),Yes,4877,0.8032469865107609,1,High Risk
9399-APLBT,1,Month-to-month,74.7,74.7,Fiber optic,Electronic check,High ($65-95),Yes,5980,0.8061371811045791,1,High Risk
2359-KMGLI,24,Month-to-month,80.25,1861.5,Fiber optic,Electronic check,High ($65-95),Yes,4418,0.776523989854232,1,High Risk
0306-JAELE,5,Month-to-month,96.1,453.4,Fiber optic,Electronic check,Premium (>$95),Yes,4192,0.7587636558530473,1,High Risk
6227-HWPWX,15,Month-to-month,69.0,994.8,Fiber optic,Bank transfer (automatic),High ($65-95),Yes,5671,0.4630350980543856,0,Low Risk
0447-BEMNG,48,Month-to-month,45.3,2145.0,DSL,Bank transfer (automatic),Medium ($35-65),Yes,4926,0.2505164594490634,0,Low Risk
5949-XIKAE,8,Month-to-month,83.55,680.05,Fiber optic,Electronic check,High ($65-95),Yes,2879,0.7973584793688127,1,High Risk
8372-JUXUI,1,Month-to-month,74.35,74.35,Fiber optic,Electronic check,High ($65-95),Yes,2814,0.8903507734057179,1,High Risk
0388-EOPEX,2,Month-to-month,74.4,139.4,Fiber optic,Electronic check,High ($65-95),Yes,4263,0.6892067346714091,1,Medium Risk
8205-OTCHB,22,One year,43.75,903.6,DSL,Bank transfer (automatic),Medium ($35-65),Yes,3099,0.447257264527449,0,Low Risk
6235-VDHOM,5,Month-to-month,28.45,131.05,DSL,Electronic check,Low (<$35),Yes,4099,0.6020961783118577,1,Medium Risk
7783-YKGDV,12,Month-to-month,99.7,1238.45,Fiber optic,Bank transfer (automatic),Premium (>$95),Yes,2538,0.69138430992878,1,Medium Risk
5609-CEBID,20,Month-to-month,94.1,1782.4,Fiber optic,Electronic check,High ($65-95),Yes,2666,0.7832131968442512,1,High Risk
7218-HKQFK,2,Month-to-month,94.2,167.5,Fiber optic,Electronic check,High ($65-95),Yes,3715,0.7232341724138648,1,Medium Risk
4636-QRJKY,6,Month-to-month,80.5,502.85,Fiber optic,Electronic check,High ($65-95),Yes,5032,0.7525082923071157,1,High Risk
5956-VKDTT,5,Month-to-month,74.35,334.8,Fiber optic,Electronic check,High ($65-95),Yes,5273,0.8513844447221632,1,High Risk
9412-GHEEC,40,Month-to-month,104.8,4131.95,Fiber optic,Bank transfer (automatic),Premium (>$95),Yes,3492,0.469704461534435,0,Low Risk
0257-ZESQC,27,Month-to-month,75.2,1929.35,Fiber optic,Bank transfer (automatic),High ($65-95),Yes,4517,0.49650693957850345,0,Low Risk
6825-UYPFK,23,Month-to-month,75.6,1758.6,Fiber optic,Bank transfer (automatic),High ($65-95),Yes,2115,0.4598437417445024,0,Low Risk
8397-MVTAZ,34,Month-to-month,100.05,3480.0,Fiber optic,Electronic check,Premium (>$95),Yes,2568,0.8253791679967057,1,High Risk
9282-IZGQK,1,Month-to-month,85.0,85.0,Fiber optic,Electronic check,High ($65-95),Yes,5679,0.9025707214566141,1,High Risk
1342-JPNKI,10,Month-to-month,86.05,834.1,Fiber optic,Bank transfer (automatic),High ($65-95),Yes,2966,0.7265976258774124,1,Medium Risk
2817-NTQDO,13,Month-to-month,45.55,597.0,DSL,Credit card (automatic),Medium ($35-65),Yes,4856,0.37148901494041486,0,Low Risk
6986-IJDHX,39,Month-to-month,86.3,3266.0,Fiber optic,Mailed check,High ($65-95),Yes,3364,0.5315661013910148,1,Medium Risk
5301-GAUUY,32,Month-to-month,80.35,2596.15,Fiber optic,Bank transfer (automatic),High ($65-95),Yes,5974,0.5023769737160364,1,Medium Risk
0939-YAPAF,35,Month-to-month,100.25,3527.6,Fiber optic,Electronic check,Premium (>$95),Yes,2744,0.7827258100804952,1,High Risk
4710-FDUIZ,56,One year,100.3,5614.45,Fiber optic,Credit card (automatic),Premium (>$95),Yes,5170,0.31698185292196923,0,Low Risk
1218-VKFPE,12,Month-to-month,19.0,233.55,No,Mailed check,Low (<$35),Yes,3535,0.21192006436932143,0,Very Low Risk
3627-FHKBK,1,Month-to-month,75.3,75.3,Fiber optic,Mailed check,High ($65-95),Yes,3244,0.5099876488457867,1,Medium Risk
2865-TCHJW,4,Month-to-month,89.2,346.2,Fiber optic,Electronic check,High ($65-95),Yes,5808,0.8708979378557541,1,High Risk
5192-EBGOV,1,Month-to-month,85.7,85.7,Fiber optic,Electronic check,High ($65-95),Yes,4880,0.9008338016232877,1,High Risk
0719-SYFRB,12,Month-to-month,61.65,713.75,DSL,Mailed check,Medium ($35-65),Yes,5670,0.30204200254818053,0,Low Risk
3419-SNJJD,65,Month-to-month,105.25,6786.4,Fiber optic,Bank transfer (automatic),Premium (>$95),Yes,4196,0.4189975415296394,0,Low Risk
6543-CPZMK,9,Month-to-month,29.95,248.95,DSL,Electronic check,Low (<$35),Yes,2573,0.6114513434756067,1,Medium Risk
4765-OXPPD,9,Month-to-month,65.0,663.05,DSL,Mailed check,Medium ($35-65),Yes,3983,0.3300912246201417,0,Low Risk
1009-IRMNA,7,Month-to-month,20.0,137.6,No,Bank transfer (automatic),Low (<$35),Yes,4479,0.373185308739718,0,Low Risk
4554-YGZIH,49,Month-to-month,90.05,4547.25,Fiber optic,Credit card (automatic),High ($65-95),Yes,5059,0.4422969441924169,0,Low Risk
5099-BAILX,43,Month-to-month,110.75,4687.9,Fiber optic,Bank transfer (automatic),Premium (>$95),Yes,2728,0.5837694787714647,1,Medium Risk
7207-RMRDB,65,Month-to-month,105.5,6985.65,Fiber optic,Electronic check,Premium (>$95),Yes,5720,0.6750963225195189,1,Medium Risk
4913-EHYUI,56,One year,104.55,5794.65,Fiber optic,Bank transfer (automatic),Premium (>$95),Yes,6268,0.39683848325327714,0,Low Risk
0195-IESCP,10,Month-to-month,85.25,855.3,Fiber optic,Electronic check,High ($65-95),Yes,3573,0.8717442324861971,1,High Risk
4580-TMHJU,43,Month-to-month,56.15,2499.3,DSL,Electronic check,Medium ($35-65),Yes,2152,0.4667340708889137,0,Low Risk
0970-ETWGE,1,Month-to-month,89.55,89.55,Fiber optic,Electronic check,High ($65-95),Yes,4996,0.8931439316968592,1,High Risk
1626-ERCMM,20,Month-to-month,94.55,1899.65,Fiber optic,Electronic check,High ($65-95),Yes,5604,0.827325408640066,1,High Risk
0887-HJGAR,1,Month-to-month,45.7,45.7,DSL,Mailed check,Medium ($35-65),Yes,2295,0.7236696232838888,1,Medium Risk
5644-PDMZC,2,Month-to-month,89.5,161.5,Fiber optic,Electronic check,High ($65-95),Yes,2065,0.6753822282225558,1,Medium Risk
9576-ANLXO,3,Month-to-month,69.55,222.3,Fiber optic,Bank transfer (automatic),High ($65-95),Yes,2876,0.7873675789041304,1,High Risk
2024-BASKD,1,Month-to-month,74.6,74.6,Fiber optic,Mailed check,High ($65-95),Yes,3860,0.7929097193255121,1,High Risk
4160-AMJTL,8,Month-to-month,19.65,164.3,No,Electronic check,Low (<$35),Yes,5432,0.3200315900103073,0,Low Risk
4464-JCOLN,2,One year,19.85,35.9,No,Mailed check,Low (<$35),Yes,2362,0.12133090470366806,0,Very Low Risk
5650-VDUDS,4,Month-to-month,24.25,96.05,DSL,Mailed check,Low (<$35),Yes,2038,0.6772509757249782,1,Medium Risk
7538-GWHML,2,Month-to-month,69.65,145.15,Fiber optic,Electronic check,High ($65-95),Yes,2323,0.797320416210329,1,High Risk
3859-CVCET,4,Month-to-month,45.65,191.05,DSL,Mailed check,Medium ($35-65),Yes,2864,0.565015549617412,1,Medium Risk
3276-HDUEG,1,Month-to-month,75.05,75.05,Fiber optic,Mailed check,High ($65-95),Yes,4838,0.8335181067875989,1,High Risk
0823-HSCDJ,52,Month-to-month,49.15,2550.9,DSL,Electronic check,Medium ($35-65),Yes,5597,0.5435094030496235,1,Medium Risk
0822-GAVAP,2,Month-to-month,34.7,62.25,DSL,Electronic check,Low (<$35),Yes,3146,0.8149638727003523,1,High Risk
1448-PWKYE,1,Month-to-month,80.0,80.0,Fiber optic,Electronic check,High ($65-95),Yes,2046,0.813593150284732,1,High Risk
0067-DKWBL,2,Month-to-month,49.25,91.1,DSL,Electronic check,Medium ($35-65),Yes,3475,0.7271413505063568,1,Medium Risk
2276-YDAVZ,3,Month-to-month,75.1,270.7,Fiber optic,Credit card (automatic),High ($65-95),Yes,4965,0.7623371999357242,1,High Risk
5896-NPFWW,3,Month-to-month,50.15,168.15,DSL,Electronic check,Medium ($35-65),Yes,3273,0.7707197136766532,1,High Risk
7133-VBDCG,25,Month-to-month,79.85,2015.35,Fiber optic,Bank transfer (automatic),High ($65-95),Yes,4535,0.47010372391354244,0,Low Risk
1029-QFBEN,1,Month-to-month,19.55,19.55,No,Mailed check,Low (<$35),Yes,3556,0.5711594577475205,1,Medium Risk
4952-YSOGZ,4,Month-to-month,85.95,381.3,Fiber optic,Electronic check,High ($65-95),Yes,5640,0.878482696314842,1,High Risk
1589-AGTLK,3,Month-to-month,45.35,141.5,DSL,Electronic check,Medium ($35-65),Yes,2450,0.800935820361393,1,High Risk
5244-IRFIH,33,Month-to-month,94.5,3105.55,Fiber optic,Electronic check,High ($65-95),Yes,4333,0.7962547374983144,1,High Risk
2684-EIWEO,30,Month-to-month,91.7,2758.15,Fiber optic,Credit card (automatic),High ($65-95),Yes,2482,0.42125314962990423,0,Low Risk
6439-GTPCA,45,Month-to-month,87.25,3941.7,Fiber optic,Electronic check,High ($65-95),Yes,5269,0.6143109539348935,1,Medium Risk
5138-WVKYJ,10,Month-to-month,98.55,1008.55,Fiber optic,Electronic check,Premium (>$95),Yes,3658,0.6800116532316797,1,Medium Risk
6683-VLCTZ,20,Month-to-month,98.55,1842.8,Fiber optic,Electronic check,Premium (>$95),Yes,5444,0.8492860655345598,1,High Risk
2189-WWOEW,15,Month-to-month,85.9,1269.55,Fiber optic,Bank transfer (automatic),High ($65-95),Yes,3579,0.6364706436020415,1,Medium Risk
1894-IGFSG,22,Month-to-month,89.25,1907.85,Fiber optic,Electronic check,High ($65-95),Yes,3161,0.6520613188179644,1,Medium Risk
7379-POKDZ,3,Month-to-month,70.3,208.85,Fiber optic,Electronic check,High ($65-95),Yes,3038,0.8450162206802996,1,High Risk
0236-HFWSV,15,Month-to-month,93.35,1444.65,Fiber optic,Electronic check,High ($65-95),Yes,5264,0.8703046460372191,1,High Risk
3900-AQPHZ,1,Month-to-month,19.9,19.9,No,Mailed check,Low (<$35),Yes,4248,0.569788545574588,1,Medium Risk
5842-POCOP,5,Month-to-month,88.9,454.15,Fiber optic,Mailed check,High ($65-95),Yes,4356,0.6522603027107005,1,Medium Risk
2037-XJFUP,33,One year,95.8,3036.75,Fiber optic,Electronic check,Premium (>$95),Yes,4161,0.6135843170805305,1,Medium Risk
7314-OXENN,2,Month-to-month,82.0,184.65,Fiber optic,Electronic check,High ($65-95),Yes,3051,0.8397350797820974,1,High Risk
0322-CHQRU,2,Month-to-month,45.35,89.5,DSL,Electronic check,Medium ($35-65),Yes,3478,0.7334304272824574,1,Medium Risk
4678-DVQEO,1,Month-to-month,52.2,52.2,DSL,Electronic check,Medium ($35-65),Yes,4138,0.6582755667105199,1,Medium Risk
0691-IFBQW,46,One year,110.0,4874.8,Fiber optic,Electronic check,Premium (>$95),Yes,2403,0.4728655596990595,0,Low Risk
3009-JWMPU,62,One year,96.75,6125.4,Fiber optic,Electronic check,Premium (>$95),Yes,5016,0.6804338189905629,1,Medium Risk
1450-GALXR,10,Month-to-month,98.5,1058.25,Fiber optic,Electronic check,Premium (>$95),Yes,5184,0.7817757694682222,1,High Risk
3138-BKYAV,6,Month-to-month,85.35,489.45,Fiber optic,Electronic check,High ($65-95),Yes,4694,0.8154520632057367,1,High Risk
4289-DTDKW,40,Month-to-month,101.3,4113.1,Fiber optic,Electronic check,Premium (>$95),Yes,2576,0.7636331398206757,1,High Risk
1820-TQVEV,1,Month-to-month,69.55,69.55,Fiber optic,Electronic check,High ($65-95),Yes,3042,0.8781786754300066,1,High Risk
2239-JALAW,58,One year,103.25,6017.65,Fiber optic,Bank transfer (automatic),Premium (>$95),Yes,6105,0.42943430889547396,0,Low Risk
4853-RULSV,70,Two year,104.0,7250.15,Fiber optic,Credit card (automatic),Premium (>$95),Yes,4544,0.34872904123739756,0,Low Risk
6275-YDUVO,2,Month-to-month,86.2,178.7,Fiber optic,Mailed check,High ($65-95),Yes,2969,0.8477786641538639,1,High Risk
0115-TFERT,21,Month-to-month,111.2,2317.1,Fiber optic,Electronic check,Premium (>$95),Yes,4123,0.7020903963680546,1,Medium Risk
2311-QYMUQ,16,Month-to-month,89.45,1430.25,Fiber optic,Credit card (automatic),High ($65-95),Yes,3696,0.5956496121096075,1,Medium Risk
3643-AHCFP,7,Month-to-month,95.6,644.35,Fiber optic,Bank transfer (automatic),Premium (>$95),Yes,3265,0.7785564133691087,1,High Risk
3104-OWCGK,60,One year,90.95,5453.4,Fiber optic,Electronic check,High ($65-95),Yes,4111,0.48090165081073033,0,Low Risk
9101-BWFSS,50,One year,108.55,5610.7,Fiber optic,Electronic check,Premium (>$95),Yes,4274,0.48970061358776057,0,Low Risk
9231-ZJYAM,4,Month-to-month,78.85,292.8,Fiber optic,Electronic check,High ($65-95),Yes,5301,0.8695727107010991,1,High Risk
6982-SSHFK,1,Month-to-month,44.4,44.4,DSL,Mailed check,Medium ($35-65),Yes,3522,0.6424931361005658,1,Medium Risk
0727-BMPLR,55,One year,100.0,5509.3,Fiber optic,Electronic check,Premium (>$95),Yes,5679,0.5332926938849357,1,Medium Risk
1038-ZAGBI,12,One year,19.8,229.6,No,Bank transfer (automatic),Low (<$35),Yes,2653,0.20056836072458295,0,Very Low Risk
3027-ZTDHO,1,Month-to-month,89.9,89.9,Fiber optic,Electronic check,High ($65-95),Yes,5951,0.8937129574723071,1,High Risk
2382-BCKQJ,62,One year,100.15,6413.65,Fiber optic,Electronic check,Premium (>$95),Yes,5600,0.5373541554991743,1,Medium Risk
2207-NHRJK,1,Month-to-month,50.8,50.8,DSL,Electronic check,Medium ($35-65),Yes,3718,0.6115636575266095,1,Medium Risk
0947-MUGVO,20,Month-to-month,73.65,1463.5,Fiber optic,Electronic check,High ($65-95),Yes,5849,0.7362271582796696,1,Medium Risk
9944-HKVVB,3,Month-to-month,95.1,307.4,Fiber optic,Electronic check,Premium (>$95),Yes,5861,0.8269216253225476,1,High Risk
4124-MMETB,22,Month-to-month,94.65,2104.55,Fiber optic,Credit card (automatic),High ($65-95),Yes,3665,0.6565105500394907,1,Medium Risk
3671-SHRSP,4,Month-to-month,80.6,319.15,Fiber optic,Mailed check,High ($65-95),Yes,3080,0.7130097952503359,1,Medium Risk
3313-QKNKB,59,One year,85.55,5084.65,Fiber optic,Electronic check,High ($65-95),Yes,6304,0.4082642096195573,0,Low Risk
5073-WXOYN,60,Month-to-month,50.8,3027.4,DSL,Electronic check,Medium ($35-65),Yes,4941,0.49550145642955085,0,Low Risk
0207-MDKNV,15,Month-to-month,105.1,1582.75,Fiber optic,Electronic check,Premium (>$95),Yes,2122,0.6780505251969288,1,Medium Risk
9851-KIELU,10,Month-to-month,110.1,1043.3,Fiber optic,Electronic check,Premium (>$95),Yes,5803,0.5772508357321366,1,Medium Risk
3908-BLSYF,6,Month-to-month,83.9,497.55,Fiber optic,Electronic check,High ($65-95),Yes,3962,0.7074797607419535,1,Medium Risk
7549-MYGPK,63,Month-to-month,100.55,6215.35,Fiber optic,Electronic check,Premium (>$95),Yes,5413,0.4597907815995299,0,Low Risk
3804-RVTGV,50,Month-to-month,103.85,5017.9,Fiber optic,Bank transfer (automatic),Premium (>$95),Yes,5812,0.5737042460976378,1,Medium Risk
9227-LUNBG,1,Month-to-month,24.6,24.6,DSL,Electronic check,Low (<$35),Yes,5768,0.6711175848481374,1,Medium Risk
4315-MURBD,12,Month-to-month,98.9,1120.95,Fiber optic,Bank transfer (automatic),Premium (>$95),Yes,5559,0.7297620631874442,1,Medium Risk
9734-YWGEX,9,Month-to-month,98.3,923.5,Fiber optic,Credit card (automatic),Premium (>$95),Yes,2954,0.6151206980297308,1,Medium Risk
2719-BDAQO,17,Month-to-month,93.85,1625.65,Fiber optic,Electronic check,High ($65-95),Yes,4940,0.6502268700128812,1,Medium Risk
0781-LKXBR,9,Month-to-month,100.5,918.6,Fiber optic,Electronic check,Premium (>$95),Yes,4038,0.8807909827795289,1,High Risk
1907-UBQFC,10,Month-to-month,72.85,688.65,Fiber optic,Electronic check,High ($65-95),Yes,3189,0.7670973993005936,1,High Risk
6513-EECDB,1,Month-to-month,73.55,73.55,Fiber optic,Electronic check,High ($65-95),Yes,4369,0.8684357897998712,1,High Risk
7074-IEVOJ,3,Month-to-month,79.4,205.05,Fiber optic,Electronic check,High ($65-95),Yes,3501,0.8439162845764306,1,High Risk
9625-QSTYE,13,Month-to-month,81.15,952.3,Fiber optic,Electronic check,High ($65-95),Yes,4806,0.7460676983092628,1,Medium Risk
4750-ZRXIU,4,Month-to-month,84.6,360.1,Fiber optic,Electronic check,High ($65-95),Yes,2467,0.8913360001517132,1,High Risk
6400-BWQKW,6,Month-to-month,79.05,434.5,Fiber optic,Electronic check,High ($65-95),Yes,3263,0.6845370441731936,1,Medium Risk
6680-WKXRZ,3,Month-to-month,74.4,215.8,Fiber optic,Bank transfer (automatic),High ($65-95),Yes,2054,0.7288884142809633,1,Medium Risk
7028-DVOIQ,35,Month-to-month,99.05,3395.8,Fiber optic,Electronic check,Premium (>$95),Yes,2074,0.815115039382621,1,High Risk
4208-UFFGW,2,Month-to-month,44.95,85.15,DSL,Mailed check,Medium ($35-65),Yes,5900,0.6215628874182361,1,Medium Risk
9448-REEVD,1,Month-to-month,44.7,44.7,DSL,Credit card (automatic),Medium ($35-65),Yes,3700,0.6097203912450506,1,Medium Risk
9117-SHLZX,1,Month-to-month,45.7,45.7,DSL,Mailed check,Medium ($35-65),Yes,3571,0.7236696232838888,1,Medium Risk
9889-TMAHG,8,Month-to-month,100.3,832.35,Fiber optic,Credit card (automatic),Premium (>$95),Yes,5084,0.6765977226430084,1,Medium Risk
4541-RMRLG,7,Month-to-month,19.25,112.3,No,Electronic check,Low (<$35),Yes,4489,0.18588486110728986,0,Very Low Risk
3158-MOERK,2,Month-to-month,96.0,174.8,Fiber optic,Electronic check,Premium (>$95),Yes,3391,0.9033823268654179,1,High Risk
7294-TMAOP,1,Month-to-month,90.55,90.55,Fiber optic,Electronic check,High ($65-95),Yes,2627,0.8371182702033636,1,High Risk
8919-FYFQZ,44,Month-to-month,30.35,1359.7,DSL,Electronic check,Low (<$35),Yes,4829,0.6390162848280756,1,Medium Risk
2834-JRTUA,71,Two year,108.05,7532.15,Fiber optic,Electronic check,Premium (>$95),Yes,5200,0.35772103618199824,0,Low Risk
5875-YPQFJ,1,Month-to-month,69.9,69.9,Fiber optic,Electronic check,High ($65-95),Yes,5367,0.8781786754300066,1,High Risk
6646-QVXLR,62,One year,103.75,6383.35,Fiber optic,Electronic check,Premium (>$95),Yes,5052,0.4763332666548123,0,Low Risk
8603-IJWDN,1,Month-to-month,86.6,86.6,Fiber optic,Electronic check,High ($65-95),Yes,5228,0.9023371702969959,1,High Risk
9369-XFEHK,33,Month-to-month,80.6,2656.5,Fiber optic,Bank transfer (automatic),High ($65-95),Yes,3601,0.553193272447427,1,Medium Risk
3842-IYKUE,35,Month-to-month,85.3,2917.5,Fiber optic,Credit card (automatic),High ($65-95),Yes,2455,0.3819557812972922,0,Low Risk
6641-XRPSU,34,Month-to-month,70.0,2416.1,Fiber optic,Credit card (automatic),High ($65-95),Yes,2318,0.5235937297778538,1,Medium Risk
1374-DMZUI,4,Month-to-month,94.3,424.45,Fiber optic,Electronic check,High ($65-95),Yes,5419,0.8987341897709801,1,High Risk
8357-EQXFO,7,Month-to-month,95.35,660.9,Fiber optic,Electronic check,Premium (>$95),Yes,3077,0.8617472149126499,1,High Risk
1989-PRJHP,27,Month-to-month,75.5,1893.95,Fiber optic,Electronic check,High ($65-95),Yes,2377,0.7578948040390204,1,High Risk
9524-EGPJC,18,Month-to-month,90.1,1612.75,Fiber optic,Electronic check,High ($65-95),Yes,4260,0.7094217571777919,1,Medium Risk
6993-OHLXR,2,Month-to-month,68.95,119.75,Fiber optic,Electronic check,High ($65-95),Yes,5225,0.7825799964372413,1,High Risk
8818-XYFCQ,32,Month-to-month,99.55,3204.65,Fiber optic,Credit card (automatic),Premium (>$95),Yes,5026,0.4845700904947604,0,Low Risk
4695-VADHF,18,Month-to-month,57.45,990.85,DSL,Electronic check,Medium ($35-65),Yes,2989,0.5069866651732875,1,Medium Risk
3863-IUBJR,12,One year,53.65,696.35,DSL,Credit card (automatic),Medium ($35-65),Yes,2595,0.3788974636762368,0,Low Risk
4822-RVYBB,8,Month-to-month,100.6,819.4,Fiber optic,Electronic check,Premium (>$95),Yes,5906,0.8866141961890558,1,High Risk
8436-BJUMM,26,Month-to-month,83.75,2070.6,Fiber optic,Electronic check,High ($65-95),Yes,2404,0.8041715148952798,1,High Risk
4184-TJFAN,3,Month-to-month,88.3,273.75,Fiber optic,Mailed check,High ($65-95),Yes,4486,0.69216647031011,1,Medium Risk
4145-UQXUQ,8,Month-to-month,92.1,729.95,Fiber optic,Electronic check,High ($65-95),Yes,5662,0.8494765780615501,1,High Risk
9948-YPTDG,38,Month-to-month,79.45,3013.05,Fiber optic,Electronic check,High ($65-95),Yes,2405,0.536041608720108,1,Medium Risk
1236-WFCDV,14,Month-to-month,90.45,1266.1,Fiber optic,Credit card (automatic),High ($65-95),Yes,4777,0.496117432766523,0,Low Risk
4883-QICIH,32,Month-to-month,69.75,2347.9,Fiber optic,Bank transfer (automatic),High ($65-95),Yes,2356,0.5406023925297183,1,Medium Risk
8329-IBCTI,1,Month-to-month,19.65,19.65,No,Mailed check,Low (<$35),Yes,5881,0.5597485978343869,1,Medium Risk
1271-SJBGZ,12,Month-to-month,43.65,526.95,DSL,Electronic check,Medium ($35-65),Yes,2437,0.5828705403845835,1,Medium Risk
5669-SRAIP,5,Month-to-month,39.5,210.75,DSL,Electronic check,Medium ($35-65),Yes,2863,0.6500387007952446,1,Medium Risk
5981-ITEMU,40,Month-to-month,97.1,3706.95,Fiber optic,Bank transfer (automatic),Premium (>$95),Yes,3099,0.6381682504902719,1,Medium Risk
6941-PMGEP,5,Month-to-month,80.0,412.5,Fiber optic,Electronic check,High ($65-95),Yes,3937,0.8798862692095979,1,High Risk
1624-WOIWJ,10,Month-to-month,84.7,832.05,Fiber optic,Mailed check,High ($65-95),Yes,5686,0.6618568417836675,1,Medium Risk
2074-GKOWZ,2,Month-to-month,89.55,185.55,Fiber optic,Bank transfer (automatic),High ($65-95),Yes,3851,0.7860393695161347,1,High Risk
0376-YMCJC,23,Month-to-month,90.6,1943.2,Fiber optic,Electronic check,High ($65-95),Yes,4359,0.6906982371216194,1,Medium Risk
0634-SZPQA,23,Month-to-month,90.05,2169.8,Fiber optic,Bank transfer (automatic),High ($65-95),Yes,4650,0.4784368485950359,0,Low Risk
5536-RTPWK,49,Month-to-month,99.05,4853.75,Fiber optic,Bank transfer (automatic),Premium (>$95),Yes,5157,0.5793295558819915,1,Medium Risk
6166-ILMNY,2,Month-to-month,69.75,144.55,Fiber optic,Bank transfer (automatic),High ($65-95),Yes,5667,0.7377027283807793,1,Medium Risk
3097-NNSPB,2,Month-to-month,49.05,91.1,DSL,Credit card (automatic),Medium ($35-65),Yes,2960,0.6179871267712702,1,Medium Risk
0655-RBDUG,7,Month-to-month,98.05,713.0,Fiber optic,Bank transfer (automatic),Premium (>$95),Yes,2561,0.7806282031784647,1,High Risk
4361-BKAXE,41,Month-to-month,114.5,4527.45,Fiber optic,Bank transfer (automatic),Premium (>$95),Yes,3038,0.47201680241657035,0,Low Risk
9878-TNQGW,2,Month-to-month,80.95,171.15,Fiber optic,Electronic check,High ($65-95),Yes,3533,0.8783311565212131,1,High Risk
4441-NIHPT,13,Month-to-month,74.3,940.35,Fiber optic,Electronic check,High ($65-95),Yes,2995,0.7716489587241928,1,High Risk
8999-BOHSE,11,Month-to-month,89.7,1047.7,Fiber optic,Bank transfer (automatic),High ($65-95),Yes,2202,0.6562366091836463,1,Medium Risk
7029-RPUAV,17,Month-to-month,100.45,1622.45,Fiber optic,Credit card (automatic),Premium (>$95),Yes,5508,0.6185893034025775,1,Medium Risk
4607-CHPCA,25,One year,90.4,2178.6,Fiber optic,Electronic check,High ($65-95),Yes,5801,0.5965934554102105,1,Medium Risk
8824-RWFXJ,3,Month-to-month,56.15,168.15,DSL,Mailed check,Medium ($35-65),Yes,2539,0.5846649504004843,1,Medium Risk
9763-PDTKK,4,Month-to-month,94.4,387.2,Fiber optic,Bank transfer (automatic),High ($65-95),Yes,4249,0.6516927966990331,1,Medium Risk
7627-JKIAZ,37,Month-to-month,78.95,2839.65,Fiber optic,Credit card (automatic),High ($65-95),Yes,3982,0.4969069733576322,0,Low Risk
4081-DYXAV,19,One year,44.85,893.55,DSL,Credit card (automatic),Medium ($35-65),Yes,5182,0.4953302140763762,0,Low Risk
8111-SLLHI,39,Month-to-month,105.65,4284.8,Fiber optic,Electronic check,Premium (>$95),Yes,4687,0.7420900442320447,1,Medium Risk
0927-LCSMG,7,Month-to-month,74.65,544.55,Fiber optic,Mailed check,High ($65-95),Yes,3331,0.606529561868456,1,Medium Risk
8257-RZAHR,14,Month-to-month,64.7,941.0,DSL,Bank transfer (automatic),Medium ($35-65),Yes,4049,0.4613131821174927,0,Low Risk
5293-WXJAK,11,Month-to-month,104.05,1133.65,Fiber optic,Bank transfer (automatic),Premium (>$95),Yes,4553,0.7451018087558073,1,Medium Risk
0841-NULXI,1,Month-to-month,35.55,35.55,DSL,Electronic check,Medium ($35-65),Yes,3958,0.8178460142312747,1,High Risk
7851-WZEKY,2,Month-to-month,95.15,196.9,Fiber optic,Electronic check,Premium (>$95),Yes,2414,0.9171652049847726,1,High Risk
8844-TONUD,13,Month-to-month,96.65,1162.85,Fiber optic,Mailed check,Premium (>$95),Yes,5295,0.7089075626308972,1,Medium Risk
4086-YQSNZ,3,Month-to-month,80.4,224.05,Fiber optic,Electronic check,High ($65-95),Yes,3834,0.8418211365058462,1,High Risk
5868-CZJDR,1,Month-to-month,31.35,31.35,DSL,Mailed check,Low (<$35),Yes,3605,0.6793961048072341,1,Medium Risk
0135-NMXAP,12,Month-to-month,89.75,1052.4,Fiber optic,Bank transfer (automatic),High ($65-95),Yes,5671,0.7014043141011276,1,Medium Risk
6270-OMFIW,60,One year,94.4,5610.25,Fiber optic,Electronic check,High ($65-95),Yes,4990,0.42235035536949944,0,Low Risk
0107-WESLM,1,Month-to-month,19.85,19.85,No,Electronic check,Low (<$35),Yes,3874,0.5157427702886115,1,Medium Risk
3992-YWPKO,6,Month-to-month,109.9,669.45,Fiber optic,Credit card (automatic),Premium (>$95),Yes,5750,0.7696050047320447,1,High Risk
0125-LZQXK,15,Month-to-month,101.35,1553.95,Fiber optic,Electronic check,Premium (>$95),Yes,3025,0.7012907107290134,1,Medium Risk
8399-YNDCH,21,Month-to-month,60.05,1236.15,DSL,Bank transfer (automatic),Medium ($35-65),Yes,4716,0.5227932038745342,1,Medium Risk
5673-FSSMF,1,Month-to-month,60.15,60.15,DSL,Electronic check,Medium ($35-65),Yes,4611,0.7544897687989812,1,High Risk
1579-KLYDT,7,Month-to-month,90.45,593.45,Fiber optic,Electronic check,High ($65-95),Yes,5356,0.8763621959635843,1,High Risk
3927-NLNRY,53,One year,94.25,4867.95,Fiber optic,Bank transfer (automatic),High ($65-95),Yes,5414,0.381374603350792,0,Low Risk
6358-LYNGM,1,Month-to-month,74.9,74.9,Fiber optic,Electronic check,High ($65-95),Yes,2548,0.8935214730988146,1,High Risk
5494-HECPR,1,Month-to-month,80.25,80.25,Fiber optic,Electronic check,High ($65-95),Yes,2502,0.888956616017189,1,High Risk
9824-BEMCV,17,Month-to-month,69.0,1149.65,Fiber optic,Electronic check,High ($65-95),Yes,3368,0.7904388987415245,1,High Risk
1373-ORVIZ,11,Month-to-month,66.35,740.8,DSL,Electronic check,High ($65-95),Yes,2860,0.6063922736122455,1,Medium Risk
9866-QEVEE,19,Month-to-month,86.0,1532.45,Fiber optic,Bank transfer (automatic),High ($65-95),Yes,4857,0.6217009093298271,1,Medium Risk
9897-KXHCM,3,Month-to-month,80.3,250.05,Fiber optic,Electronic check,High ($65-95),Yes,3212,0.8624217188722922,1,High Risk
7979-CORPM,24,Month-to-month,90.55,2282.55,Fiber optic,Credit card (automatic),High ($65-95),Yes,5927,0.5304317286883822,1,Medium Risk
1618-CFHME,2,Month-to-month,75.9,143.35,Fiber optic,Electronic check,High ($65-95),Yes,2101,0.8783628846433598,1,High Risk
3165-HDOEW,1,Month-to-month,45.85,45.85,DSL,Mailed check,Medium ($35-65),Yes,3706,0.671234768533881,1,Medium Risk
6581-NQCBA,16,Month-to-month,49.95,810.2,DSL,Electronic check,Medium ($35-65),Yes,4840,0.5822577885194375,1,Medium Risk
1689-MRZQR,34,Month-to-month,78.3,2564.3,Fiber optic,Electronic check,High ($65-95),Yes,2777,0.641132288287991,1,Medium Risk
5835-BEQEU,3,Month-to-month,76.95,228.4,Fiber optic,Electronic check,High ($65-95),Yes,4428,0.9024865006071705,1,High Risk
5565-FILXA,16,Month-to-month,96.15,1529.2,Fiber optic,Electronic check,Premium (>$95),Yes,5913,0.8656517270896011,1,High Risk
5552-ZNFSJ,1,Month-to-month,45.3,45.3,DSL,Electronic check,Medium ($35-65),Yes,4568,0.7497510104999879,1,Medium Risk
2223-KAGMX,15,Month-to-month,19.4,289.3,No,Bank transfer (automatic),Low (<$35),Yes,5379,0.37668538914480365,0,Low Risk
7321-PKUYW,11,Month-to-month,90.15,987.95,Fiber optic,Electronic check,High ($65-95),Yes,5250,0.6353712054754372,1,Medium Risk
2833-SLKDQ,1,Month-to-month,45.05,45.05,DSL,Mailed check,Medium ($35-65),Yes,4094,0.6490009862704063,1,Medium Risk
7595-EUIVN,1,Month-to-month,75.8,75.8,Fiber optic,Electronic check,High ($65-95),Yes,3940,0.6826796531891282,1,Medium Risk
2026-TGDHM,7,Month-to-month,79.3,523.15,Fiber optic,Electronic check,High ($65-95),Yes,3830,0.8770498288076027,1,High Risk
4030-VPZBD,2,Month-to-month,30.9,59.05,DSL,Electronic check,Low (<$35),Yes,2860,0.670978232938924,1,Medium Risk
4187-CINZD,46,One year,95.25,4424.2,Fiber optic,Credit card (automatic),Premium (>$95),Yes,3180,0.45758145125047556,0,Low Risk
6818-WOBHJ,68,Month-to-month,89.6,6127.6,Fiber optic,Bank transfer (automatic),High ($65-95),Yes,5651,0.48604562193864953,0,Low Risk
2408-TZMJL,59,One year,110.15,6448.05,Fiber optic,Electronic check,Premium (>$95),Yes,4601,0.43884345075114317,0,Low Risk
9134-CEQMF,7,Month-to-month,89.5,676.7,Fiber optic,Electronic check,High ($65-95),Yes,3077,0.8456983652630629,1,High Risk
7993-PYKOF,8,Month-to-month,75.0,632.95,Fiber optic,Electronic check,High ($65-95),Yes,2587,0.5675498133631568,1,Medium Risk
5027-XWQHA,6,Month-to-month,44.75,270.95,DSL,Electronic check,Medium ($35-65),Yes,2087,0.6801710205681453,1,Medium Risk
4566-QVRRW,11,Month-to-month,44.05,483.7,DSL,Electronic check,Medium ($35-65),Yes,3200,0.6584962252472227,1,Medium Risk
8519-IMDHU,15,Month-to-month,85.6,1345.55,Fiber optic,Bank transfer (automatic),High ($65-95),Yes,4981,0.697445786761475,1,Medium Risk
0201-OAMXR,70,One year,115.55,8127.6,Fiber optic,Credit card (automatic),Premium (>$95),Yes,4838,0.3621202834245106,0,Low Risk
3372-KWFBM,16,Month-to-month,86.6,1281.0,Fiber optic,Electronic check,High ($65-95),Yes,2508,0.8563705140646796,1,High Risk
7831-QGOXH,18,Month-to-month,85.2,1553.9,Fiber optic,Electronic check,High ($65-95),Yes,3326,0.8442196178555418,1,High Risk
6393-WRYZE,34,Month-to-month,97.65,3207.55,Fiber optic,Electronic check,Premium (>$95),Yes,3979,0.7880412694657929,1,High Risk
6599-RCLCJ,47,Month-to-month,109.55,5124.55,Fiber optic,Electronic check,Premium (>$95),Yes,5863,0.6627723739625558,1,Medium Risk
9831-BPFRI,39,One year,89.55,3474.45,Fiber optic,Electronic check,High ($65-95),Yes,3849,0.6165984117330373,1,Medium Risk
1725-MIMXW,1,Month-to-month,19.45,19.45,No,Mailed check,Low (<$35),Yes,5687,0.6130765513978453,1,Medium Risk
0031-PVLZI,4,Month-to-month,20.35,76.35,No,Mailed check,Low (<$35),Yes,4133,0.3483290109060281,0,Low Risk
7206-GZCDC,1,Month-to-month,69.25,69.25,Fiber optic,Electronic check,High ($65-95),Yes,4371,0.8691414196420982,1,High Risk
4791-QRGMF,59,One year,99.5,5961.1,Fiber optic,Bank transfer (automatic),Premium (>$95),Yes,6098,0.39580186926998406,0,Low Risk
1768-ZAIFU,1,Month-to-month,25.2,25.2,DSL,Electronic check,Low (<$35),Yes,5688,0.8373093512567743,1,High Risk
4671-LXRDQ,2,Month-to-month,45.0,96.45,DSL,Mailed check,Medium ($35-65),Yes,5704,0.7151129997532771,1,Medium Risk
1934-SJVJK,1,Month-to-month,20.15,20.15,No,Mailed check,Low (<$35),Yes,4103,0.5903743558754457,1,Medium Risk
3838-OZURD,66,Month-to-month,105.0,7133.25,Fiber optic,Credit card (automatic),Premium (>$95),Yes,5723,0.6354767844962557,1,Medium Risk
9269-CQOOL,3,Month-to-month,54.7,169.45,DSL,Credit card (automatic),Medium ($35-65),Yes,3335,0.6197189277490223,1,Medium Risk
2845-HSJCY,14,Month-to-month,87.25,1258.6,Fiber optic,Electronic check,High ($65-95),Yes,4786,0.829579109318083,1,High Risk
1184-PJVDB,10,Month-to-month,79.95,857.2,Fiber optic,Electronic check,High ($65-95),Yes,5640,0.8476565914217983,1,High Risk
9415-DPEWS,18,Month-to-month,88.35,1639.3,Fiber optic,Electronic check,High ($65-95),Yes,5727,0.7301755552528054,1,Medium Risk
7943-RQCHR,9,Month-to-month,94.75,889.9,Fiber optic,Electronic check,High ($65-95),Yes,2893,0.8927210874367565,1,High Risk
3793-MMFUH,13,Month-to-month,95.05,1290.0,Fiber optic,Electronic check,Premium (>$95),Yes,2230,0.872065059642326,1,High Risk
3249-ZPQRG,4,Month-to-month,78.45,330.05,Fiber optic,Electronic check,High ($65-95),Yes,5048,0.6480387935409128,1,Medium Risk
2568-BRGYX,4,Month-to-month,70.2,237.95,Fiber optic,Electronic check,High ($65-95),Yes,5094,0.8564414109193644,1,High Risk
7721-JXEAW,59,Month-to-month,41.05,2452.7,DSL,Bank transfer (automatic),Medium ($35-65),Yes,4324,0.38340851752616684,0,Low Risk
7249-WBIYX,10,Month-to-month,85.6,813.85,Fiber optic,Electronic check,High ($65-95),Yes,5146,0.8645782543667822,1,High Risk
6567-HOOPW,1,Month-to-month,79.2,79.2,Fiber optic,Electronic check,High ($65-95),Yes,4363,0.8854363315745596,1,High Risk
3164-AALRN,5,One year,70.0,347.4,DSL,Mailed check,High ($65-95),Yes,2673,0.5734703917292996,1,Medium Risk
3334-CTHOL,1,Month-to-month,49.95,49.95,DSL,Bank transfer (automatic),Medium ($35-65),Yes,2041,0.7058056088638388,1,Medium Risk
4704-ERYFC,22,Month-to-month,69.25,1554.0,Fiber optic,Electronic check,High ($65-95),Yes,2159,0.8032280597574915,1,High Risk
8621-MNIHH,34,Month-to-month,94.25,3217.55,Fiber optic,Electronic check,High ($65-95),Yes,3369,0.6710552789743329,1,Medium Risk
0471-LVHGK,41,One year,73.0,3001.2,DSL,Electronic check,High ($65-95),Yes,2041,0.3973535065564278,0,Low Risk
9518-RWHZL,64,One year,100.05,6254.2,Fiber optic,Credit card (automatic),Premium (>$95),Yes,5452,0.3432032161655496,0,Low Risk
5419-CONWX,4,Month-to-month,99.8,442.85,Fiber optic,Credit card (automatic),Premium (>$95),Yes,2268,0.6940008585568128,1,Medium Risk
6240-EURKS,18,Month-to-month,35.0,553.0,DSL,Electronic check,Low (<$35),Yes,2649,0.72708266498939,1,Medium Risk
6960-HVYXR,1,Month-to-month,76.0,76.0,Fiber optic,Electronic check,High ($65-95),Yes,2567,0.8046640634349077,1,High Risk
7024-OHCCK,2,Month-to-month,93.85,170.85,Fiber optic,Electronic check,High ($65-95),Yes,4193,0.903847271845071,1,High Risk
7861-UVUFT,15,Month-to-month,84.3,1308.4,Fiber optic,Electronic check,High ($65-95),Yes,4003,0.795321967953827,1,High Risk
5357-TZHPP,9,Month-to-month,84.4,732.5,Fiber optic,Credit card (automatic),High ($65-95),Yes,5745,0.6147617631546265,1,Medium Risk
0680-DFNNY,15,Month-to-month,101.1,1504.05,Fiber optic,Electronic check,Premium (>$95),Yes,2055,0.8454327893040342,1,High Risk
7767-UXAGJ,1,Month-to-month,50.45,50.45,DSL,Electronic check,Medium ($35-65),Yes,2928,0.7854188593617818,1,High Risk
1571-SAVHK,12,Month-to-month,99.95,1132.75,Fiber optic,Mailed check,Premium (>$95),Yes,5598,0.6928432670606491,1,Medium Risk
9546-CQJSU,2,Month-to-month,91.4,193.6,Fiber optic,Electronic check,High ($65-95),Yes,5100,0.8742112593058811,1,High Risk
0506-LVNGN,5,Month-to-month,75.55,349.65,Fiber optic,Credit card (automatic),High ($65-95),Yes,4028,0.6169389870573131,1,Medium Risk
2951-QOQTK,4,Month-to-month,80.8,332.45,Fiber optic,Credit card (automatic),High ($65-95),Yes,5436,0.660032991402975,1,Medium Risk
3473-XIIIT,16,Month-to-month,100.0,1534.75,Fiber optic,Electronic check,Premium (>$95),Yes,3794,0.803844012172358,1,High Risk
7893-IXHRQ,1,Month-to-month,20.55,20.55,No,Electronic check,Low (<$35),Yes,5636,0.48741422965488007,0,Low Risk
2952-QAYZF,5,Month-to-month,85.3,424.15,Fiber optic,Electronic check,High ($65-95),Yes,2264,0.8225446428240452,1,High Risk
4763-PGDPO,4,Month-to-month,70.4,281.0,Fiber optic,Electronic check,High ($65-95),Yes,4494,0.7718933204963487,1,High Risk
5394-SVGJV,37,Month-to-month,98.8,3475.55,Fiber optic,Bank transfer (automatic),Premium (>$95),Yes,3066,0.46512050549999046,0,Low Risk
9283-LZQOH,13,Month-to-month,74.4,896.75,Fiber optic,Credit card (automatic),High ($65-95),Yes,3687,0.6082879086182792,1,Medium Risk
7079-QRCBC,24,Month-to-month,98.75,2407.3,Fiber optic,Electronic check,Premium (>$95),Yes,4016,0.8155669462030798,1,High Risk
5469-CTCWN,61,One year,106.0,6547.7,Fiber optic,Electronic check,Premium (>$95),Yes,4334,0.32026006754109054,0,Low Risk
9851-QXEEQ,41,Month-to-month,104.7,4346.4,Fiber optic,Electronic check,Premium (>$95),Yes,3316,0.7352044078662305,1,Medium Risk
9809-IMGCQ,22,Month-to-month,96.7,2082.95,Fiber optic,Electronic check,Premium (>$95),Yes,4458,0.8535467796399161,1,High Risk
5208-HFSBT,2,Month-to-month,55.05,102.75,DSL,Credit card (automatic),Medium ($35-65),Yes,5855,0.544547008986385,1,Medium Risk
3254-YRILK,19,Month-to-month,88.2,1775.8,Fiber optic,Electronic check,High ($65-95),Yes,5683,0.8101644107988689,1,High Risk
2667-WYLWJ,8,One year,19.75,145.0,No,Mailed check,Low (<$35),Yes,2247,0.6943654883675354,1,Medium Risk
0529-ONKER,15,Month-to-month,75.65,1146.65,Fiber optic,Electronic check,High ($65-95),Yes,2099,0.669478668601173,1,Medium Risk
5240-IJOQT,1,Month-to-month,74.7,74.7,Fiber optic,Electronic check,High ($65-95),Yes,3348,0.8955842407083765,1,High Risk
1092-GANHU,17,Month-to-month,76.65,1313.55,Fiber optic,Electronic check,High ($65-95),Yes,3182,0.7446441259656951,1,Medium Risk
0661-XEYAN,1,Month-to-month,25.8,25.8,DSL,Mailed check,Low (<$35),Yes,3884,0.7971209995366536,1,High Risk
7881-EVUAD,2,Month-to-month,42.6,72.4,DSL,Electronic check,Medium ($35-65),Yes,4648,0.6101359342299891,1,Medium Risk
5766-XQXMQ,29,Month-to-month,68.85,1970.5,DSL,Bank transfer (automatic),High ($65-95),Yes,5449,0.26488372133852595,0,Low Risk
3703-VAVCL,2,Month-to-month,90.0,190.05,Fiber optic,Credit card (automatic),High ($65-95),Yes,3902,0.6306447695987579,1,Medium Risk
8519-QJGJD,14,Month-to-month,75.35,1025.95,Fiber optic,Electronic check,High ($65-95),Yes,4995,0.5983558843043776,1,Medium Risk
6326-MTTXK,8,Month-to-month,100.85,819.55,Fiber optic,Electronic check,Premium (>$95),Yes,3849,0.6626504006745619,1,Medium Risk
0330-IVZHA,5,Month-to-month,69.95,330.15,Fiber optic,Electronic check,High ($65-95),Yes,2969,0.7495116840041195,1,Medium Risk
2886-KEFUM,63,One year,107.5,6873.75,Fiber optic,Electronic check,Premium (>$95),Yes,6144,0.5004208265201928,1,Medium Risk
4237-RLAQD,1,Month-to-month,45.85,45.85,DSL,Mailed check,Medium ($35-65),Yes,5930,0.7216378945054209,1,Medium Risk
9651-GTSAQ,53,One year,106.1,5769.75,Fiber optic,Bank transfer (automatic),Premium (>$95),Yes,4471,0.3238938751804298,0,Low Risk
3186-BAXNB,1,Month-to-month,91.7,91.7,Fiber optic,Electronic check,High ($65-95),Yes,4319,0.6635859860990118,1,Medium Risk
0637-YLETY,16,Month-to-month,95.6,1555.65,Fiber optic,Credit card (automatic),Premium (>$95),Yes,5915,0.6375560464155026,1,Medium Risk
1157-BQCUW,1,Month-to-month,74.95,74.95,Fiber optic,Electronic check,High ($65-95),Yes,2591,0.8935214730988146,1,High Risk
2660-EMUBI,10,Month-to-month,95.35,898.35,Fiber optic,Electronic check,Premium (>$95),Yes,5353,0.8911035385093407,1,High Risk
7675-OZCZG,3,Month-to-month,45.0,127.1,DSL,Electronic check,Medium ($35-65),Yes,4145,0.6633677328724766,1,Medium Risk
2003-CKLOR,66,Month-to-month,99.5,6710.5,Fiber optic,Electronic check,Premium (>$95),Yes,4001,0.5046857361484055,1,Medium Risk
9254-RBFON,17,One year,98.6,1704.95,Fiber optic,Bank transfer (automatic),Premium (>$95),Yes,5160,0.3682115389918992,0,Low Risk
1205-WNWPJ,7,Month-to-month,59.5,415.95,DSL,Mailed check,Medium ($35-65),Yes,4661,0.4065822769018934,0,Low Risk
9391-EOYLI,12,Month-to-month,80.45,950.2,Fiber optic,Electronic check,High ($65-95),Yes,5374,0.8375415968568762,1,High Risk
8387-MOJJT,42,Month-to-month,77.95,3384.0,Fiber optic,Credit card (automatic),High ($65-95),Yes,5396,0.5484503551738602,1,Medium Risk
2761-OCIAX,2,Month-to-month,74.7,165.4,Fiber optic,Electronic check,High ($65-95),Yes,2803,0.7842674993729354,1,High Risk
3068-OMWZA,1,Month-to-month,88.8,88.8,Fiber optic,Electronic check,High ($65-95),Yes,3106,0.8791924144348097,1,High Risk
6032-KRXXO,30,Month-to-month,90.25,2755.35,Fiber optic,Electronic check,High ($65-95),Yes,5654,0.7603345536941727,1,High Risk
7459-RRWQZ,15,Month-to-month,64.65,994.55,DSL,Bank transfer (automatic),Medium ($35-65),Yes,4780,0.46307248988390126,0,Low Risk
4154-AQUGT,13,Month-to-month,89.05,1169.35,Fiber optic,Bank transfer (automatic),High ($65-95),Yes,3861,0.5504259356392491,1,Medium Risk
3092-IGHWF,67,One year,87.4,5918.8,Fiber optic,Electronic check,High ($65-95),Yes,4421,0.5242737402082773,1,Medium Risk
8017-LXHFA,23,Month-to-month,94.75,2293.6,Fiber optic,Electronic check,High ($65-95),Yes,2740,0.7242193015984626,1,Medium Risk
6352-TWCAU,35,Month-to-month,86.45,3029.1,Fiber optic,Electronic check,High ($65-95),Yes,5874,0.8237954843923554,1,High Risk
2929-QNSRW,56,One year,98.25,5508.35,Fiber optic,Electronic check,Premium (>$95),Yes,4886,0.4709586818096473,0,Low Risk
1262-OPMFY,9,Month-to-month,75.75,655.9,Fiber optic,Bank transfer (automatic),High ($65-95),Yes,5105,0.7166812599731114,1,Medium Risk
4248-QPAVC,17,Month-to-month,85.35,1463.45,Fiber optic,Bank transfer (automatic),High ($65-95),Yes,3209,0.4550651014748068,0,Low Risk
1899-VXWXM,48,One year,106.1,5082.8,Fiber optic,Credit card (automatic),Premium (>$95),Yes,5898,0.45149779857813066,0,Low Risk
4690-LLKUA,17,Month-to-month,45.05,770.6,DSL,Electronic check,Medium ($35-65),Yes,3797,0.7103679469638458,1,Medium Risk
3331-HQDTW,34,Month-to-month,109.8,3587.25,Fiber optic,Mailed check,Premium (>$95),Yes,3410,0.455126588962585,0,Low Risk
9490-DFPMD,42,Month-to-month,84.65,3541.35,Fiber optic,Electronic check,High ($65-95),Yes,4871,0.8077865397158807,1,High Risk
5442-XSDCW,11,Month-to-month,79.5,868.5,Fiber optic,Bank transfer (automatic),High ($65-95),Yes,3469,0.6975973188231704,1,Medium Risk
3049-NDXFL,1,Month-to-month,85.8,85.8,Fiber optic,Mailed check,High ($65-95),Yes,2850,0.7951314011997863,1,High Risk
8580-AECUZ,1,Month-to-month,79.1,79.1,Fiber optic,Electronic check,High ($65-95),Yes,5001,0.8826376807935529,1,High Risk
7963-GQRMY,3,Month-to-month,44.3,134.5,DSL,Mailed check,Medium ($35-65),Yes,4903,0.5241106584591779,1,Medium Risk
1228-FZFRV,50,Month-to-month,105.95,5341.8,Fiber optic,Credit card (automatic),Premium (>$95),Yes,5536,0.46553521105157364,0,Low Risk
2058-DCJBE,5,Month-to-month,69.75,324.6,Fiber optic,Electronic check,High ($65-95),Yes,3965,0.8549713414296107,1,High Risk
5364-XYIRR,51,Month-to-month,94.65,4812.75,Fiber optic,Electronic check,High ($65-95),Yes,4747,0.7733688708059706,1,High Risk
4829-AUOAX,46,Month-to-month,96.05,4399.5,Fiber optic,Bank transfer (automatic),Premium (>$95),Yes,2712,0.48470663821649995,0,Low Risk
5047-LHVLY,1,Month-to-month,50.15,50.15,DSL,Mailed check,Medium ($35-65),Yes,3438,0.7327634022735612,1,Medium Risk
9158-VCTQB,41,Month-to-month,113.6,4594.95,Fiber optic,Bank transfer (automatic),Premium (>$95),Yes,4963,0.514116856038559,1,Medium Risk
6311-UEUME,29,Month-to-month,78.9,2384.15,Fiber optic,Electronic check,High ($65-95),Yes,3249,0.7651766898342923,1,High Risk
6839-ITVZJ,26,Month-to-month,60.05,1616.15,DSL,Electronic check,Medium ($35-65),Yes,2039,0.37121202939223374,0,Low Risk
0375-HVGXO,1,Month-to-month,34.7,34.7,DSL,Electronic check,Low (<$35),Yes,4476,0.7998965842139357,1,High Risk
8593-WHYHV,3,Month-to-month,85.3,264.8,Fiber optic,Electronic check,High ($65-95),Yes,4934,0.8926875752869495,1,High Risk
6097-EQISJ,66,One year,102.45,6615.15,Fiber optic,Credit card (automatic),Premium (>$95),Yes,4688,0.3245703171888367,0,Low Risk
4423-YLHDV,21,Month-to-month,104.4,2200.25,Fiber optic,Bank transfer (automatic),Premium (>$95),Yes,5570,0.6869442693232386,1,Medium Risk
0107-YHINA,1,Month-to-month,99.75,99.75,Fiber optic,Electronic check,Premium (>$95),Yes,4214,0.8946463520443281,1,High Risk
8640-SDGKB,4,Month-to-month,74.4,299.7,DSL,Electronic check,High ($65-95),Yes,3633,0.503157086799842,1,Medium Risk
4116-TZAQJ,9,Month-to-month,74.25,639.65,Fiber optic,Credit card (automatic),High ($65-95),Yes,5393,0.5615824883989113,1,Medium Risk
3877-JRJIP,1,Month-to-month,59.85,59.85,DSL,Electronic check,Medium ($35-65),Yes,4017,0.6891960167493518,1,Medium Risk
8375-DKEBR,1,Month-to-month,69.6,69.6,Fiber optic,Electronic check,High ($65-95),Yes,3438,0.8776159533874257,1,High Risk
7511-YMXVQ,9,Month-to-month,45.4,418.8,DSL,Electronic check,Medium ($35-65),Yes,5028,0.7485586256565397,1,Medium Risk
7551-JOHTI,1,Month-to-month,19.5,19.5,No,Mailed check,Low (<$35),Yes,5211,0.5390463199669931,1,Medium Risk
9804-ICWBG,1,Month-to-month,69.9,69.9,Fiber optic,Electronic check,High ($65-95),Yes,3349,0.8781786754300066,1,High Risk
5318-IXUZF,2,Month-to-month,87.15,183.75,Fiber optic,Bank transfer (automatic),High ($65-95),Yes,4149,0.7371131754103898,1,Medium Risk
3198-VELRD,3,Month-to-month,84.75,264.85,Fiber optic,Bank transfer (automatic),High ($65-95),Yes,2014,0.8244480952387484,1,High Risk
9436-ZBZCT,14,Month-to-month,89.95,1178.4,Fiber optic,Electronic check,High ($65-95),Yes,5463,0.7384937029093064,1,Medium Risk
7279-BUYWN,41,Month-to-month,113.2,4689.5,Fiber optic,Electronic check,Premium (>$95),Yes,3380,0.5571519525199882,1,Medium Risk
7156-MHUGY,13,Month-to-month,90.5,1201.15,Fiber optic,Electronic check,High ($65-95),Yes,5394,0.8232823623779821,1,High Risk
7198-GLXTC,2,Month-to-month,79.0,143.65,Fiber optic,Electronic check,High ($65-95),Yes,5239,0.809334492998429,1,High Risk
0516-VRYBW,18,One year,20.15,390.85,No,Bank transfer (automatic),Low (<$35),Yes,4931,0.19251407106801596,0,Very Low Risk
8380-PEFPE,1,Month-to-month,71.65,71.65,Fiber optic,Electronic check,High ($65-95),Yes,2377,0.8977531364799701,1,High Risk
5687-DKDTV,4,Month-to-month,20.35,77.5,No,Mailed check,Low (<$35),Yes,5984,0.341171412933246,0,Low Risk
7530-HDYDS,38,Month-to-month,84.25,3264.5,Fiber optic,Credit card (automatic),High ($65-95),Yes,2885,0.3938417052078591,0,Low Risk
3096-IZETN,12,Month-to-month,78.1,947.3,Fiber optic,Bank transfer (automatic),High ($65-95),Yes,4741,0.5875568644561503,1,Medium Risk
5922-ABDVO,19,Month-to-month,89.65,1761.05,Fiber optic,Mailed check,High ($65-95),Yes,3046,0.5357409969121992,1,Medium Risk
9172-ANCRX,10,Month-to-month,98.7,973.25,Fiber optic,Electronic check,Premium (>$95),Yes,5561,0.8297550976381372,1,High Risk
6910-HADCM,1,Month-to-month,76.35,76.35,Fiber optic,Electronic check,High ($65-95),Yes,5613,0.7398770884634506,1,Medium Risk
4816-LXZYW,23,Month-to-month,79.15,1676.95,Fiber optic,Electronic check,High ($65-95),Yes,5216,0.7655228699411463,1,High Risk
9606-PBKBQ,32,Month-to-month,85.0,2642.05,Fiber optic,Electronic check,High ($65-95),Yes,4584,0.7764774786761385,1,High Risk
3536-IQCTX,32,Month-to-month,85.3,2661.1,Fiber optic,Electronic check,High ($65-95),Yes,2712,0.6555093088932158,1,Medium Risk
4911-BANWH,31,Month-to-month,86.55,2697.4,Fiber optic,Credit card (automatic),High ($65-95),Yes,4198,0.5668226723671154,1,Medium Risk
8496-EJAUI,19,Month-to-month,73.85,1424.5,Fiber optic,Credit card (automatic),High ($65-95),Yes,2251,0.521576212090657,1,Medium Risk
3132-TVFDZ,57,Month-to-month,44.85,2572.95,DSL,Electronic check,Medium ($35-65),Yes,5172,0.6281577112563287,1,Medium Risk
8080-DDEMJ,1,Month-to-month,45.1,45.1,DSL,Electronic check,Medium ($35-65),Yes,4499,0.7320330750935392,1,Medium Risk
6365-MTGZX,24,Month-to-month,96.0,2122.45,Fiber optic,Electronic check,Premium (>$95),Yes,3068,0.6700555071770857,1,Medium Risk
1349-WXNGG,1,Month-to-month,20.05,20.05,No,Bank transfer (automatic),Low (<$35),Yes,4710,0.6549935017527693,1,Medium Risk
6990-YNRIO,65,Two year,108.65,6937.95,Fiber optic,Bank transfer (automatic),Premium (>$95),Yes,6120,0.34245910771101973,0,Low Risk
0621-TWIEM,10,Month-to-month,45.55,402.6,DSL,Electronic check,Medium ($35-65),Yes,4097,0.7476045622335353,1,Medium Risk
2485-ITVKB,2,Month-to-month,35.1,68.75,DSL,Electronic check,Medium ($35-65),Yes,2643,0.7771421672966219,1,High Risk
3669-OYSJI,1,Month-to-month,46.2,46.2,DSL,Credit card (automatic),Medium ($35-65),Yes,4167,0.6151732103070552,1,Medium Risk
1612-EOHDH,1,Month-to-month,45.15,45.15,DSL,Electronic check,Medium ($35-65),Yes,5828,0.6821116684540495,1,Medium Risk
6702-OHFWR,1,Month-to-month,43.3,43.3,DSL,Electronic check,Medium ($35-65),Yes,4972,0.7683434689458223,1,High Risk
4510-PYUSH,38,Month-to-month,57.15,2250.65,DSL,Credit card (automatic),Medium ($35-65),Yes,3110,0.3299378505075529,0,Low Risk
7517-SAWMO,19,Month-to-month,73.2,1441.1,Fiber optic,Electronic check,High ($65-95),Yes,4718,0.63591957962734,1,Medium Risk
4143-HHPMK,52,Month-to-month,85.35,4338.6,Fiber optic,Electronic check,High ($65-95),Yes,6402,0.5945702278239396,1,Medium Risk
7054-LGEQW,1,Month-to-month,45.95,45.95,DSL,Mailed check,Medium ($35-65),Yes,4888,0.6149707905522492,1,Medium Risk
0923-PNFUB,3,Month-to-month,83.75,247.25,Fiber optic,Electronic check,High ($65-95),Yes,4852,0.6596499875078369,1,Medium Risk
3494-JCHRQ,1,Month-to-month,70.05,70.05,Fiber optic,Electronic check,High ($65-95),Yes,2699,0.8765877663390974,1,High Risk
6474-FVJLC,2,Month-to-month,86.0,165.45,Fiber optic,Electronic check,High ($65-95),Yes,4546,0.8940735603358213,1,High Risk
8840-DQLGN,35,Month-to-month,100.5,3653.35,Fiber optic,Bank transfer (automatic),Premium (>$95),Yes,4745,0.413098184994841,0,Low Risk
4547-LYTDD,16,Month-to-month,72.65,1194.3,Fiber optic,Electronic check,High ($65-95),Yes,2850,0.6500738747520581,1,Medium Risk
6770-XUAGN,1,Month-to-month,21.0,21.0,No,Electronic check,Low (<$35),Yes,3753,0.47047594072598037,0,Low Risk
4193-ORFCL,1,Month-to-month,45.1,45.1,DSL,Mailed check,Medium ($35-65),Yes,2740,0.6421533375687075,1,Medium Risk
7776-QWNFX,30,Month-to-month,50.4,1527.5,DSL,Bank transfer (automatic),Medium ($35-65),Yes,4795,0.40366602493561,0,Low Risk
6689-TCZHQ,5,Month-to-month,78.95,378.4,Fiber optic,Electronic check,High ($65-95),Yes,4054,0.769469961852152,1,High Risk
3143-ILDAL,56,Month-to-month,94.45,5124.6,Fiber optic,Electronic check,High ($65-95),Yes,4830,0.5264542032142953,1,Medium Risk
4720-VSTSI,44,Month-to-month,84.8,3862.55,Fiber optic,Bank transfer (automatic),High ($65-95),Yes,3997,0.5287660278423758,1,Medium Risk
3946-MHCZW,1,Month-to-month,50.9,50.9,DSL,Mailed check,Medium ($35-65),Yes,5111,0.6433395265235683,1,Medium Risk
6651-AZVTJ,49,Month-to-month,99.8,4872.45,Fiber optic,Electronic check,Premium (>$95),Yes,6088,0.7695494272676338,1,High Risk
4566-GOLUK,47,Month-to-month,107.35,5118.95,Fiber optic,Bank transfer (automatic),Premium (>$95),Yes,3620,0.5735489252058632,1,Medium Risk
2484-DGXPZ,31,Month-to-month,19.55,658.95,No,Mailed check,Low (<$35),Yes,2687,0.31309040874143307,0,Low Risk
4587-NUKOX,3,Month-to-month,79.1,246.5,Fiber optic,Electronic check,High ($65-95),Yes,5339,0.6783905356701682,1,Medium Risk
0420-BWTPW,8,Month-to-month,25.5,215.2,DSL,Mailed check,Low (<$35),Yes,5578,0.4567718449731939,0,Low Risk
8183-ONMXC,2,Month-to-month,80.75,159.45,Fiber optic,Electronic check,High ($65-95),Yes,2176,0.8041652702122906,1,High Risk
9614-RMGHA,65,Month-to-month,91.85,5940.85,Fiber optic,Bank transfer (automatic),High ($65-95),Yes,5530,0.4598774239453959,0,Low Risk
5054-IEXZT,1,Month-to-month,75.35,75.35,Fiber optic,Electronic check,High ($65-95),Yes,5284,0.8194450595472272,1,High Risk
5834-ASPWA,1,Month-to-month,75.45,75.45,Fiber optic,Electronic check,High ($65-95),Yes,5518,0.8935214730988146,1,High Risk
3948-XHGNA,24,Month-to-month,49.55,1210.4,DSL,Bank transfer (automatic),Medium ($35-65),Yes,5005,0.34689810557761974,0,Low Risk
0565-IYCGT,69,One year,78.6,5356.45,DSL,Credit card (automatic),High ($65-95),Yes,6230,0.2949226745771965,0,Low Risk
5445-UTODQ,7,Month-to-month,81.1,576.65,Fiber optic,Electronic check,High ($65-95),Yes,3238,0.8534422582092127,1,High Risk
1024-VRZHF,11,Month-to-month,74.95,825.7,Fiber optic,Electronic check,High ($65-95),Yes,2044,0.8610427453925739,1,High Risk
9497-QCMMS,1,Month-to-month,93.55,93.55,Fiber optic,Electronic check,High ($65-95),Yes,5536,0.9060996988121656,1,High Risk
0348-SDKOL,58,Month-to-month,102.1,5885.4,Fiber optic,Credit card (automatic),Premium (>$95),Yes,4415,0.46459052165449427,0,Low Risk
4373-MAVJG,14,Month-to-month,90.9,1259.0,Fiber optic,Bank transfer (automatic),High ($65-95),Yes,5148,0.6806386094871242,1,Medium Risk
8901-HJXTF,12,Month-to-month,29.2,309.1,DSL,Mailed check,Low (<$35),Yes,3747,0.403128209254654,0,Low Risk
5419-KLXBN,25,Month-to-month,89.15,2257.75,Fiber optic,Bank transfer (automatic),High ($65-95),Yes,5853,0.5438621118346741,1,Medium Risk
3424-NMNBO,58,One year,108.85,6287.25,Fiber optic,Electronic check,Premium (>$95),Yes,4739,0.4496297515066964,0,Low Risk
4514-GFCFI,16,Month-to-month,84.75,1350.15,Fiber optic,Electronic check,High ($65-95),Yes,5136,0.8555144342153482,1,High Risk
9828-AOQLM,1,Month-to-month,45.7,45.7,DSL,Electronic check,Medium ($35-65),Yes,3187,0.7459920256187018,1,Medium Risk
8000-REIQB,1,Month-to-month,69.95,69.95,Fiber optic,Electronic check,High ($65-95),Yes,3208,0.8776159533874257,1,High Risk
7615-ESMYF,2,Month-to-month,44.6,97.1,DSL,Electronic check,Medium ($35-65),Yes,5482,0.674861183942418,1,Medium Risk
3858-VOBET,23,Month-to-month,74.95,1710.45,Fiber optic,Electronic check,High ($65-95),Yes,5897,0.8087460979143759,1,High Risk
1447-PJGGA,57,Two year,95.25,5464.65,Fiber optic,Electronic check,Premium (>$95),Yes,5789,0.4961948969997721,0,Low Risk
8565-CLBZW,24,Month-to-month,89.85,2165.05,Fiber optic,Mailed check,High ($65-95),Yes,2050,0.5811865841973614,1,Medium Risk
9139-WQQDY,49,One year,100.45,4941.8,Fiber optic,Mailed check,Premium (>$95),Yes,4235,0.2455051478971285,0,Very Low Risk
0224-HJAPT,5,Month-to-month,47.15,223.15,DSL,Electronic check,Medium ($35-65),Yes,2857,0.7419894781301412,1,Medium Risk
8086-OVPWV,2,Month-to-month,80.2,181.1,Fiber optic,Electronic check,High ($65-95),Yes,2384,0.8777029201742266,1,High Risk
9430-FRQOC,4,Month-to-month,87.1,341.45,Fiber optic,Mailed check,High ($65-95),Yes,5587,0.727424394853115,1,Medium Risk
3074-GQWYX,5,Month-to-month,75.9,357.75,Fiber optic,Bank transfer (automatic),High ($65-95),Yes,3520,0.7858611453656091,1,High Risk
6845-RGTYS,47,Month-to-month,98.75,4533.7,Fiber optic,Electronic check,Premium (>$95),Yes,4622,0.5312805506388046,1,Medium Risk
8861-HGGKB,10,Month-to-month,86.45,830.85,Fiber optic,Electronic check,High ($65-95),Yes,5699,0.7302068059882498,1,Medium Risk
7065-YUNRY,1,Month-to-month,45.3,45.3,DSL,Mailed check,Medium ($35-65),Yes,3049,0.7220004410690127,1,Medium Risk
7694-VLBWQ,67,One year,104.1,7040.85,Fiber optic,Electronic check,Premium (>$95),Yes,4857,0.5487852182428821,1,Medium Risk
4795-KTRTH,5,Month-to-month,81.0,371.65,Fiber optic,Electronic check,High ($65-95),Yes,4287,0.8388765440951448,1,High Risk
6481-OGDOO,67,One year,90.6,6056.15,Fiber optic,Credit card (automatic),High ($65-95),Yes,4394,0.30079062120870786,0,Low Risk
3753-TSEMP,15,Month-to-month,88.15,1390.6,Fiber optic,Electronic check,High ($65-95),Yes,2524,0.7209071577838525,1,Medium Risk
8305-VHZBZ,1,Month-to-month,20.2,20.2,No,Mailed check,Low (<$35),Yes,4325,0.6416214107435374,1,Medium Risk
9172-JITSM,26,Month-to-month,90.8,2361.8,Fiber optic,Electronic check,High ($65-95),Yes,2641,0.7668974805283837,1,High Risk
6298-QDFNH,22,Month-to-month,79.35,1730.35,Fiber optic,Electronic check,High ($65-95),Yes,4718,0.7853962483487503,1,High Risk
9961-JBNMK,21,Month-to-month,96.8,2030.3,Fiber optic,Bank transfer (automatic),Premium (>$95),Yes,4317,0.6385386427449524,1,Medium Risk
6173-ITPWD,47,Month-to-month,83.35,4065.0,Fiber optic,Bank transfer (automatic),High ($65-95),Yes,2516,0.5897491616646416,1,Medium Risk
9734-UYXQI,2,Month-to-month,49.4,106.55,DSL,Electronic check,Medium ($35-65),Yes,5115,0.7619432879341913,1,High Risk
2189-UXTKY,22,Month-to-month,79.2,1742.75,DSL,Electronic check,High ($65-95),Yes,3410,0.46747470799208757,0,Low Risk
4958-GZWIY,7,Month-to-month,48.7,340.25,DSL,Electronic check,Medium ($35-65),Yes,2984,0.646195177553248,1,Medium Risk
6356-ELRKD,1,Month-to-month,95.6,95.6,Fiber optic,Electronic check,Premium (>$95),Yes,4091,0.8247481220246656,1,High Risk
8624-GIOUT,49,Month-to-month,59.75,2934.3,DSL,Credit card (automatic),Medium ($35-65),Yes,6006,0.304723690474596,0,Low Risk
6179-GJPSO,43,Month-to-month,108.15,4600.7,Fiber optic,Credit card (automatic),Premium (>$95),Yes,2833,0.493498331996164,0,Low Risk
3177-LASXD,1,Month-to-month,71.35,71.35,Fiber optic,Electronic check,High ($65-95),Yes,2619,0.8144291261267824,1,High Risk
4897-QSUYC,1,Month-to-month,20.15,20.15,No,Mailed check,Low (<$35),Yes,4939,0.653298335853494,1,Medium Risk
1084-UQCHV,1,Month-to-month,69.75,69.75,Fiber optic,Bank transfer (automatic),High ($65-95),Yes,2901,0.762833691368948,1,High Risk
8290-YWKHZ,32,Month-to-month,93.2,2931.0,Fiber optic,Electronic check,High ($65-95),Yes,5247,0.7749265271348691,1,High Risk
2955-BJZHG,17,Month-to-month,80.85,1400.85,Fiber optic,Electronic check,High ($65-95),Yes,5174,0.6627614166942268,1,Medium Risk
3806-DXQOM,4,Month-to-month,33.65,137.85,DSL,Electronic check,Low (<$35),Yes,2563,0.6382196770158316,1,Medium Risk
9300-RENDD,1,Month-to-month,79.95,79.95,Fiber optic,Electronic check,High ($65-95),Yes,4815,0.8889674210402913,1,High Risk
0761-AETCS,1,Month-to-month,19.3,19.3,No,Electronic check,Low (<$35),Yes,3236,0.44901261898036565,0,Low Risk
2153-MREFK,37,One year,99.2,3754.6,Fiber optic,Electronic check,Premium (>$95),Yes,3599,0.5124832945888277,1,Medium Risk
3106-ULWFW,8,Month-to-month,85.2,627.4,Fiber optic,Credit card (automatic),High ($65-95),Yes,2887,0.7211704854268309,1,Medium Risk
0925-VYDLG,3,Month-to-month,75.25,242.0,Fiber optic,Electronic check,High ($65-95),Yes,5898,0.7682815773353479,1,High Risk
4349-GFQHK,1,Month-to-month,54.35,54.35,DSL,Electronic check,Medium ($35-65),Yes,4212,0.7170510956814212,1,Medium Risk
7802-EFKNY,5,Month-to-month,24.95,100.4,DSL,Electronic check,Low (<$35),Yes,5865,0.7593464565891366,1,High Risk
8035-BUYVG,40,One year,42.35,1716.45,DSL,Electronic check,Medium ($35-65),Yes,5422,0.3860311886419261,0,Low Risk
9787-XVQIU,1,Month-to-month,75.3,75.3,Fiber optic,Electronic check,High ($65-95),Yes,3596,0.8935214730988146,1,High Risk
8945-MUQUF,51,One year,94.8,4837.6,Fiber optic,Electronic check,High ($65-95),Yes,5074,0.3423441692645745,0,Low Risk
8051-HJRLT,1,Month-to-month,70.55,70.55,Fiber optic,Electronic check,High ($65-95),Yes,2146,0.877452165969619,1,High Risk
3023-GFLBR,33,Month-to-month,86.15,2745.7,Fiber optic,Credit card (automatic),High ($65-95),Yes,3336,0.5109957946784135,1,Medium Risk
0524-IAVZO,30,Month-to-month,85.0,2624.25,Fiber optic,Electronic check,High ($65-95),Yes,3698,0.7685052037580224,1,High Risk
2737-YNGYW,2,Month-to-month,80.55,184.1,Fiber optic,Electronic check,High ($65-95),Yes,2856,0.8041652702122906,1,High Risk
5159-YFPKQ,2,Month-to-month,75.8,160.75,Fiber optic,Electronic check,High ($65-95),Yes,5270,0.8246891828919491,1,High Risk
4021-RQSNY,29,Month-to-month,98.5,3004.15,Fiber optic,Electronic check,Premium (>$95),Yes,5137,0.8012520481876974,1,High Risk
9061-TIHDA,13,Month-to-month,95.25,1233.65,Fiber optic,Electronic check,Premium (>$95),Yes,2982,0.8551909071651153,1,High Risk
8699-ASUFO,7,Month-to-month,74.4,527.9,Fiber optic,Mailed check,High ($65-95),Yes,4969,0.7601715822736523,1,High Risk
7927-AUXBZ,30,Month-to-month,85.15,2555.9,Fiber optic,Electronic check,High ($65-95),Yes,4417,0.6508911805757349,1,Medium Risk
4695-WJZUE,2,Month-to-month,88.55,179.25,Fiber optic,Electronic check,High ($65-95),Yes,3685,0.8794825136563805,1,High Risk
7619-ODSGN,24,Month-to-month,54.75,1338.15,DSL,Electronic check,Medium ($35-65),Yes,5699,0.3510960391440503,0,Low Risk
3988-RQIXO,1,Month-to-month,91.3,91.3,Fiber optic,Electronic check,High ($65-95),Yes,2371,0.8945593985524581,1,High Risk
2514-GINMM,1,Month-to-month,79.5,79.5,Fiber optic,Electronic check,High ($65-95),Yes,4490,0.8893884736718703,1,High Risk
5931-FLJJF,7,Month-to-month,70.1,467.55,Fiber optic,Mailed check,High ($65-95),Yes,3669,0.7478690656691548,1,Medium Risk
2659-VXMWZ,67,One year,111.3,7482.1,Fiber optic,Electronic check,Premium (>$95),Yes,4146,0.36593179952297866,0,Low Risk
3207-OYBWH,57,Month-to-month,95.25,5427.05,Fiber optic,Bank transfer (automatic),Premium (>$95),Yes,6259,0.502890314473422,1,Medium Risk
4285-GYRQC,7,Month-to-month,86.25,587.1,Fiber optic,Electronic check,High ($65-95),Yes,3344,0.8315208038926982,1,High Risk
7216-EWTRS,1,Month-to-month,100.8,100.8,Fiber optic,Electronic check,Premium (>$95),Yes,3128,0.8927263409073214,1,High Risk
8337-MSSXB,14,Month-to-month,86.3,1180.95,Fiber optic,Electronic check,High ($65-95),Yes,3677,0.7513236039581191,1,High Risk
8182-BJDSI,28,Month-to-month,89.95,2625.55,Fiber optic,Electronic check,High ($65-95),Yes,2468,0.7386451536893647,1,Medium Risk
2528-HFYZX,17,Month-to-month,76.45,1233.4,Fiber optic,Electronic check,High ($65-95),Yes,3266,0.7356856430834878,1,Medium Risk
2482-CZGBB,10,Month-to-month,70.0,740.0,Fiber optic,Electronic check,High ($65-95),Yes,3156,0.843298541963045,1,High Risk
0866-QLSIR,34,One year,64.4,2088.75,DSL,Mailed check,Medium ($35-65),Yes,5189,0.07449057012857226,0,Very Low Risk
7181-BQYBV,1,Month-to-month,102.45,102.45,Fiber optic,Electronic check,Premium (>$95),Yes,4811,0.796891099401602,1,High Risk
6204-IEUXJ,3,Month-to-month,80.1,217.55,Fiber optic,Credit card (automatic),High ($65-95),Yes,4330,0.7226281860926594,1,Medium Risk
4529-CKBCL,2,Month-to-month,80.2,146.05,Fiber optic,Electronic check,High ($65-95),Yes,4381,0.8843318052253841,1,High Risk
2506-CLAKW,6,Month-to-month,98.15,567.45,Fiber optic,Bank transfer (automatic),Premium (>$95),Yes,3578,0.7279936544445954,1,Medium Risk
1583-IHQZE,12,Month-to-month,112.95,1384.75,Fiber optic,Mailed check,Premium (>$95),Yes,3965,0.6745950655240701,1,Medium Risk
0151-ONTOV,1,Month-to-month,70.9,70.9,Fiber optic,Mailed check,High ($65-95),Yes,4739,0.7892051845533232,1,High Risk
4140-MUHUG,3,Month-to-month,86.85,220.95,Fiber optic,Electronic check,High ($65-95),Yes,3561,0.8462102536475985,1,High Risk
0320-JDNQG,23,Month-to-month,99.85,2331.3,Fiber optic,Electronic check,Premium (>$95),Yes,3425,0.6664420026957865,1,Medium Risk
7180-PISOG,1,Month-to-month,74.5,74.5,Fiber optic,Electronic check,High ($65-95),Yes,5554,0.8793936578686576,1,High Risk
3571-RFHAR,65,Month-to-month,109.15,6941.2,Fiber optic,Electronic check,Premium (>$95),Yes,6001,0.5267776723489488,1,Medium Risk
9578-VRMNM,16,Month-to-month,65.2,1043.35,DSL,Credit card (automatic),High ($65-95),Yes,4722,0.5289702195355885,1,Medium Risk
1587-FKLZB,66,Month-to-month,99.5,6822.15,Fiber optic,Credit card (automatic),Premium (>$95),Yes,4479,0.5538059786123203,1,Medium Risk
6140-QNRQQ,1,Month-to-month,71.55,71.55,Fiber optic,Mailed check,High ($65-95),Yes,5739,0.791951182414736,1,High Risk
4307-KTUMW,53,Month-to-month,93.9,5029.2,Fiber optic,Electronic check,High ($65-95),Yes,5543,0.474823759746702,0,Low Risk
5440-FLBQG,69,Two year,108.4,7318.2,Fiber optic,Bank transfer (automatic),Premium (>$95),Yes,4708,0.2944639137815137,0,Low Risk
7470-MCQTK,13,Month-to-month,48.75,633.4,DSL,Bank transfer (automatic),Medium ($35-65),Yes,2655,0.5071230931414601,1,Medium Risk
7488-MXJIV,4,Month-to-month,85.65,321.65,Fiber optic,Electronic check,High ($65-95),Yes,3223,0.8901188857747064,1,High Risk
2027-FECZV,12,Month-to-month,106.7,1253.9,Fiber optic,Electronic check,Premium (>$95),Yes,2406,0.8014079293653481,1,High Risk
2672-DZUOY,1,Month-to-month,25.15,25.15,DSL,Electronic check,Low (<$35),Yes,5386,0.8302270107204112,1,High Risk
3870-MQAMG,54,One year,110.35,5893.15,Fiber optic,Electronic check,Premium (>$95),Yes,6189,0.4942298593482923,0,Low Risk
4800-CZMPC,48,One year,103.25,5037.55,Fiber optic,Credit card (automatic),Premium (>$95),Yes,4736,0.38093670411437025,0,Low Risk
7377-DMMRI,2,Month-to-month,47.8,92.45,DSL,Electronic check,Medium ($35-65),Yes,4134,0.6751280020655489,1,Medium Risk
8949-JTMAY,29,Month-to-month,98.6,2933.2,Fiber optic,Credit card (automatic),Premium (>$95),Yes,5144,0.5568395027497824,1,Medium Risk
2774-LVQUS,15,Month-to-month,83.05,1258.3,Fiber optic,Electronic check,High ($65-95),Yes,2596,0.7038175291085377,1,Medium Risk
3211-ILJTT,17,Month-to-month,70.4,1214.05,Fiber optic,Bank transfer (automatic),High ($65-95),Yes,4469,0.6083334709737329,1,Medium Risk
4612-THJBS,56,One year,104.75,5510.65,Fiber optic,Bank transfer (automatic),Premium (>$95),Yes,5605,0.36856583686119093,0,Low Risk
4094-NSEDU,21,Month-to-month,94.25,1973.75,Fiber optic,Electronic check,High ($65-95),Yes,4819,0.850060650468579,1,High Risk
5103-MHMHY,1,Month-to-month,45.95,45.95,DSL,Mailed check,Medium ($35-65),Yes,4563,0.45860231399282514,0,Low Risk
1846-XWOQN,1,Month-to-month,70.15,70.15,Fiber optic,Electronic check,High ($65-95),Yes,2825,0.8760250442965165,1,High Risk
0235-KGSLC,1,Month-to-month,85.55,85.55,Fiber optic,Credit card (automatic),High ($65-95),Yes,3967,0.7278063888133484,1,Medium Risk
2884-GBPFB,35,Month-to-month,70.3,2416.55,Fiber optic,Electronic check,High ($65-95),Yes,5413,0.7515817229133321,1,High Risk
3757-NJYBX,32,Month-to-month,106.35,3520.75,Fiber optic,Bank transfer (automatic),Premium (>$95),Yes,4113,0.5542187790287609,1,Medium Risk
5136-KCKGI,33,One year,103.7,3467.0,Fiber optic,Mailed check,Premium (>$95),Yes,4461,0.4419128521338391,0,Low Risk
3722-WPXTK,1,Month-to-month,88.35,88.35,Fiber optic,Electronic check,High ($65-95),Yes,4254,0.8929128940673973,1,High Risk
2929-ERCFZ,8,Month-to-month,94.2,777.3,Fiber optic,Electronic check,High ($65-95),Yes,2939,0.8442544384810645,1,High Risk
7548-SEPYI,5,Month-to-month,96.25,512.45,Fiber optic,Electronic check,Premium (>$95),Yes,5056,0.8269216253225476,1,High Risk
8835-VSDSE,2,Month-to-month,70.7,141.45,Fiber optic,Electronic check,High ($65-95),Yes,4559,0.8356745913190261,1,High Risk
1623-NLDOT,42,One year,33.55,1445.3,DSL,Mailed check,Low (<$35),Yes,2044,0.45130104749921685,0,Low Risk
9898-KZQDZ,40,Month-to-month,94.55,3640.45,Fiber optic,Credit card (automatic),High ($65-95),Yes,5676,0.620275721349678,1,Medium Risk
5236-PERKL,57,Two year,112.95,6465.0,Fiber optic,Bank transfer (automatic),Premium (>$95),Yes,4738,0.21188751182513454,0,Very Low Risk
7854-FOKSF,1,Month-to-month,35.9,35.9,DSL,Electronic check,Medium ($35-65),Yes,4747,0.7499071822012529,1,Medium Risk
2519-FAKOD,38,Month-to-month,99.25,3777.15,Fiber optic,Bank transfer (automatic),Premium (>$95),Yes,5274,0.6084838677677968,1,Medium Risk
8263-JQAIK,2,Month-to-month,24.45,47.5,DSL,Mailed check,Low (<$35),Yes,5573,0.7288185420334627,1,Medium Risk
7089-IVVAZ,8,Month-to-month,103.35,847.3,Fiber optic,Bank transfer (automatic),Premium (>$95),Yes,2363,0.7286920262447556,1,Medium Risk
2205-YMZZJ,7,Month-to-month,84.8,546.95,Fiber optic,Electronic check,High ($65-95),Yes,2015,0.8885925569423416,1,High Risk
1254-IZEYF,31,Month-to-month,99.95,3186.65,Fiber optic,Electronic check,Premium (>$95),Yes,5362,0.7450673227073265,1,Medium Risk
9492-TOKRI,18,Month-to-month,90.0,1527.35,Fiber optic,Credit card (automatic),High ($65-95),Yes,2708,0.5997641673772797,1,Medium Risk
9221-OTIVJ,14,Month-to-month,104.85,1531.4,Fiber optic,Electronic check,Premium (>$95),Yes,2292,0.8219054110170114,1,High Risk
3325-FUYCG,28,One year,106.1,2847.4,Fiber optic,Electronic check,Premium (>$95),Yes,3770,0.3444135826312489,0,Low Risk
5908-QMGOE,15,Month-to-month,74.2,1133.9,Fiber optic,Credit card (automatic),High ($65-95),Yes,4553,0.5895525555220816,1,Medium Risk
8481-YYXWG,5,Month-to-month,89.35,461.7,Fiber optic,Electronic check,High ($65-95),Yes,4584,0.696206787341335,1,Medium Risk
2609-IAICY,1,Month-to-month,77.15,77.15,Fiber optic,Electronic check,High ($65-95),Yes,2756,0.8884813800272658,1,High Risk
1740-CSDJP,1,Month-to-month,35.25,35.25,DSL,Bank transfer (automatic),Medium ($35-65),Yes,2548,0.7262532223998135,1,Medium Risk
2636-OHFMN,4,Month-to-month,48.55,201.0,DSL,Electronic check,Medium ($35-65),Yes,3955,0.7260420392596769,1,Medium Risk
1323-OOEPC,53,Month-to-month,98.4,5149.5,Fiber optic,Credit card (automatic),Premium (>$95),Yes,6481,0.521659527578406,1,Medium Risk
0397-GZBBC,59,Month-to-month,93.85,5574.75,Fiber optic,Bank transfer (automatic),High ($65-95),Yes,5390,0.564637517353623,1,Medium Risk
7641-EUYET,46,Month-to-month,100.7,4541.2,Fiber optic,Electronic check,Premium (>$95),Yes,5712,0.5848799958993228,1,Medium Risk
9921-ZVRHG,14,Month-to-month,80.45,1072.0,Fiber optic,Electronic check,High ($65-95),Yes,4155,0.8151607769680247,1,High Risk
4701-MLJPN,31,Month-to-month,55.25,1715.65,DSL,Electronic check,Medium ($35-65),Yes,2933,0.2999714620426465,0,Low Risk
9206-GVPEQ,13,Month-to-month,54.45,706.85,DSL,Electronic check,Medium ($35-65),Yes,5212,0.5698498223269941,1,Medium Risk
1596-BBVTG,35,Month-to-month,75.35,2636.05,Fiber optic,Credit card (automatic),High ($65-95),Yes,2785,0.42157990828396563,0,Low Risk
8433-WXGNA,2,Month-to-month,75.7,189.2,Fiber optic,Electronic check,High ($65-95),Yes,4676,0.6991431042684505,1,Medium Risk
3707-GNWHM,1,Month-to-month,74.25,74.25,Fiber optic,Mailed check,High ($65-95),Yes,4750,0.8150437123839583,1,High Risk
8922-LIEGH,25,Month-to-month,89.7,2187.55,Fiber optic,Electronic check,High ($65-95),Yes,4078,0.7801047924553234,1,High Risk
8245-UMPYT,16,Month-to-month,96.4,1581.2,Fiber optic,Electronic check,Premium (>$95),Yes,2688,0.8656517270896011,1,High Risk
5186-SAMNZ,1,Month-to-month,69.5,69.5,Fiber optic,Bank transfer (automatic),High ($65-95),Yes,3273,0.7411077662717935,1,Medium Risk
5373-SFODM,36,Month-to-month,85.25,3132.75,Fiber optic,Credit card (automatic),High ($65-95),Yes,3041,0.5379920549208617,1,Medium Risk
5766-ZJYBB,1,Month-to-month,19.4,19.4,No,Mailed check,Low (<$35),Yes,4152,0.46937516124299683,0,Low Risk
8931-GJJIQ,9,Month-to-month,83.3,803.3,Fiber optic,Electronic check,High ($65-95),Yes,3520,0.883274410979825,1,High Risk
4277-PVRAN,8,Month-to-month,80.1,679.3,Fiber optic,Bank transfer (automatic),High ($65-95),Yes,5071,0.734456133916846,1,Medium Risk
0022-TCJCI,45,One year,62.7,2791.5,DSL,Credit card (automatic),Medium ($35-65),Yes,2654,0.3288086723050769,0,Low Risk
0203-HHYIJ,25,One year,25.3,676.35,No,Bank transfer (automatic),Low (<$35),Yes,3779,0.21800588837197796,0,Very Low Risk
0952-KMEEH,13,Month-to-month,98.15,1230.25,Fiber optic,Mailed check,Premium (>$95),Yes,5525,0.4627316677890295,0,Low Risk
8178-EYZUO,46,Month-to-month,93.7,4154.8,Fiber optic,Electronic check,High ($65-95),Yes,3378,0.5216340731429252,1,Medium Risk
5130-IEKQT,25,Month-to-month,105.95,2655.25,Fiber optic,Mailed check,Premium (>$95),Yes,4283,0.5721389415706873,1,Medium Risk
3230-WYKIR,18,One year,82.0,1425.45,DSL,Credit card (automatic),High ($65-95),Yes,3306,0.3861199094143929,0,Low Risk
0407-BDJKB,60,Month-to-month,95.75,5742.9,Fiber optic,Electronic check,Premium (>$95),Yes,4129,0.689883026901154,1,Medium Risk
9600-UDOPK,30,Month-to-month,94.05,2866.45,Fiber optic,Credit card (automatic),High ($65-95),Yes,4095,0.5703658816466683,1,Medium Risk
4074-SJFFA,1,Month-to-month,54.75,54.75,DSL,Mailed check,Medium ($35-65),Yes,2614,0.7133528233085865,1,Medium Risk
3269-ATYWD,39,Month-to-month,95.65,3759.05,Fiber optic,Bank transfer (automatic),Premium (>$95),Yes,4892,0.6231330342506545,1,Medium Risk
4910-GMJOT,1,Month-to-month,94.6,94.6,Fiber optic,Electronic check,High ($65-95),Yes,4033,0.9062197079242487,1,High Risk
0354-WYROK,31,Month-to-month,98.9,2911.3,Fiber optic,Electronic check,Premium (>$95),Yes,4050,0.6490132907636992,1,Medium Risk
7576-OYWBN,3,Month-to-month,76.05,231.8,Fiber optic,Electronic check,High ($65-95),Yes,2930,0.8795618011032833,1,High Risk
5539-TMZLF,1,Month-to-month,69.75,69.75,Fiber optic,Electronic check,High ($65-95),Yes,5057,0.8718439641735519,1,High Risk
4323-SADQS,7,Month-to-month,34.5,279.25,DSL,Electronic check,Low (<$35),Yes,3520,0.2660434699229766,0,Low Risk
4446-BZKHU,61,Month-to-month,105.55,6281.45,Fiber optic,Electronic check,Premium (>$95),Yes,5011,0.7276751057903481,1,Medium Risk
5202-IVJNU,39,Month-to-month,30.1,1131.3,DSL,Credit card (automatic),Low (<$35),Yes,3106,0.4587142733617429,0,Low Risk
5976-JCJRH,10,Month-to-month,70.3,738.2,Fiber optic,Electronic check,High ($65-95),Yes,2162,0.8304605377470956,1,High Risk
0137-OCGAB,1,Month-to-month,80.2,80.2,Fiber optic,Mailed check,High ($65-95),Yes,3056,0.7564667422540308,1,High Risk
3351-NQLDI,67,One year,94.35,6341.45,Fiber optic,Credit card (automatic),High ($65-95),Yes,4348,0.30942900327396056,0,Low Risk
7593-JNWRU,6,Month-to-month,44.6,260.8,DSL,Bank transfer (automatic),Medium ($35-65),Yes,4525,0.40147026512535783,0,Low Risk
4588-YBNIB,1,Month-to-month,19.6,19.6,No,Mailed check,Low (<$35),Yes,4205,0.6408742035429036,1,Medium Risk
3336-JORSO,33,Month-to-month,110.45,3655.45,Fiber optic,Electronic check,Premium (>$95),Yes,3401,0.6176047996188694,1,Medium Risk
5028-GZLDO,2,Month-to-month,70.7,140.7,Fiber optic,Credit card (automatic),High ($65-95),Yes,5317,0.6479190840240662,1,Medium Risk
6861-XWTWQ,7,Month-to-month,99.25,665.45,Fiber optic,Electronic check,Premium (>$95),Yes,2487,0.8835249742693911,1,High Risk
6877-TJMBR,1,Month-to-month,84.8,84.8,Fiber optic,Electronic check,High ($65-95),Yes,2627,0.7316085472324159,1,Medium Risk
6769-DCQLI,52,One year,105.0,5426.85,Fiber optic,Bank transfer (automatic),Premium (>$95),Yes,4630,0.4862611568458554,0,Low Risk
2433-KMEAS,22,Month-to-month,54.45,1127.35,DSL,Electronic check,Medium ($35-65),Yes,2445,0.5544073497514002,1,Medium Risk
2195-ZRVAX,47,Month-to-month,85.3,4045.65,Fiber optic,Electronic check,High ($65-95),Yes,3631,0.6964232947493145,1,Medium Risk
3550-SAHFP,33,Month-to-month,83.35,2757.85,Fiber optic,Electronic check,High ($65-95),Yes,5456,0.7853748917493678,1,High Risk
2011-TRQYE,18,Month-to-month,33.5,600.0,DSL,Credit card (automatic),Low (<$35),Yes,5474,0.3857817687245154,0,Low Risk
4873-ILOLJ,24,Month-to-month,90.35,2238.5,Fiber optic,Electronic check,High ($65-95),Yes,5546,0.7786577421787798,1,High Risk
2725-KXXWT,1,Month-to-month,90.75,90.75,Fiber optic,Electronic check,High ($65-95),Yes,5460,0.8746480433887989,1,High Risk
9565-DJPIB,4,Month-to-month,89.6,365.65,Fiber optic,Mailed check,High ($65-95),Yes,4689,0.6657910652164277,1,Medium Risk
8348-HFYIV,2,Month-to-month,49.25,90.35,DSL,Electronic check,Medium ($35-65),Yes,5775,0.7878999681851535,1,High Risk
6849-WLEYG,1,Month-to-month,19.75,19.75,No,Mailed check,Low (<$35),Yes,2611,0.4508493349272743,0,Low Risk
4659-NZRUF,19,Month-to-month,95.15,1789.25,Fiber optic,Electronic check,Premium (>$95),Yes,5830,0.7173387964755571,1,Medium Risk
8429-XIBUM,22,Month-to-month,101.35,2317.1,Fiber optic,Bank transfer (automatic),Premium (>$95),Yes,4694,0.6084662206614898,1,Medium Risk
2608-BHKFN,4,Month-to-month,70.05,266.9,Fiber optic,Credit card (automatic),High ($65-95),Yes,3600,0.711349134259294,1,Medium Risk
7341-LXCAF,4,Month-to-month,74.65,301.4,Fiber optic,Electronic check,High ($65-95),Yes,4013,0.8676537502602015,1,High Risk
9462-MJUAW,4,Month-to-month,50.4,206.6,DSL,Mailed check,Medium ($35-65),Yes,4399,0.5939487381630414,1,Medium Risk
8128-YVJRG,7,Month-to-month,79.65,604.7,Fiber optic,Mailed check,High ($65-95),Yes,4513,0.5695543726504176,1,Medium Risk
4283-FUTGF,19,Month-to-month,79.85,1471.75,Fiber optic,Electronic check,High ($65-95),Yes,3715,0.808622905130779,1,High Risk
1569-TTNYJ,5,Month-to-month,78.75,412.1,Fiber optic,Electronic check,High ($65-95),Yes,3401,0.8409278614711565,1,High Risk
2397-BRLOM,8,Month-to-month,80.45,583.45,Fiber optic,Credit card (automatic),High ($65-95),Yes,3443,0.6445581880359613,1,Medium Risk
4749-VFKVB,1,Month-to-month,50.1,50.1,DSL,Mailed check,Medium ($35-65),Yes,4778,0.7622753331063079,1,High Risk
7598-UAASY,2,Month-to-month,76.4,151.8,Fiber optic,Electronic check,High ($65-95),Yes,4340,0.798064909034016,1,High Risk
7938-OUHIO,3,Month-to-month,98.7,293.65,Fiber optic,Electronic check,Premium (>$95),Yes,3916,0.7430542518008234,1,Medium Risk
8510-AWCXC,13,Month-to-month,100.8,1308.1,Fiber optic,Electronic check,Premium (>$95),Yes,3269,0.7747807198827192,1,High Risk
0431-APWVY,28,One year,90.1,2598.95,Fiber optic,Bank transfer (automatic),High ($65-95),Yes,5958,0.3656371515950735,0,Low Risk
3426-NIYYL,15,Month-to-month,51.55,765.5,DSL,Electronic check,Medium ($35-65),Yes,2087,0.6365553103929372,1,Medium Risk
8225-BTJAU,10,Month-to-month,79.25,793.55,Fiber optic,Electronic check,High ($65-95),Yes,3856,0.8377800552164604,1,High Risk
3387-VATUS,5,Month-to-month,94.85,462.8,Fiber optic,Bank transfer (automatic),High ($65-95),Yes,5701,0.8009688974752136,1,High Risk
1143-NMNQJ,2,Month-to-month,85.7,169.8,Fiber optic,Electronic check,High ($65-95),Yes,2187,0.8958977958675515,1,High Risk
0415-MOSGF,1,Month-to-month,44.4,44.4,DSL,Mailed check,Medium ($35-65),Yes,3204,0.610125609193137,1,Medium Risk
1724-BQUHA,5,Month-to-month,89.5,477.7,Fiber optic,Electronic check,High ($65-95),Yes,2718,0.8667232870430681,1,High Risk
4826-XTSOH,1,Month-to-month,86.05,86.05,Fiber optic,Electronic check,High ($65-95),Yes,4843,0.8800438324599241,1,High Risk
2495-INZWQ,4,Month-to-month,44.55,174.3,DSL,Electronic check,Medium ($35-65),Yes,5605,0.7785714644166277,1,High Risk
4139-SUGLD,31,Month-to-month,35.4,1077.5,DSL,Bank transfer (automatic),Medium ($35-65),Yes,2067,0.3545022045968684,0,Low Risk
6857-VWJDT,1,Month-to-month,95.65,95.65,Fiber optic,Mailed check,Premium (>$95),Yes,3473,0.7578987966792557,1,High Risk
5624-BQSSA,1,Month-to-month,20.95,20.95,No,Mailed check,Low (<$35),Yes,4285,0.5576118354489495,1,Medium Risk
2408-WITXK,10,Month-to-month,34.7,329.8,DSL,Electronic check,Low (<$35),Yes,3244,0.7809224565615664,1,High Risk
5577-OTWWW,15,Month-to-month,19.75,297.3,No,Bank transfer (automatic),Low (<$35),Yes,2428,0.39124897155481436,0,Low Risk
6100-QQHEB,17,Month-to-month,92.55,1515.1,Fiber optic,Electronic check,High ($65-95),Yes,5775,0.8351196914867874,1,High Risk
2634-HCZGT,53,One year,60.05,3229.65,DSL,Electronic check,Medium ($35-65),Yes,5271,0.39790332462035494,0,Low Risk
7503-QQRVF,16,Month-to-month,74.3,1178.25,Fiber optic,Credit card (automatic),High ($65-95),Yes,2076,0.532481545182653,1,Medium Risk
2691-NZETQ,9,Month-to-month,85.35,758.6,Fiber optic,Electronic check,High ($65-95),Yes,2752,0.8731526439920951,1,High Risk
4404-HIBDJ,25,One year,74.3,1863.8,DSL,Mailed check,High ($65-95),Yes,5175,0.48449469099304016,0,Low Risk
7295-JOMMD,4,Month-to-month,98.1,396.3,Fiber optic,Bank transfer (automatic),Premium (>$95),Yes,2895,0.7487412067328002,1,Medium Risk
5013-SBUIH,50,Two year,109.65,5551.15,Fiber optic,Electronic check,Premium (>$95),Yes,5855,0.44017838212890065,0,Low Risk
0709-TVGUR,9,Month-to-month,74.55,622.9,Fiber optic,Electronic check,High ($65-95),Yes,3145,0.864066651620376,1,High Risk
6023-YEBUP,3,Month-to-month,100.95,329.95,Fiber optic,Electronic check,Premium (>$95),Yes,5351,0.8891675174440173,1,High Risk
7209-JCUDS,10,Month-to-month,94.9,1048.85,Fiber optic,Electronic check,High ($65-95),Yes,2832,0.829639897885794,1,High Risk
3001-CBHLQ,32,Month-to-month,104.9,3351.55,Fiber optic,Electronic check,Premium (>$95),Yes,3966,0.704782581834206,1,Medium Risk
6158-DWPZT,9,One year,24.1,259.8,DSL,Bank transfer (automatic),Low (<$35),Yes,3195,0.45203701837683313,0,Low Risk
3763-GCZHZ,66,One year,104.05,6890.0,Fiber optic,Electronic check,Premium (>$95),Yes,5504,0.48812376418393,0,Low Risk
0772-GYEQQ,3,Month-to-month,88.35,262.05,Fiber optic,Mailed check,High ($65-95),Yes,5202,0.7098444414679324,1,Medium Risk
4831-EOBFE,29,Month-to-month,94.65,2649.15,Fiber optic,Credit card (automatic),High ($65-95),Yes,5150,0.42830946298454114,0,Low Risk
4102-OQUPX,1,Month-to-month,74.4,74.4,Fiber optic,Electronic check,High ($65-95),Yes,5429,0.8717382863019273,1,High Risk
9170-GYZJC,41,Month-to-month,79.9,3326.2,DSL,Credit card (automatic),High ($65-95),Yes,4734,0.2565608550319249,0,Low Risk
3999-QGRJH,8,Month-to-month,69.7,560.85,Fiber optic,Electronic check,High ($65-95),Yes,3068,0.8409221650956182,1,High Risk
2454-RPBRZ,12,Month-to-month,98.1,1060.2,Fiber optic,Electronic check,Premium (>$95),Yes,2709,0.8104399581334705,1,High Risk
2002-MZHWP,1,Month-to-month,20.5,20.5,No,Mailed check,Low (<$35),Yes,3820,0.5611209387160416,1,Medium Risk
2265-CYWIV,4,Month-to-month,99.6,347.65,Fiber optic,Electronic check,Premium (>$95),Yes,4708,0.8021154913638192,1,High Risk
2004-OCQXK,1,Month-to-month,81.95,81.95,Fiber optic,Electronic check,High ($65-95),Yes,5622,0.892542133895828,1,High Risk
5027-QPKTE,7,Month-to-month,69.35,451.1,Fiber optic,Electronic check,High ($65-95),Yes,4292,0.8440953480542938,1,High Risk
2672-HUYVI,6,Month-to-month,91.1,455.3,Fiber optic,Electronic check,High ($65-95),Yes,2266,0.8877900375214519,1,High Risk
7508-MYBOG,14,Month-to-month,86.1,1235.55,Fiber optic,Electronic check,High ($65-95),Yes,2177,0.8424679793609603,1,High Risk
0148-DCDOS,25,Month-to-month,94.7,2362.1,Fiber optic,Bank transfer (automatic),High ($65-95),Yes,5641,0.614114299061756,1,Medium Risk
9992-RRAMN,22,Month-to-month,85.1,1873.7,Fiber optic,Electronic check,High ($65-95),Yes,5248,0.824037921706197,1,High Risk
0310-MVLET,61,Month-to-month,99.15,6010.05,Fiber optic,Electronic check,Premium (>$95),Yes,5612,0.6705089148672261,1,Medium Risk
4550-VBOFE,70,Month-to-month,102.95,7101.5,Fiber optic,Electronic check,Premium (>$95),Yes,5005,0.6894507888147969,1,Medium Risk
5696-QURRL,1,Month-to-month,45.05,45.05,DSL,Mailed check,Medium ($35-65),Yes,2644,0.7236696232838888,1,Medium Risk
7409-KIUTL,1,Month-to-month,71.0,71.0,Fiber optic,Electronic check,High ($65-95),Yes,5345,0.878059645943087,1,High Risk
1732-VHUBQ,47,Month-to-month,70.55,3309.25,Fiber optic,Bank transfer (automatic),High ($65-95),Yes,4457,0.4911087159165642,0,Low Risk
0495-RVCBF,1,Month-to-month,79.7,79.7,Fiber optic,Electronic check,High ($65-95),Yes,2066,0.8925344989663393,1,High Risk
7854-EDSSA,22,Month-to-month,59.0,1254.7,DSL,Electronic check,Medium ($35-65),Yes,2195,0.4390424821408043,0,Low Risk
8869-TORSS,48,One year,60.35,2896.4,DSL,Credit card (automatic),Medium ($35-65),Yes,2681,0.09834234733493105,0,Very Low Risk
0679-IDSTG,1,Month-to-month,69.25,69.25,Fiber optic,Electronic check,High ($65-95),Yes,4568,0.834067131651316,1,High Risk
2115-BFTIW,25,Month-to-month,70.95,1767.35,Fiber optic,Mailed check,High ($65-95),Yes,4881,0.6165849969866053,1,Medium Risk
0611-DFXKO,20,Month-to-month,89.0,1820.45,Fiber optic,Mailed check,High ($65-95),Yes,4594,0.6398298322901941,1,Medium Risk
7780-OTDSO,18,Month-to-month,99.4,1742.95,Fiber optic,Electronic check,Premium (>$95),Yes,2421,0.7784147203472281,1,High Risk
9747-DDZOS,1,Month-to-month,73.5,73.5,Fiber optic,Bank transfer (automatic),High ($65-95),Yes,4378,0.721668195084795,1,Medium Risk
0564-JJHGS,9,Month-to-month,95.5,829.1,Fiber optic,Electronic check,Premium (>$95),Yes,5007,0.8908843951085857,1,High Risk
3348-CFRNX,28,Month-to-month,92.35,2602.9,Fiber optic,Mailed check,High ($65-95),Yes,2990,0.5640472297697495,1,Medium Risk
1428-GTBJJ,11,Month-to-month,74.55,824.75,Fiber optic,Electronic check,High ($65-95),Yes,4601,0.7687054349803796,1,High Risk
8802-UNOJF,12,Month-to-month,83.8,1029.75,Fiber optic,Mailed check,High ($65-95),Yes,5565,0.6103316306983949,1,Medium Risk
6313-GIDIT,53,Month-to-month,54.45,2854.55,DSL,Electronic check,Medium ($35-65),Yes,6280,0.5506766388470268,1,Medium Risk
2845-AFFTX,41,Month-to-month,99.8,4259.3,Fiber optic,Electronic check,Premium (>$95),Yes,4726,0.7916530808378037,1,High Risk
2249-YPRNG,20,Month-to-month,105.85,2239.65,Fiber optic,Bank transfer (automatic),Premium (>$95),Yes,4223,0.6638336123377904,1,Medium Risk
7410-YTJIK,7,Month-to-month,75.45,480.75,Fiber optic,Mailed check,High ($65-95),Yes,2872,0.6466181427974007,1,Medium Risk
4626-GYCZP,7,Month-to-month,93.85,635.6,Fiber optic,Electronic check,High ($65-95),Yes,3506,0.8967434062573808,1,High Risk
5590-BYNII,22,Month-to-month,100.75,2095.0,Fiber optic,Electronic check,Premium (>$95),Yes,4152,0.7803029847521333,1,High Risk
3237-AJGEH,3,Month-to-month,31.0,95.05,DSL,Mailed check,Low (<$35),Yes,5122,0.28104242719083566,0,Low Risk
1591-NFNLQ,51,Month-to-month,80.0,4242.35,Fiber optic,Credit card (automatic),High ($65-95),Yes,4769,0.3755928938545199,0,Low Risk
2815-CPTUL,5,Month-to-month,70.25,331.9,Fiber optic,Mailed check,High ($65-95),Yes,3684,0.7485453543967518,1,Medium Risk
0596-BQCEQ,62,Month-to-month,100.15,6283.3,Fiber optic,Electronic check,Premium (>$95),Yes,4120,0.6287640579133847,1,Medium Risk
1481-ZUWZA,28,Month-to-month,94.5,2659.4,Fiber optic,Credit card (automatic),High ($65-95),Yes,5433,0.44230370631895133,0,Low Risk
2309-OSFEU,10,Month-to-month,33.9,298.45,DSL,Mailed check,Low (<$35),Yes,2529,0.5495735623506492,1,Medium Risk
1891-FZYSA,69,Month-to-month,89.95,6143.15,Fiber optic,Electronic check,High ($65-95),Yes,6363,0.6516354279669353,1,Medium Risk
7613-LLQFO,12,Month-to-month,84.45,1059.55,Fiber optic,Electronic check,High ($65-95),Yes,3330,0.8604945109367794,1,High Risk
2640-PMGFL,27,Month-to-month,79.5,2180.55,Fiber optic,Electronic check,High ($65-95),Yes,2518,0.6749368224980833,1,Medium Risk
3801-HMYNL,1,Month-to-month,89.15,89.15,Fiber optic,Mailed check,High ($65-95),Yes,3123,0.7683649340212055,1,High Risk
9685-WKZGT,14,Month-to-month,74.95,1036.75,Fiber optic,Electronic check,High ($65-95),Yes,2075,0.8392846950770831,1,High Risk
6022-UGGSO,32,Month-to-month,74.4,2276.95,Fiber optic,Electronic check,High ($65-95),Yes,2091,0.6303638600933089,1,Medium Risk
4484-CGXFK,3,Month-to-month,55.3,196.15,DSL,Electronic check,Medium ($35-65),Yes,3190,0.7639229282631219,1,High Risk
6214-EDAKZ,22,Month-to-month,55.15,1206.05,DSL,Electronic check,Medium ($35-65),Yes,5115,0.3128656503321606,0,Low Risk
6127-ISGTU,16,Month-to-month,84.95,1378.25,Fiber optic,Electronic check,High ($65-95),Yes,3075,0.8272833315851311,1,High Risk
8740-XLHDR,5,Month-to-month,43.25,219.0,DSL,Mailed check,Medium ($35-65),Yes,5824,0.45447067634469723,0,Low Risk
1208-DNHLN,23,One year,48.35,1067.15,DSL,Credit card (automatic),Medium ($35-65),Yes,4580,0.3495674044761102,0,Low Risk
1761-AEZZR,1,Month-to-month,79.55,79.55,Fiber optic,Electronic check,High ($65-95),Yes,5593,0.8893884736718703,1,High Risk
3923-CSIHK,50,Month-to-month,71.05,3444.85,Fiber optic,Electronic check,High ($65-95),Yes,5746,0.6024556105877118,1,Medium Risk
7120-RFMVS,1,Month-to-month,84.5,84.5,Fiber optic,Electronic check,High ($65-95),Yes,4340,0.8088267872691327,1,High Risk
7317-GGVPB,71,Two year,108.6,7690.9,Fiber optic,Credit card (automatic),Premium (>$95),Yes,4982,0.2458206940632159,0,Very Low Risk
1322-AGOQM,46,Month-to-month,30.3,1380.1,DSL,Bank transfer (automatic),Low (<$35),Yes,2243,0.4242552437255906,0,Low Risk
3677-IYRBF,2,Month-to-month,30.4,78.65,DSL,Electronic check,Low (<$35),Yes,4002,0.7823123504283203,1,High Risk
5692-FPTAH,1,Month-to-month,45.4,45.4,DSL,Mailed check,Medium ($35-65),Yes,2168,0.7220004410690127,1,Medium Risk
1550-LOAHA,32,Month-to-month,84.15,2585.95,Fiber optic,Bank transfer (automatic),High ($65-95),Yes,4017,0.44494315637519294,0,Low Risk
0268-QKIWO,3,Month-to-month,19.75,58.85,No,Electronic check,Low (<$35),Yes,2647,0.4291185595629311,0,Low Risk
0876-WDUUZ,5,Month-to-month,85.4,425.9,Fiber optic,Credit card (automatic),High ($65-95),Yes,3716,0.7300017038814276,1,Medium Risk
0617-FHSGK,49,Month-to-month,75.2,3678.3,Fiber optic,Credit card (automatic),High ($65-95),Yes,5283,0.4127164919930857,0,Low Risk
2858-MOFSQ,17,One year,55.85,937.5,DSL,Mailed check,Medium ($35-65),Yes,5472,0.38969713489489577,0,Low Risk
8118-LSUEL,23,Month-to-month,106.4,2483.5,Fiber optic,Electronic check,Premium (>$95),Yes,5507,0.7796791274761479,1,High Risk
7005-CCBKV,6,Month-to-month,84.4,556.35,Fiber optic,Electronic check,High ($65-95),Yes,4539,0.8123666463685947,1,High Risk
4250-FDVOU,6,Month-to-month,56.25,389.1,DSL,Electronic check,Medium ($35-65),Yes,4110,0.4515659858294436,0,Low Risk
5277-ZLOOR,2,Month-to-month,85.55,187.45,Fiber optic,Electronic check,High ($65-95),Yes,5512,0.8961823660855809,1,High Risk
2141-RRYGO,4,Month-to-month,68.65,261.25,DSL,Bank transfer (automatic),High ($65-95),Yes,5274,0.7248730037029517,1,Medium Risk
6376-GAHQE,4,Month-to-month,77.85,299.2,Fiber optic,Electronic check,High ($65-95),Yes,2140,0.739769092592573,1,Medium Risk
5052-PNLOS,3,Month-to-month,105.35,323.25,Fiber optic,Bank transfer (automatic),Premium (>$95),Yes,3662,0.7551258799984979,1,High Risk
6979-ZNSFF,8,Month-to-month,87.05,762.1,Fiber optic,Electronic check,High ($65-95),Yes,2545,0.8871768364124771,1,High Risk
2386-LAHRK,1,Month-to-month,53.5,53.5,DSL,Mailed check,Medium ($35-65),Yes,5094,0.7193133300421976,1,Medium Risk
6032-IGALN,1,Month-to-month,25.1,25.1,DSL,Mailed check,Low (<$35),Yes,4769,0.7195551720333512,1,Medium Risk
4248-HCETZ,30,Month-to-month,79.65,2365.15,Fiber optic,Mailed check,High ($65-95),Yes,2174,0.5087715328942166,1,Medium Risk
0516-WJVXC,5,Month-to-month,54.2,308.25,DSL,Electronic check,Medium ($35-65),Yes,5476,0.5017374786957784,1,Medium Risk
9174-FKWZE,1,Month-to-month,19.45,19.45,No,Electronic check,Low (<$35),Yes,3848,0.7080999019874682,1,Medium Risk
8809-RIHDD,72,Two year,103.4,7372.65,Fiber optic,Electronic check,Premium (>$95),Yes,5055,0.38621112870900703,0,Low Risk
4822-NGOCH,13,Month-to-month,84.45,1058.6,Fiber optic,Electronic check,High ($65-95),Yes,5801,0.797184736745954,1,High Risk
5307-DZCVC,32,Month-to-month,85.95,2628.6,Fiber optic,Credit card (automatic),High ($65-95),Yes,2431,0.5730465514451251,1,Medium Risk
8679-JOEVF,16,Month-to-month,59.4,1023.9,DSL,Electronic check,Medium ($35-65),Yes,5556,0.5419538151029283,1,Medium Risk
1432-FPAXX,29,Month-to-month,30.6,856.35,DSL,Electronic check,Low (<$35),Yes,3615,0.5182882816617699,1,Medium Risk
4803-AXVYP,38,Month-to-month,99.55,3734.25,Fiber optic,Electronic check,Premium (>$95),Yes,3474,0.7106502882483618,1,Medium Risk
3884-HCSWG,17,Month-to-month,70.0,1144.5,Fiber optic,Electronic check,High ($65-95),Yes,4390,0.7812330134801432,1,High Risk
5077-DXTCG,1,Month-to-month,45.3,45.3,DSL,Electronic check,Medium ($35-65),Yes,2293,0.7735232059207394,1,High Risk
1142-WACZW,2,Month-to-month,29.85,75.6,DSL,Bank transfer (automatic),Low (<$35),Yes,4268,0.50532066279636,1,Medium Risk
5649-ANRML,2,Month-to-month,95.1,180.25,Fiber optic,Credit card (automatic),Premium (>$95),Yes,4486,0.6391572543167456,1,Medium Risk
4892-VLANZ,1,Month-to-month,19.8,19.8,No,Mailed check,Low (<$35),Yes,5600,0.5843957021501192,1,Medium Risk
2919-HBCJO,4,Month-to-month,76.65,333.6,Fiber optic,Bank transfer (automatic),High ($65-95),Yes,4580,0.7221257051399615,1,Medium Risk
4236-XPXAV,5,Month-to-month,99.15,465.05,Fiber optic,Mailed check,Premium (>$95),Yes,2283,0.7572520449742374,1,High Risk
3030-YZADT,9,Month-to-month,44.95,431.0,DSL,Mailed check,Medium ($35-65),Yes,5023,0.4385105929026828,0,Low Risk
7410-KTVFV,18,Month-to-month,49.55,878.35,DSL,Mailed check,Medium ($35-65),Yes,2815,0.41670264306269617,0,Low Risk
8393-DLHGA,25,Month-to-month,95.9,2448.75,Fiber optic,Electronic check,Premium (>$95),Yes,2241,0.7182131933969496,1,Medium Risk
7395-IGJOS,17,Month-to-month,81.5,1329.2,Fiber optic,Bank transfer (automatic),High ($65-95),Yes,3443,0.5368112998275087,1,Medium Risk
2834-SPCJV,52,Month-to-month,84.1,4348.65,Fiber optic,Electronic check,High ($65-95),Yes,6216,0.5495315118129469,1,Medium Risk
7890-VYYWG,3,Month-to-month,36.45,93.7,DSL,Mailed check,Medium ($35-65),Yes,3766,0.6815755779635901,1,Medium Risk
9907-SWKKF,1,Month-to-month,25.05,25.05,DSL,Mailed check,Low (<$35),Yes,4842,0.662819428046872,1,Medium Risk
0587-DMGBH,8,Month-to-month,49.85,365.55,DSL,Electronic check,Medium ($35-65),Yes,2269,0.5650252926338117,1,Medium Risk
6397-JNZZG,43,Month-to-month,55.55,2342.2,DSL,Credit card (automatic),Medium ($35-65),Yes,2573,0.5454899047349595,1,Medium Risk
3523-QRQLL,22,One year,69.5,1498.2,DSL,Bank transfer (automatic),High ($65-95),Yes,5922,0.2773546204050604,0,Low Risk
0895-DQHEW,54,Month-to-month,104.3,5278.15,Fiber optic,Electronic check,Premium (>$95),Yes,4019,0.7365928675653164,1,Medium Risk
8149-RSOUN,1,Month-to-month,93.85,93.85,Fiber optic,Electronic check,High ($65-95),Yes,3014,0.9062197079242487,1,High Risk
7250-EQKIY,1,Month-to-month,50.45,50.45,DSL,Mailed check,Medium ($35-65),Yes,2426,0.40928106666762787,0,Low Risk
4013-UBXWQ,7,Month-to-month,74.65,521.1,DSL,Electronic check,High ($65-95),Yes,4612,0.6078118824843718,1,Medium Risk
5519-NPHVG,12,Month-to-month,94.2,1046.1,Fiber optic,Electronic check,High ($65-95),Yes,3975,0.8740916609107131,1,High Risk
8849-GYOKR,54,One year,106.55,5763.3,Fiber optic,Bank transfer (automatic),Premium (>$95),Yes,4893,0.21591738325663046,0,Very Low Risk
3148-BLQJT,1,Month-to-month,20.1,20.1,No,Mailed check,Low (<$35),Yes,5747,0.5959457844468744,1,Medium Risk
0461-CVKMU,23,Month-to-month,83.8,1900.25,Fiber optic,Electronic check,High ($65-95),Yes,5737,0.48183733074406127,0,Low Risk
8806-EAGWC,3,Month-to-month,55.15,159.15,DSL,Mailed check,Medium ($35-65),Yes,5698,0.5881568884078433,1,Medium Risk
7779-LGOVN,10,Month-to-month,86.65,856.65,Fiber optic,Electronic check,High ($65-95),Yes,4990,0.8705143099708317,1,High Risk
9710-ZUSHQ,37,Month-to-month,106.75,4056.75,Fiber optic,Bank transfer (automatic),Premium (>$95),Yes,5849,0.4904094880363401,0,Low Risk
4183-WCSEP,31,Month-to-month,78.45,2435.15,Fiber optic,Electronic check,High ($65-95),Yes,3091,0.5270881012544991,1,Medium Risk
5498-TXHLF,34,Month-to-month,87.45,2874.15,Fiber optic,Electronic check,High ($65-95),Yes,3358,0.6234451089133775,1,Medium Risk
9722-UJOJR,29,Month-to-month,70.75,1974.8,Fiber optic,Electronic check,High ($65-95),Yes,2663,0.7433702970733163,1,Medium Risk
3902-FOIGH,12,Month-to-month,101.35,1218.55,Fiber optic,Electronic check,Premium (>$95),Yes,3967,0.8339883388834823,1,High Risk
6772-KSATR,1,Month-to-month,81.7,81.7,Fiber optic,Electronic check,High ($65-95),Yes,5574,0.6964679888830194,1,Medium Risk
7112-OPOTK,33,Month-to-month,68.25,2171.15,Fiber optic,Electronic check,High ($65-95),Yes,5647,0.59074646018853,1,Medium Risk
4210-QFJMF,4,Month-to-month,79.15,317.25,Fiber optic,Electronic check,High ($65-95),Yes,5762,0.8798862692095979,1,High Risk
3318-OSATS,35,Month-to-month,95.45,3474.05,Fiber optic,Electronic check,Premium (>$95),Yes,2080,0.8085318630157439,1,High Risk
5828-AVIPD,19,One year,100.95,1875.55,Fiber optic,Electronic check,Premium (>$95),Yes,4072,0.5792459909870498,1,Medium Risk
1086-LXKFY,1,Month-to-month,69.1,69.1,Fiber optic,Mailed check,High ($65-95),Yes,4779,0.8009432421094127,1,High Risk
2636-ALXXZ,1,Month-to-month,69.6,69.6,Fiber optic,Electronic check,High ($65-95),Yes,2151,0.8776159533874257,1,High Risk
7774-OJSXI,31,One year,103.45,3066.45,Fiber optic,Electronic check,Premium (>$95),Yes,5387,0.5488195093393469,1,Medium Risk
7786-WBJYI,4,Month-to-month,77.95,305.55,Fiber optic,Bank transfer (automatic),High ($65-95),Yes,5365,0.6813775471592275,1,Medium Risk
9885-CSMWE,1,Month-to-month,78.45,78.45,Fiber optic,Electronic check,High ($65-95),Yes,2139,0.819762158302432,1,High Risk
5016-ETTFF,10,Month-to-month,29.5,255.25,DSL,Mailed check,Low (<$35),Yes,3797,0.4636496290577401,0,Low Risk
3866-MDTUB,2,Month-to-month,70.75,146.9,DSL,Electronic check,High ($65-95),Yes,3257,0.6189136865986944,1,Medium Risk
8058-JMEQO,9,Month-to-month,84.45,762.5,Fiber optic,Electronic check,High ($65-95),Yes,3543,0.883198672206007,1,High Risk
0697-ZMSWS,4,Month-to-month,85.65,338.9,Fiber optic,Electronic check,High ($65-95),Yes,2330,0.8906827493172474,1,High Risk
7657-DYEPJ,38,One year,70.15,2497.35,DSL,Credit card (automatic),High ($65-95),Yes,2645,0.2583618011757896,0,Low Risk
8276-MQBYC,51,Month-to-month,97.8,4913.3,Fiber optic,Electronic check,Premium (>$95),Yes,6204,0.7442141542763696,1,Medium Risk
7593-XFKDI,1,Month-to-month,46.3,46.3,DSL,Mailed check,Medium ($35-65),Yes,3017,0.6512109161139032,1,Medium Risk
0337-CNPZE,41,Month-to-month,106.3,4443.45,Fiber optic,Electronic check,Premium (>$95),Yes,5383,0.7116506134238179,1,Medium Risk
1513-XNPPH,12,Month-to-month,89.4,1095.65,Fiber optic,Electronic check,High ($65-95),Yes,5047,0.6492936170715897,1,Medium Risk
6015-VVHHE,5,Month-to-month,83.15,446.05,Fiber optic,Credit card (automatic),High ($65-95),Yes,2516,0.7661028317638876,1,High Risk
6347-DCUIK,10,Month-to-month,74.15,811.8,Fiber optic,Mailed check,High ($65-95),Yes,4231,0.7514374460213545,1,High Risk
0897-FEGMU,11,Month-to-month,99.5,1056.95,Fiber optic,Electronic check,Premium (>$95),Yes,5286,0.8652189009340426,1,High Risk
7663-RGWBC,1,Month-to-month,44.15,44.15,DSL,Mailed check,Medium ($35-65),Yes,4773,0.717539056772651,1,Medium Risk
1120-BMWUB,16,Month-to-month,53.9,834.15,DSL,Mailed check,Medium ($35-65),Yes,5091,0.3640270646992122,0,Low Risk
9124-LHCJQ,1,Month-to-month,85.45,85.45,Fiber optic,Mailed check,High ($65-95),Yes,2318,0.8452799620668712,1,High Risk
2235-ZGKPT,4,Month-to-month,50.85,239.55,DSL,Mailed check,Medium ($35-65),Yes,5386,0.40359379535160433,0,Low Risk
3891-PUQOD,1,Month-to-month,59.2,59.2,DSL,Electronic check,Medium ($35-65),Yes,5020,0.5400817044200985,1,Medium Risk
0689-NKYLF,13,Month-to-month,83.2,1060.6,Fiber optic,Electronic check,High ($65-95),Yes,4028,0.7997932010591383,1,High Risk
3658-KIBGF,1,Month-to-month,54.9,54.9,DSL,Electronic check,Medium ($35-65),Yes,2833,0.5737592936414452,1,Medium Risk
5519-YLDGW,21,Month-to-month,103.9,2254.2,Fiber optic,Electronic check,Premium (>$95),Yes,3769,0.7990412740405639,1,High Risk
4946-EDSEW,11,Month-to-month,19.25,180.3,No,Mailed check,Low (<$35),Yes,5638,0.10228638121236867,0,Very Low Risk
2516-VQRRV,2,Month-to-month,75.45,158.4,Fiber optic,Mailed check,High ($65-95),Yes,3350,0.8164699589521178,1,High Risk
7580-UGXNC,2,Month-to-month,54.85,104.2,DSL,Mailed check,Medium ($35-65),Yes,3016,0.5115113013929553,1,Medium Risk
5178-LMXOP,1,Month-to-month,95.1,95.1,Fiber optic,Electronic check,Premium (>$95),Yes,5795,0.8907182743312285,1,High Risk
8185-UPYBR,6,Month-to-month,75.5,438.0,Fiber optic,Electronic check,High ($65-95),Yes,5838,0.8894358394646651,1,High Risk
4585-HETAI,4,Month-to-month,73.75,325.45,Fiber optic,Electronic check,High ($65-95),Yes,5026,0.804450156316019,1,High Risk
7526-BEZQB,12,Month-to-month,96.05,1148.1,Fiber optic,Electronic check,Premium (>$95),Yes,2577,0.8792914767775067,1,High Risk
4951-UKAAQ,4,Month-to-month,88.95,355.2,Fiber optic,Electronic check,High ($65-95),Yes,5948,0.8425188121558473,1,High Risk
2108-YKQTY,4,Month-to-month,50.7,151.3,DSL,Credit card (automatic),Medium ($35-65),Yes,4930,0.46656663625640493,0,Low Risk
4918-QLLIW,3,Month-to-month,53.4,188.7,DSL,Credit card (automatic),Medium ($35-65),Yes,2755,0.5765499841170922,1,Medium Risk
7056-IMHCC,53,Month-to-month,101.9,5549.4,Fiber optic,Electronic check,Premium (>$95),Yes,5884,0.7205200688741387,1,Medium Risk
1625-JAIIY,68,One year,83.0,5685.8,Fiber optic,Electronic check,High ($65-95),Yes,4714,0.4769271850063332,0,Low Risk
2947-DOMLJ,1,Month-to-month,50.6,50.6,DSL,Mailed check,Medium ($35-65),Yes,3677,0.4045943785154066,0,Low Risk
4112-LUEIZ,10,Month-to-month,89.5,863.1,Fiber optic,Electronic check,High ($65-95),Yes,4206,0.8624862692048025,1,High Risk
4510-HIMLV,1,Month-to-month,69.8,69.8,Fiber optic,Electronic check,High ($65-95),Yes,4154,0.8781786754300066,1,High Risk
8749-JMNKX,51,Month-to-month,93.8,4750.95,Fiber optic,Bank transfer (automatic),High ($65-95),Yes,4788,0.3856233486228659,0,Low Risk
2430-USGXP,24,Month-to-month,101.05,2391.8,Fiber optic,Electronic check,Premium (>$95),Yes,4766,0.8221497310934274,1,High Risk
5955-ERIHD,18,Month-to-month,94.7,1687.95,Fiber optic,Electronic check,High ($65-95),Yes,2206,0.8351196914867874,1,High Risk
0917-EZOLA,72,Two year,104.15,7689.95,Fiber optic,Bank transfer (automatic),Premium (>$95),Yes,5925,0.30378080721869183,0,Low Risk
5949-EBSQK,4,Month-to-month,61.45,229.55,DSL,Credit card (automatic),Medium ($35-65),Yes,2131,0.21666837972905018,0,Very Low Risk
7274-RTAPZ,1,Month-to-month,90.55,90.55,Fiber optic,Electronic check,High ($65-95),Yes,3898,0.8937129574723071,1,High Risk
0311-UNPFF,26,Month-to-month,88.8,2274.35,Fiber optic,Bank transfer (automatic),High ($65-95),Yes,4910,0.6045294695478695,1,Medium Risk
3834-XUIFC,7,Month-to-month,85.2,602.55,Fiber optic,Mailed check,High ($65-95),Yes,3905,0.7787796799448625,1,High Risk
8414-MYSHR,5,Month-to-month,91.4,449.75,Fiber optic,Electronic check,High ($65-95),Yes,2834,0.8672923128185158,1,High Risk
7599-FKVXZ,42,Month-to-month,106.15,4512.7,Fiber optic,Bank transfer (automatic),Premium (>$95),Yes,2265,0.5764275345217102,1,Medium Risk
8229-TNIQA,4,Month-to-month,45.3,196.95,DSL,Mailed check,Medium ($35-65),Yes,3443,0.6855225711150799,1,Medium Risk
6221-AVQYL,2,Month-to-month,73.25,131.05,Fiber optic,Credit card (automatic),High ($65-95),Yes,2919,0.7170880592605364,1,Medium Risk
7743-EXURX,8,Month-to-month,51.05,415.05,DSL,Electronic check,Medium ($35-65),Yes,3758,0.41685311699824223,0,Low Risk
5569-KGJHX,9,Month-to-month,85.35,754.65,Fiber optic,Bank transfer (automatic),High ($65-95),Yes,2445,0.7667289598049252,1,High Risk
4988-IQIGL,1,Month-to-month,75.35,75.35,Fiber optic,Electronic check,High ($65-95),Yes,4403,0.8960810043205651,1,High Risk
7730-IUTDZ,43,Month-to-month,75.2,3198.6,Fiber optic,Electronic check,High ($65-95),Yes,4673,0.567869724390452,1,Medium Risk
0426-TIRNE,1,Month-to-month,20.9,20.9,No,Mailed check,Low (<$35),Yes,5527,0.5709876630838134,1,Medium Risk
7587-RZNME,3,Month-to-month,43.3,123.65,DSL,Electronic check,Medium ($35-65),Yes,4849,0.7953418113155011,1,High Risk
0748-RDGGM,70,One year,109.5,7534.65,Fiber optic,Bank transfer (automatic),Premium (>$95),Yes,6136,0.3137150328681641,0,Low Risk
4706-AXVKM,11,Month-to-month,84.8,906.85,Fiber optic,Credit card (automatic),High ($65-95),Yes,5118,0.667302184911614,1,Medium Risk
5889-JTMUL,50,Month-to-month,95.05,4888.7,Fiber optic,Electronic check,Premium (>$95),Yes,5863,0.6518996815411202,1,Medium Risk
9026-RNUJS,5,Month-to-month,50.35,237.25,DSL,Electronic check,Medium ($35-65),Yes,4618,0.7114597577671402,1,Medium Risk
3746-EUBYR,1,Month-to-month,74.6,74.6,Fiber optic,Bank transfer (automatic),High ($65-95),Yes,5861,0.8133627129264824,1,High Risk
2332-EFBJY,16,Month-to-month,19.7,342.4,No,Mailed check,Low (<$35),Yes,3438,0.5442396032934655,1,Medium Risk
9474-PHLYD,15,Month-to-month,59.45,892.65,DSL,Electronic check,Medium ($35-65),Yes,5129,0.6249503278736751,1,Medium Risk
2165-VOEGB,46,One year,105.2,4822.85,Fiber optic,Bank transfer (automatic),Premium (>$95),Yes,3322,0.31553271198272853,0,Low Risk
2219-MVUSO,8,Month-to-month,45.15,438.4,DSL,Mailed check,Medium ($35-65),Yes,3721,0.5511182155123551,1,Medium Risk
8914-RBTSB,31,Month-to-month,93.8,3019.5,Fiber optic,Electronic check,High ($65-95),Yes,4115,0.5289624015840854,1,Medium Risk
0963-ZBDRN,32,Month-to-month,96.2,3183.4,Fiber optic,Electronic check,Premium (>$95),Yes,3606,0.6113714174774791,1,Medium Risk
7594-RQHXR,1,Month-to-month,79.6,79.6,Fiber optic,Electronic check,High ($65-95),Yes,3108,0.8925344989663393,1,High Risk
6331-EWIEB,20,Month-to-month,85.25,1734.5,Fiber optic,Electronic check,High ($65-95),Yes,2414,0.8451195997270259,1,High Risk
5998-VVEJY,26,Month-to-month,80.5,2088.8,Fiber optic,Electronic check,High ($65-95),Yes,2729,0.6894764603709065,1,Medium Risk
1624-NALOJ,5,Month-to-month,89.8,502.6,Fiber optic,Electronic check,High ($65-95),Yes,2960,0.8444333153309117,1,High Risk
4317-VTEOA,1,Month-to-month,50.75,50.75,DSL,Electronic check,Medium ($35-65),Yes,5355,0.6780709571014404,1,Medium Risk
1670-SVOWZ,14,Month-to-month,89.65,1208.35,Fiber optic,Credit card (automatic),High ($65-95),Yes,2504,0.7187030470559373,1,Medium Risk
7541-YLXCL,36,One year,65.4,2498.4,DSL,Mailed check,High ($65-95),Yes,5220,0.2877857933248533,0,Low Risk
0260-ZDLGK,9,Month-to-month,72.9,651.4,DSL,Mailed check,High ($65-95),Yes,3585,0.3999271557840452,0,Low Risk
8722-NGNBH,5,Month-to-month,40.0,223.45,DSL,Mailed check,Medium ($35-65),Yes,3125,0.40111392211123337,0,Low Risk
6210-KBBPI,9,Month-to-month,99.45,919.4,Fiber optic,Credit card (automatic),Premium (>$95),Yes,2313,0.7030465808129509,1,Medium Risk
0133-BMFZO,2,Month-to-month,86.25,181.65,Fiber optic,Electronic check,High ($65-95),Yes,3529,0.5965848727397001,1,Medium Risk
6128-CZOMY,1,Month-to-month,45.65,45.65,DSL,Electronic check,Medium ($35-65),Yes,4689,0.7750563069660354,1,High Risk
9540-JYROE,8,Month-to-month,70.1,551.35,Fiber optic,Mailed check,High ($65-95),Yes,2899,0.683665194463014,1,Medium Risk
2260-USTRB,2,Month-to-month,70.2,115.95,Fiber optic,Bank transfer (automatic),High ($65-95),Yes,2767,0.7751853084362209,1,High Risk
3656-TKRVZ,3,Month-to-month,55.35,165.2,DSL,Electronic check,Medium ($35-65),Yes,5787,0.49023896665226574,0,Low Risk
8623-TMRBY,51,Month-to-month,84.2,4146.05,Fiber optic,Electronic check,High ($65-95),Yes,6245,0.7042563359802945,1,Medium Risk
1501-SGHBW,2,Month-to-month,45.85,81.0,DSL,Mailed check,Medium ($35-65),Yes,3843,0.6261446845580625,1,Medium Risk
3208-YPIOE,39,Month-to-month,75.25,3017.65,Fiber optic,Electronic check,High ($65-95),Yes,4696,0.602788862066422,1,Medium Risk
2612-RANWT,12,Month-to-month,100.15,1164.3,Fiber optic,Bank transfer (automatic),Premium (>$95),Yes,3682,0.767326675801864,1,High Risk
6900-PXRMS,26,Month-to-month,105.75,2710.25,Fiber optic,Electronic check,Premium (>$95),Yes,3157,0.7121981069258163,1,Medium Risk
3346-BRMIS,18,Month-to-month,48.35,810.7,DSL,Electronic check,Medium ($35-65),Yes,2167,0.689901065516671,1,Medium Risk
2933-FILNV,2,Month-to-month,24.4,36.55,DSL,Mailed check,Low (<$35),Yes,2635,0.4461187562546871,0,Low Risk
9986-BONCE,4,Month-to-month,20.95,85.5,No,Bank transfer (automatic),Low (<$35),Yes,5822,0.32174686459218,0,Low Risk
2722-JMONI,1,Month-to-month,49.55,49.55,DSL,Electronic check,Medium ($35-65),Yes,4989,0.6818073509670752,1,Medium Risk
4083-EUGRJ,9,Month-to-month,20.25,178.5,No,Mailed check,Low (<$35),Yes,3361,0.2704333560996461,0,Low Risk
7579-OOPEC,2,Month-to-month,50.15,115.1,DSL,Credit card (automatic),Medium ($35-65),Yes,5461,0.4814630971598748,0,Low Risk
1771-OADNZ,29,Month-to-month,95.9,2745.2,Fiber optic,Electronic check,Premium (>$95),Yes,2151,0.7096740055304052,1,Medium Risk
0612-RTZZA,1,Month-to-month,25.25,25.25,DSL,Electronic check,Low (<$35),Yes,4628,0.7499577861040919,1,Medium Risk
6410-LEFEN,9,Month-to-month,45.15,416.45,DSL,Electronic check,Medium ($35-65),Yes,3757,0.6137834630401524,1,Medium Risk
3194-ORPIK,50,Month-to-month,84.4,4116.15,Fiber optic,Bank transfer (automatic),High ($65-95),Yes,5135,0.5194793501742975,1,Medium Risk
8816-VXNZD,1,Month-to-month,75.1,75.1,Fiber optic,Electronic check,High ($65-95),Yes,4335,0.8880728860218998,1,High Risk
9378-FXTIZ,54,One year,70.15,3715.65,DSL,Credit card (automatic),High ($65-95),Yes,4596,0.18620208551936432,0,Very Low Risk
1723-HKXJQ,42,Month-to-month,101.75,4273.45,Fiber optic,Electronic check,Premium (>$95),Yes,5545,0.7509858561929599,1,High Risk
7825-GKXMW,1,Month-to-month,45.8,45.8,DSL,Electronic check,Medium ($35-65),Yes,5973,0.6858706841144943,1,Medium Risk
1240-KNSEZ,1,Month-to-month,20.1,20.1,No,Mailed check,Low (<$35),Yes,4933,0.6606176338792996,1,Medium Risk
0836-SEYLU,9,Month-to-month,40.65,328.95,DSL,Mailed check,Medium ($35-65),Yes,4800,0.3829365053544531,0,Low Risk
4433-JCGCG,46,Month-to-month,101.0,4680.05,Fiber optic,Electronic check,Premium (>$95),Yes,2436,0.7899583723905603,1,High Risk
3716-BDVDB,1,Month-to-month,69.1,69.1,Fiber optic,Electronic check,High ($65-95),Yes,5795,0.8680542681176412,1,High Risk
5899-MQZZL,13,Month-to-month,75.0,999.45,Fiber optic,Mailed check,High ($65-95),Yes,2189,0.7012859007265666,1,Medium Risk
6849-OYAMU,19,One year,100.0,1888.65,Fiber optic,Bank transfer (automatic),Premium (>$95),Yes,2608,0.5508821549486629,1,Medium Risk
9488-HGMJH,1,Month-to-month,71.15,71.15,Fiber optic,Electronic check,High ($65-95),Yes,5287,0.878059645943087,1,High Risk
6038-GCYEC,24,Month-to-month,54.15,1240.25,DSL,Credit card (automatic),Medium ($35-65),Yes,5153,0.4345662295309666,0,Low Risk
1150-WFARN,67,Two year,108.75,7156.2,Fiber optic,Credit card (automatic),Premium (>$95),Yes,5516,0.2046569111873333,0,Very Low Risk
3144-AUDBS,6,Month-to-month,49.15,270.8,DSL,Electronic check,Medium ($35-65),Yes,5271,0.6583664357322292,1,Medium Risk
5616-PRTNT,20,Month-to-month,19.4,374.5,No,Electronic check,Low (<$35),Yes,3785,0.39079054964206267,0,Low Risk
4818-QIUFN,20,Month-to-month,79.15,1520.9,Fiber optic,Electronic check,High ($65-95),Yes,4997,0.6165738802428757,1,Medium Risk
6961-VCPMC,46,Month-to-month,80.4,3605.2,Fiber optic,Electronic check,High ($65-95),Yes,4876,0.7116443514047844,1,Medium Risk
6688-UZPWD,11,Month-to-month,102.0,1145.35,Fiber optic,Electronic check,Premium (>$95),Yes,5750,0.8344240470308104,1,High Risk
2839-RFSQE,2,Month-to-month,20.65,38.7,No,Mailed check,Low (<$35),Yes,3845,0.32384810801338754,0,Low Risk
0968-GSIKN,1,Month-to-month,70.8,70.8,Fiber optic,Mailed check,High ($65-95),Yes,3901,0.820274656206652,1,High Risk
1965-DDBWU,16,Month-to-month,89.05,1448.6,Fiber optic,Credit card (automatic),High ($65-95),Yes,5953,0.4471585046125124,0,Low Risk
9057-SIHCH,3,Month-to-month,96.6,291.9,Fiber optic,Electronic check,Premium (>$95),Yes,3260,0.9036901764843768,1,High Risk
6771-XWBDM,57,Month-to-month,104.5,5921.35,Fiber optic,Credit card (automatic),Premium (>$95),Yes,4471,0.5162739647374146,1,Medium Risk
8601-QACRS,5,Month-to-month,50.6,249.95,DSL,Mailed check,Medium ($35-65),Yes,2353,0.6740019819060257,1,Medium Risk
2391-SOORI,4,Month-to-month,49.35,219.65,DSL,Electronic check,Medium ($35-65),Yes,5858,0.42969798190941316,0,Low Risk
2645-QTLMB,7,Month-to-month,94.25,669.0,Fiber optic,Electronic check,High ($65-95),Yes,5267,0.8118933130181688,1,High Risk
4806-HIPDW,1,Month-to-month,68.95,68.95,Fiber optic,Electronic check,High ($65-95),Yes,5644,0.8472931739009547,1,High Risk
4424-TKOPW,2,Month-to-month,93.85,196.75,Fiber optic,Electronic check,High ($65-95),Yes,4998,0.8996622664023468,1,High Risk
8443-ZRDBZ,4,Month-to-month,76.05,318.9,Fiber optic,Electronic check,High ($65-95),Yes,3685,0.8785519013364478,1,High Risk
9136-ALYBR,1,Month-to-month,24.45,24.45,DSL,Mailed check,Low (<$35),Yes,2121,0.7317258786466716,1,Medium Risk
7479-NITWS,7,Month-to-month,89.35,631.85,Fiber optic,Credit card (automatic),High ($65-95),Yes,4154,0.6745381265611666,1,Medium Risk
2959-MJHIC,4,Month-to-month,80.35,307.4,Fiber optic,Electronic check,High ($65-95),Yes,4167,0.8601255950047437,1,High Risk
4201-JMNGR,1,Month-to-month,55.8,55.8,DSL,Electronic check,Medium ($35-65),Yes,5527,0.6670906715849427,1,Medium Risk
5960-WPXQM,1,Month-to-month,79.05,79.05,Fiber optic,Electronic check,High ($65-95),Yes,3555,0.8893884736718703,1,High Risk
0684-AOSIH,1,Month-to-month,95.0,95.0,Fiber optic,Electronic check,High ($65-95),Yes,4489,0.7666922439884598,1,High Risk
8260-NGFNY,1,Month-to-month,25.2,25.2,DSL,Mailed check,Low (<$35),Yes,3196,0.6025635288284601,1,Medium Risk
1866-RZZQS,41,Month-to-month,98.4,4187.75,Fiber optic,Electronic check,Premium (>$95),Yes,2169,0.7866930094016554,1,High Risk
8631-NBHFZ,66,Two year,79.4,5154.6,DSL,Credit card (automatic),High ($65-95),Yes,5910,0.24979987375314516,0,Very Low Risk
4958-XCBDQ,35,Month-to-month,101.4,3496.3,Fiber optic,Electronic check,Premium (>$95),Yes,3689,0.7885779790459811,1,High Risk
8337-UPOAQ,10,Month-to-month,89.8,914.3,Fiber optic,Electronic check,High ($65-95),Yes,5124,0.8504045821675971,1,High Risk
1725-IQNIY,54,Two year,109.75,6110.2,Fiber optic,Bank transfer (automatic),Premium (>$95),Yes,6274,0.26938037390354236,0,Low Risk
6598-RFFVI,2,One year,19.3,28.3,No,Credit card (automatic),Low (<$35),Yes,2279,0.052596048443311734,0,Very Low Risk
6712-OAWRH,26,Month-to-month,91.25,2351.8,Fiber optic,Electronic check,High ($65-95),Yes,5154,0.763808468531392,1,High Risk
8614-VGMMV,15,Month-to-month,49.1,679.55,DSL,Electronic check,Medium ($35-65),Yes,5209,0.683770355874622,1,Medium Risk
2930-UOTMB,31,Month-to-month,65.25,1994.3,DSL,Credit card (automatic),High ($65-95),Yes,4403,0.1719623876211282,0,Very Low Risk
5914-DVBWJ,18,Month-to-month,85.45,1505.85,Fiber optic,Electronic check,High ($65-95),Yes,5145,0.7004450884474118,1,Medium Risk
2533-QVMSK,61,Two year,94.1,5638.3,Fiber optic,Electronic check,High ($65-95),Yes,6295,0.15574096759195186,0,Very Low Risk
8644-XLFBW,1,Month-to-month,71.65,71.65,Fiber optic,Electronic check,High ($65-95),Yes,5674,0.8726727983136867,1,High Risk
8625-AZYZY,24,Month-to-month,104.65,2542.45,Fiber optic,Electronic check,Premium (>$95),Yes,4734,0.7768085444432861,1,High Risk
9306-CPCBC,3,Month-to-month,74.25,210.3,Fiber optic,Electronic check,High ($65-95),Yes,3207,0.8740110986711261,1,High Risk
1833-VGRUM,1,Month-to-month,74.2,74.2,Fiber optic,Electronic check,High ($65-95),Yes,4684,0.888662883629649,1,High Risk
8374-XGEJJ,43,Month-to-month,101.0,4388.4,Fiber optic,Electronic check,Premium (>$95),Yes,3123,0.7498963936649156,1,Medium Risk
2656-TABEH,4,Month-to-month,100.2,420.2,Fiber optic,Electronic check,Premium (>$95),Yes,2650,0.8545282024121328,1,High Risk
6946-LMSQS,25,One year,89.05,2177.45,Fiber optic,Electronic check,High ($65-95),Yes,2673,0.4004714834726733,0,Low Risk
2325-ZUSFD,57,One year,70.1,3913.3,DSL,Bank transfer (automatic),High ($65-95),Yes,4669,0.12206759195117545,0,Very Low Risk
3932-CMDTD,4,One year,105.65,443.9,Fiber optic,Electronic check,Premium (>$95),Yes,4663,0.47009965121495645,0,Low Risk
4039-HEUNW,36,Month-to-month,96.5,3436.1,Fiber optic,Electronic check,Premium (>$95),Yes,4652,0.7514762311675588,1,High Risk
0812-WUPTB,1,Month-to-month,70.85,70.85,Fiber optic,Mailed check,High ($65-95),Yes,3022,0.762715764996899,1,High Risk
3594-UVONA,35,One year,85.95,3110.1,DSL,Credit card (automatic),High ($65-95),Yes,3833,0.11594909961477759,0,Very Low Risk
0004-TLHLJ,4,Month-to-month,73.9,280.85,Fiber optic,Electronic check,High ($65-95),Yes,4479,0.8044775979738938,1,High Risk
5089-IFSDP,58,Two year,109.45,6144.55,Fiber optic,Bank transfer (automatic),Premium (>$95),Yes,6424,0.27670077658653963,0,Low Risk
4817-VYYWS,30,Month-to-month,100.2,2983.8,Fiber optic,Electronic check,Premium (>$95),Yes,3598,0.7456763048262722,1,Medium Risk
1396-QWFBJ,21,Month-to-month,74.05,1565.7,Fiber optic,Bank transfer (automatic),High ($65-95),Yes,5630,0.5839149422229094,1,Medium Risk
5299-SJCZT,3,Month-to-month,101.55,298.35,Fiber optic,Bank transfer (automatic),Premium (>$95),Yes,4480,0.8017935169029111,1,High Risk
2403-BCASL,41,One year,111.95,4534.9,Fiber optic,Electronic check,Premium (>$95),Yes,3711,0.5943165833686548,1,Medium Risk
2898-LSJGD,21,One year,55.95,1157.05,DSL,Electronic check,Medium ($35-65),Yes,5531,0.4900267859202764,0,Low Risk
7359-PTSXY,1,Month-to-month,45.75,45.75,DSL,Electronic check,Medium ($35-65),Yes,3531,0.7512071101812399,1,High Risk
4503-BDXBD,11,Month-to-month,74.95,815.5,Fiber optic,Electronic check,High ($65-95),Yes,4251,0.5534141383080532,1,Medium Risk
6086-ESGRL,1,Month-to-month,80.15,80.15,Fiber optic,Credit card (automatic),High ($65-95),Yes,3947,0.718893470521678,1,Medium Risk
3886-CERTZ,72,One year,109.25,8109.8,Fiber optic,Electronic check,Premium (>$95),Yes,4261,0.48977196787688526,0,Low Risk
5759-RCVCB,3,Month-to-month,35.2,108.95,DSL,Credit card (automatic),Medium ($35-65),Yes,5450,0.4852879744195297,0,Low Risk
6372-RFVNS,1,Month-to-month,78.8,78.8,Fiber optic,Electronic check,High ($65-95),Yes,5075,0.8081021599293154,1,High Risk
8938-UMKPI,47,Month-to-month,106.4,5127.95,Fiber optic,Electronic check,Premium (>$95),Yes,4804,0.6768905500378883,1,Medium Risk
0991-BRRFB,18,Month-to-month,49.4,874.8,DSL,Electronic check,Medium ($35-65),Yes,4028,0.5208428323397982,1,Medium Risk
3871-IKPYH,1,Month-to-month,69.1,69.1,Fiber optic,Electronic check,High ($65-95),Yes,2767,0.7834239329098431,1,High Risk
6319-IEJWJ,20,Month-to-month,90.2,1776.55,Fiber optic,Electronic check,High ($65-95),Yes,2058,0.804120658974842,1,High Risk
9025-AOMKI,6,Month-to-month,93.55,536.4,Fiber optic,Bank transfer (automatic),High ($65-95),Yes,5617,0.8503251230311748,1,High Risk
5275-SQEIZ,1,Month-to-month,80.85,80.85,Fiber optic,Mailed check,High ($65-95),Yes,3096,0.7935190851513092,1,High Risk
7716-YTYHG,48,One year,82.05,4029.95,Fiber optic,Mailed check,High ($65-95),Yes,3365,0.44158681136740746,0,Low Risk
4390-KYULV,3,Month-to-month,20.55,51.15,No,Credit card (automatic),Low (<$35),Yes,4115,0.3055436179637302,0,Low Risk
1304-NECVQ,2,Month-to-month,78.55,149.55,Fiber optic,Electronic check,High ($65-95),Yes,5203,0.8596417292215189,1,High Risk
8945-GRKHX,1,Month-to-month,78.65,78.65,Fiber optic,Electronic check,High ($65-95),Yes,2728,0.8294769653600178,1,High Risk
6959-UWKHF,1,Month-to-month,42.9,42.9,DSL,Electronic check,Medium ($35-65),Yes,4895,0.8017578071512333,1,High Risk
3815-SLMEF,3,Month-to-month,34.25,139.35,DSL,Mailed check,Low (<$35),Yes,2802,0.4159236400738396,0,Low Risk
5154-VEKBL,9,Month-to-month,58.5,539.85,DSL,Mailed check,Medium ($35-65),Yes,3032,0.36044512919814875,0,Low Risk
5655-JSMZM,49,Month-to-month,96.2,4718.25,Fiber optic,Electronic check,Premium (>$95),Yes,5904,0.770176908774846,1,High Risk
4505-EXZHB,6,Month-to-month,74.4,434.1,Fiber optic,Electronic check,High ($65-95),Yes,3964,0.7095402449506545,1,Medium Risk
4587-VVTOX,6,Month-to-month,105.3,545.2,Fiber optic,Electronic check,Premium (>$95),Yes,4163,0.8241026140414021,1,High Risk
4652-NNHNY,16,Month-to-month,73.85,1284.2,Fiber optic,Bank transfer (automatic),High ($65-95),Yes,3226,0.6559193347858389,1,Medium Risk
8972-HJWNV,7,Month-to-month,84.55,646.85,Fiber optic,Electronic check,High ($65-95),Yes,5245,0.8737419796180852,1,High Risk
8515-OCTJS,25,Two year,24.75,692.1,No,Credit card (automatic),Low (<$35),Yes,4931,0.3635767626231754,0,Low Risk
2860-RANUS,20,Month-to-month,85.8,1727.5,Fiber optic,Credit card (automatic),High ($65-95),Yes,3336,0.6134679732863542,1,Medium Risk
5261-QSHQM,4,Month-to-month,24.45,86.6,DSL,Electronic check,Low (<$35),Yes,4909,0.7841455609831972,1,High Risk
8868-WOZGU,28,Month-to-month,105.7,2979.5,Fiber optic,Electronic check,Premium (>$95),Yes,2464,0.7415752719187719,1,Medium Risk
1334-FJSVR,1,Month-to-month,24.25,24.25,DSL,Electronic check,Low (<$35),Yes,2846,0.8219851806550517,1,High Risk
7625-XCQRH,11,Month-to-month,76.5,837.95,Fiber optic,Electronic check,High ($65-95),Yes,2291,0.848198215673081,1,High Risk
1731-TVIUK,4,Month-to-month,93.5,362.2,Fiber optic,Electronic check,High ($65-95),Yes,4554,0.7160632162127465,1,Medium Risk
0406-BPDVR,54,One year,101.5,5373.1,Fiber optic,Credit card (automatic),Premium (>$95),Yes,6405,0.5400828973444921,1,Medium Risk
0618-XWMSS,28,Month-to-month,74.9,2068.55,Fiber optic,Bank transfer (automatic),High ($65-95),Yes,5392,0.41464235154275675,0,Low Risk
5276-KQWHG,2,Month-to-month,69.6,131.65,Fiber optic,Electronic check,High ($65-95),Yes,4596,0.8645973219882724,1,High Risk
2565-JSLRY,1,Month-to-month,24.05,24.05,No,Mailed check,Low (<$35),Yes,3162,0.4991487160290772,0,Low Risk
6689-KXGBO,1,Month-to-month,50.55,50.55,DSL,Electronic check,Medium ($35-65),Yes,3420,0.5425650672021667,1,Medium Risk
6615-NGGZJ,14,Month-to-month,100.55,1415.55,Fiber optic,Electronic check,Premium (>$95),Yes,5224,0.8137665377817476,1,High Risk
4255-DDUOU,1,Month-to-month,20.5,20.5,No,Mailed check,Low (<$35),Yes,2398,0.4723927203944717,0,Low Risk
2984-MIIZL,4,Month-to-month,74.8,321.9,Fiber optic,Bank transfer (automatic),High ($65-95),Yes,5882,0.7914089589915132,1,High Risk
5590-YRFJT,20,Month-to-month,24.45,482.8,DSL,Electronic check,Low (<$35),Yes,3298,0.6780701629116451,1,Medium Risk
3677-TNKIO,14,Month-to-month,71.0,914.0,Fiber optic,Credit card (automatic),High ($65-95),Yes,3228,0.6006379463889546,1,Medium Risk
9667-EQRXU,30,Month-to-month,40.3,1172.95,DSL,Electronic check,Medium ($35-65),Yes,3016,0.5603594569343164,1,Medium Risk
3329-WDIOK,3,Month-to-month,50.6,155.35,DSL,Electronic check,Medium ($35-65),Yes,4800,0.6436125112677636,1,Medium Risk
2873-ZLIWT,40,Month-to-month,84.85,3303.05,Fiber optic,Electronic check,High ($65-95),Yes,5764,0.659068328187653,1,Medium Risk
3415-TAILE,2,Month-to-month,65.7,134.35,DSL,Mailed check,High ($65-95),Yes,4265,0.4531835797435671,0,Low Risk
1915-IOFGU,1,Month-to-month,70.5,70.5,Fiber optic,Electronic check,High ($65-95),Yes,4123,0.8188965446731483,1,High Risk
3045-XETSH,10,Month-to-month,94.85,953.45,Fiber optic,Electronic check,High ($65-95),Yes,3074,0.8087673550180883,1,High Risk
7239-HZZCX,1,Month-to-month,19.75,19.75,No,Mailed check,Low (<$35),Yes,4851,0.5825300413558869,1,Medium Risk
7683-CBDKJ,14,Month-to-month,65.45,937.6,DSL,Electronic check,High ($65-95),Yes,2881,0.3424989057883628,0,Low Risk
0946-CLJTI,58,Month-to-month,98.7,5812.6,Fiber optic,Electronic check,Premium (>$95),Yes,4662,0.7529643293653528,1,High Risk
0628-CNQRM,22,One year,67.5,1544.05,DSL,Bank transfer (automatic),High ($65-95),Yes,3378,0.14183467816338532,0,Very Low Risk
7665-TOALD,1,Month-to-month,69.6,69.6,Fiber optic,Electronic check,High ($65-95),Yes,2412,0.879449820580573,1,High Risk
0112-QWPNC,49,One year,84.35,4059.35,DSL,Electronic check,High ($65-95),Yes,6452,0.3201496108162054,0,Low Risk
0324-BRPCJ,68,Month-to-month,100.2,6851.65,Fiber optic,Electronic check,Premium (>$95),Yes,4481,0.6527227959780579,1,Medium Risk
2777-PHDEI,1,Month-to-month,78.05,78.05,Fiber optic,Electronic check,High ($65-95),Yes,3458,0.8228983732396745,1,High Risk
1196-AMORA,7,Month-to-month,73.6,520.0,Fiber optic,Electronic check,High ($65-95),Yes,2679,0.736039292369579,1,Medium Risk
4282-YMKNA,9,Month-to-month,74.75,706.6,Fiber optic,Electronic check,High ($65-95),Yes,5003,0.8632950323400559,1,High Risk
5356-RHIPP,1,Month-to-month,20.2,20.2,No,Mailed check,Low (<$35),Yes,5355,0.6416214107435374,1,Medium Risk
9189-JWSHV,24,Month-to-month,93.55,2264.05,Fiber optic,Electronic check,High ($65-95),Yes,4937,0.8021411168683451,1,High Risk
0746-JTRFU,2,Month-to-month,25.05,56.35,DSL,Electronic check,Low (<$35),Yes,4810,0.8215259165381239,1,High Risk
0576-WNXXC,27,Month-to-month,95.55,2510.2,Fiber optic,Electronic check,Premium (>$95),Yes,2999,0.7150881062512299,1,Medium Risk
4628-CTTLA,57,Month-to-month,39.3,2111.45,DSL,Electronic check,Medium ($35-65),Yes,4917,0.5497843845093704,1,Medium Risk
2876-VBBBL,1,Month-to-month,20.25,20.25,No,Mailed check,Low (<$35),Yes,2783,0.7992866523854574,1,High Risk
6834-NXDCA,13,Month-to-month,23.9,300.8,DSL,Electronic check,Low (<$35),Yes,2967,0.7264745963818677,1,Medium Risk
5597-GLBUC,1,Month-to-month,85.45,85.45,Fiber optic,Electronic check,High ($65-95),Yes,4931,0.8549681355415647,1,High Risk
2748-MYRVK,63,One year,99.9,6137.0,Fiber optic,Bank transfer (automatic),Premium (>$95),Yes,4776,0.21995219176271807,0,Very Low Risk
4822-YCXMX,25,Month-to-month,84.8,2043.45,Fiber optic,Electronic check,High ($65-95),Yes,4203,0.8197414451946367,1,High Risk
9821-POOTN,35,Month-to-month,75.2,2576.2,Fiber optic,Electronic check,High ($65-95),Yes,4639,0.7665896845460002,1,High Risk
6559-ILWKJ,71,Two year,49.35,3515.25,DSL,Electronic check,Medium ($35-65),Yes,4879,0.5515145612645528,1,Medium Risk
4229-CZMLL,6,Month-to-month,74.9,469.8,Fiber optic,Electronic check,High ($65-95),Yes,4160,0.8740261779207743,1,High Risk
3663-MITLP,15,Month-to-month,101.25,1457.25,Fiber optic,Electronic check,Premium (>$95),Yes,3968,0.7644923063270475,1,High Risk
9025-ZRPVR,9,Month-to-month,18.95,185.6,No,Mailed check,Low (<$35),Yes,5403,0.20539122257558234,0,Very Low Risk
3285-UCQVC,37,Month-to-month,28.6,973.55,DSL,Credit card (automatic),Low (<$35),Yes,4429,0.46942967724527807,0,Low Risk
5482-PLVPE,2,Month-to-month,24.35,41.85,DSL,Electronic check,Low (<$35),Yes,3278,0.7325841135298795,1,Medium Risk
4902-OHLSK,29,Month-to-month,98.65,2862.75,Fiber optic,Electronic check,Premium (>$95),Yes,4235,0.6008800510921266,1,Medium Risk
0495-ZBNGW,5,Month-to-month,79.9,343.95,Fiber optic,Bank transfer (automatic),High ($65-95),Yes,4324,0.7647498355070931,1,High Risk
2357-COQEK,28,Month-to-month,103.3,2890.65,Fiber optic,Electronic check,Premium (>$95),Yes,4136,0.6934177182527089,1,Medium Risk
3737-GCSPV,11,Month-to-month,96.2,1222.05,Fiber optic,Credit card (automatic),Premium (>$95),Yes,3101,0.6742912335549706,1,Medium Risk
4088-YLDSU,55,One year,104.15,5743.05,Fiber optic,Electronic check,Premium (>$95),Yes,4369,0.5982304844322266,1,Medium Risk
2034-CGRHZ,24,Month-to-month,102.95,2496.7,Fiber optic,Credit card (automatic),Premium (>$95),Yes,5245,0.5844527299527669,1,Medium Risk
5797-APWZC,1,Month-to-month,90.6,90.6,Fiber optic,Electronic check,High ($65-95),Yes,2540,0.8371182702033636,1,High Risk
3683-QKIUE,6,Month-to-month,50.8,288.05,DSL,Bank transfer (automatic),Medium ($35-65),Yes,4713,0.503878024659944,1,Medium Risk
4228-ZGYUW,4,Month-to-month,90.05,368.1,Fiber optic,Electronic check,High ($65-95),Yes,3212,0.8719198864517378,1,High Risk
3519-ZKXGG,3,Month-to-month,75.85,256.6,Fiber optic,Electronic check,High ($65-95),Yes,4062,0.8603331848068975,1,High Risk
6416-TVAIH,1,Month-to-month,68.5,68.5,Fiber optic,Electronic check,High ($65-95),Yes,5753,0.8820642780723716,1,High Risk
5108-ADXWO,11,Month-to-month,73.5,791.75,Fiber optic,Electronic check,High ($65-95),Yes,4509,0.6875534276227456,1,Medium Risk
3066-RRJIO,1,Month-to-month,69.95,69.95,Fiber optic,Mailed check,High ($65-95),Yes,5341,0.819774656206652,1,High Risk
6715-OFDBP,5,Month-to-month,70.05,346.4,DSL,Electronic check,High ($65-95),Yes,4944,0.7175458259906891,1,Medium Risk
1567-DSCIC,8,Month-to-month,94.0,773.65,Fiber optic,Electronic check,High ($65-95),Yes,2632,0.8514811172414558,1,High Risk
2150-UWTFY,22,Month-to-month,61.15,1422.05,DSL,Mailed check,Medium ($35-65),Yes,4626,0.23188358350850588,0,Very Low Risk
2683-BPJSO,29,Month-to-month,84.45,2467.1,Fiber optic,Electronic check,High ($65-95),Yes,2651,0.5694297636938979,1,Medium Risk
2157-MXBJS,13,One year,75.3,989.45,DSL,Mailed check,High ($65-95),Yes,4800,0.46405549190170803,0,Low Risk
9360-AHGNL,43,One year,109.55,4830.25,Fiber optic,Mailed check,Premium (>$95),Yes,5863,0.5371274107222437,1,Medium Risk
1087-UDSIH,3,Month-to-month,19.6,59.75,No,Mailed check,Low (<$35),Yes,5000,0.30939889072671467,0,Low Risk
5485-WUYWF,2,Month-to-month,66.4,94.55,DSL,Bank transfer (automatic),High ($65-95),Yes,4522,0.523270237717463,1,Medium Risk
2632-UCGVD,66,Month-to-month,100.05,6871.9,Fiber optic,Credit card (automatic),Premium (>$95),Yes,4512,0.5656228760685221,1,Medium Risk
5445-PZWGX,62,One year,102.0,6529.25,Fiber optic,Electronic check,Premium (>$95),Yes,5090,0.1861938908577877,0,Very Low Risk
9170-CCKOU,17,Month-to-month,90.2,1454.15,Fiber optic,Credit card (automatic),High ($65-95),Yes,2026,0.4251623351749494,0,Low Risk
1043-YCUTE,56,Two year,25.15,1327.15,No,Credit card (automatic),Low (<$35),Yes,6484,0.25845835490553326,0,Low Risk
3814-MLAXC,31,Month-to-month,79.85,2404.15,Fiber optic,Credit card (automatic),High ($65-95),Yes,2554,0.4661743712047853,0,Low Risk
1226-UDFZR,2,Month-to-month,49.6,114.7,DSL,Mailed check,Medium ($35-65),Yes,3599,0.6268092822200491,1,Medium Risk
6425-YQLLO,66,One year,105.95,6975.25,Fiber optic,Credit card (automatic),Premium (>$95),Yes,6117,0.41975330816521905,0,Low Risk
5442-UTCVD,3,Month-to-month,91.85,257.05,Fiber optic,Electronic check,High ($65-95),Yes,2704,0.7374904677244118,1,Medium Risk
7734-DBOAI,1,Month-to-month,40.1,40.1,DSL,Electronic check,Medium ($35-65),Yes,5434,0.5662057468785632,1,Medium Risk
2091-RFFBA,31,Month-to-month,73.9,2217.15,Fiber optic,Electronic check,High ($65-95),Yes,2560,0.7532917844669309,1,High Risk
2114-MGINA,14,Month-to-month,89.8,1129.1,Fiber optic,Mailed check,High ($65-95),Yes,4107,0.6824412738479627,1,Medium Risk
4489-SNOJF,35,Month-to-month,72.25,2568.55,DSL,Electronic check,High ($65-95),Yes,5898,0.07553840188035622,0,Very Low Risk
6899-PPEEA,37,Month-to-month,96.55,3580.3,Fiber optic,Electronic check,Premium (>$95),Yes,4448,0.7961400363137665,1,High Risk
2187-LZGPL,7,Month-to-month,40.1,293.3,DSL,Credit card (automatic),Medium ($35-65),Yes,4414,0.4805997991973379,0,Low Risk
4597-NUCQV,24,Month-to-month,101.25,2440.15,Fiber optic,Electronic check,Premium (>$95),Yes,4287,0.795187803171205,1,High Risk
9019-QVLZD,1,Month-to-month,79.55,79.55,Fiber optic,Electronic check,High ($65-95),Yes,5082,0.8225045536429717,1,High Risk
3707-LRWZD,32,One year,84.05,2781.85,Fiber optic,Electronic check,High ($65-95),Yes,3553,0.45342754997877527,0,Low Risk
1455-ESIQH,1,Month-to-month,89.1,89.1,Fiber optic,Electronic check,High ($65-95),Yes,2905,0.8929128940673973,1,High Risk
2979-SXESE,17,Month-to-month,94.4,1607.2,Fiber optic,Electronic check,High ($65-95),Yes,4103,0.6249149952600099,1,Medium Risk
4013-TLDHQ,19,Month-to-month,78.25,1490.95,Fiber optic,Electronic check,High ($65-95),Yes,3666,0.7054351086609484,1,Medium Risk
3754-DXMRT,2,Month-to-month,44.15,92.65,DSL,Electronic check,Medium ($35-65),Yes,5655,0.7946375007082962,1,High Risk
7130-VTEWQ,8,Month-to-month,75.75,606.25,Fiber optic,Electronic check,High ($65-95),Yes,4174,0.8715644903036325,1,High Risk
6121-VZNQB,1,Month-to-month,19.1,19.1,No,Mailed check,Low (<$35),Yes,5890,0.5629936974158989,1,Medium Risk
7903-CMPEY,1,Month-to-month,80.3,80.3,Fiber optic,Electronic check,High ($65-95),Yes,4138,0.7358991985440304,1,Medium Risk
6996-KNSML,1,Month-to-month,74.9,74.9,Fiber optic,Electronic check,High ($65-95),Yes,5919,0.8693284505522152,1,High Risk
1704-NRWYE,9,Month-to-month,80.85,751.65,Fiber optic,Electronic check,High ($65-95),Yes,5242,0.8586913107239412,1,High Risk
2592-SEIFQ,3,Month-to-month,24.75,66.95,DSL,Electronic check,Low (<$35),Yes,3503,0.7093683054424964,1,Medium Risk
7481-ATQQS,49,Month-to-month,90.85,4515.85,Fiber optic,Credit card (automatic),High ($65-95),Yes,5651,0.5004189422991693,1,Medium Risk
8642-GVWRF,2,Month-to-month,79.7,165.0,Fiber optic,Bank transfer (automatic),High ($65-95),Yes,3039,0.6776895434537218,1,Medium Risk
3400-ESFUW,55,Two year,57.55,3046.4,DSL,Bank transfer (automatic),Medium ($35-65),Yes,5463,0.016109017367363497,0,Very Low Risk
2057-ZBLPD,21,Month-to-month,86.5,1808.7,Fiber optic,Electronic check,High ($65-95),Yes,2036,0.809863321183036,1,High Risk
5502-RLUYV,69,Month-to-month,103.95,7446.9,Fiber optic,Electronic check,Premium (>$95),Yes,4283,0.6811044882047367,1,Medium Risk
0023-HGHWL,1,Month-to-month,25.1,25.1,DSL,Electronic check,Low (<$35),Yes,5437,0.8469609394355437,1,High Risk
9039-RBEEE,39,Month-to-month,48.95,1880.85,DSL,Credit card (automatic),Medium ($35-65),Yes,3080,0.14877941328252067,0,Very Low Risk
8417-FMLZI,6,Month-to-month,83.55,477.55,Fiber optic,Credit card (automatic),High ($65-95),Yes,4242,0.6541970476259804,1,Medium Risk
1792-UXAFY,17,Month-to-month,89.15,1496.9,Fiber optic,Electronic check,High ($65-95),Yes,5082,0.7218553118135271,1,Medium Risk
0515-YPMCW,1,Month-to-month,70.45,70.45,Fiber optic,Mailed check,High ($65-95),Yes,3525,0.7944511824147359,1,High Risk
0378-XSZPU,58,One year,60.3,3563.8,DSL,Credit card (automatic),Medium ($35-65),Yes,4026,0.20547381441480264,0,Very Low Risk
4729-XKASR,1,Month-to-month,24.75,24.75,DSL,Electronic check,Low (<$35),Yes,3001,0.5797347225304812,1,Medium Risk
5449-FIBXJ,19,Month-to-month,103.3,2012.7,Fiber optic,Electronic check,Premium (>$95),Yes,2349,0.6343022128624493,1,Medium Risk
9837-BMCLM,3,Month-to-month,78.5,242.05,Fiber optic,Electronic check,High ($65-95),Yes,3567,0.8767213156213346,1,High Risk
0137-UDEUO,3,Month-to-month,19.85,63.75,No,Mailed check,Low (<$35),Yes,3398,0.3555311714239691,0,Low Risk
6161-UUUTA,3,Month-to-month,79.9,260.9,Fiber optic,Electronic check,High ($65-95),Yes,4367,0.8774325554594017,1,High Risk
6543-XRMYR,30,Month-to-month,99.7,2967.35,Fiber optic,Electronic check,Premium (>$95),Yes,3548,0.7672715920930077,1,High Risk
4925-LMHOK,15,Month-to-month,58.6,939.7,DSL,Credit card (automatic),Medium ($35-65),Yes,2003,0.4515267054919023,0,Low Risk
1455-UGQVH,10,Month-to-month,98.5,1037.75,Fiber optic,Electronic check,Premium (>$95),Yes,4501,0.8704579251463278,1,High Risk
8280-MQRQN,1,Month-to-month,50.45,50.45,DSL,Mailed check,Medium ($35-65),Yes,2806,0.711211960422112,1,Medium Risk
2037-SGXHH,38,Month-to-month,94.65,3624.3,Fiber optic,Electronic check,High ($65-95),Yes,3498,0.7085238543214188,1,Medium Risk
3178-FESZO,1,Month-to-month,100.25,100.25,Fiber optic,Credit card (automatic),Premium (>$95),Yes,5797,0.77203483181335,1,High Risk
6087-MVHJH,16,Month-to-month,88.45,1422.1,Fiber optic,Electronic check,High ($65-95),Yes,5186,0.8268093392357961,1,High Risk
4603-JANFB,1,Month-to-month,69.85,69.85,Fiber optic,Electronic check,High ($65-95),Yes,4548,0.8781786754300066,1,High Risk
3018-TFTSU,12,Month-to-month,81.7,858.6,Fiber optic,Bank transfer (automatic),High ($65-95),Yes,2850,0.3532584323234713,0,Low Risk
4806-KEXQR,4,Month-to-month,79.9,324.3,Fiber optic,Electronic check,High ($65-95),Yes,4669,0.8768368311832133,1,High Risk
7083-YNSKY,15,Month-to-month,25.4,399.6,No,Credit card (automatic),Low (<$35),Yes,2853,0.33245078173903553,0,Low Risk
2479-BRAMR,41,Month-to-month,83.75,3273.55,Fiber optic,Bank transfer (automatic),High ($65-95),Yes,4995,0.39051803013215136,0,Low Risk
7434-SHXLS,1,Month-to-month,20.9,20.9,No,Mailed check,Low (<$35),Yes,5421,0.5709876630838134,1,Medium Risk
7908-QCBCA,1,Month-to-month,69.4,69.4,Fiber optic,Mailed check,High ($65-95),Yes,2404,0.8094810163175318,1,High Risk
6711-FLDFB,7,Month-to-month,74.9,541.15,Fiber optic,Electronic check,High ($65-95),Yes,5159,0.8716840109626558,1,High Risk
3714-JTVOV,42,Month-to-month,74.15,3229.4,Fiber optic,Credit card (automatic),High ($65-95),Yes,2322,0.4666986629466171,0,Low Risk
4702-IOQDC,1,Month-to-month,70.1,70.1,Fiber optic,Electronic check,High ($65-95),Yes,2007,0.8778589114896639,1,High Risk
6178-KFNHS,12,Month-to-month,78.3,909.25,Fiber optic,Electronic check,High ($65-95),Yes,3545,0.6644223171089471,1,Medium Risk
1264-BYWMS,55,Month-to-month,96.8,5283.95,Fiber optic,Electronic check,Premium (>$95),Yes,4089,0.7744922565285431,1,High Risk
9658-WYUFB,17,Month-to-month,94.4,1617.5,Fiber optic,Electronic check,High ($65-95),Yes,2825,0.762927761058687,1,High Risk
2013-SGDXK,1,Month-to-month,84.3,84.3,Fiber optic,Electronic check,High ($65-95),Yes,2172,0.7048068627124567,1,Medium Risk
8580-QVLOC,72,Two year,92.45,6440.25,DSL,Credit card (automatic),High ($65-95),Yes,5697,0.030127233449719192,0,Very Low Risk
2012-NWRPA,11,Month-to-month,99.55,1131.2,Fiber optic,Electronic check,Premium (>$95),Yes,3172,0.8687359526272778,1,High Risk
8808-ELEHO,8,Month-to-month,81.25,585.95,Fiber optic,Electronic check,High ($65-95),Yes,3812,0.860631486726019,1,High Risk
3506-LCJDC,1,Month-to-month,19.95,19.95,No,Bank transfer (automatic),Low (<$35),Yes,4860,0.4362400242578993,0,Low Risk
3934-HXCFZ,23,Month-to-month,99.25,2186.4,Fiber optic,Electronic check,Premium (>$95),Yes,5338,0.6949024850517247,1,Medium Risk
7666-WKRON,39,Two year,80.45,3201.55,Fiber optic,Electronic check,High ($65-95),Yes,2224,0.30930022702797577,0,Low Risk
4910-AQFFX,9,Month-to-month,79.35,661.25,Fiber optic,Bank transfer (automatic),High ($65-95),Yes,4533,0.7179159762974774,1,Medium Risk
2154-KVJFF,15,Month-to-month,79.75,1111.85,Fiber optic,Electronic check,High ($65-95),Yes,2813,0.8281125983071966,1,High Risk
9647-ERGBE,30,Month-to-month,100.05,3046.15,Fiber optic,Electronic check,Premium (>$95),Yes,4664,0.7838712485829453,1,High Risk
3428-XZMAZ,1,Month-to-month,69.35,69.35,Fiber optic,Electronic check,High ($65-95),Yes,5796,0.8779002561284344,1,High Risk
0378-TOVMS,3,Month-to-month,85.8,272.2,Fiber optic,Electronic check,High ($65-95),Yes,5641,0.6873430392052411,1,Medium Risk
4355-HBJHH,67,Two year,79.7,5293.4,DSL,Electronic check,High ($65-95),Yes,6289,0.29969783180414383,0,Low Risk
9058-CBREO,1,Month-to-month,50.55,50.55,DSL,Mailed check,Medium ($35-65),Yes,3357,0.6588794628797604,1,Medium Risk
0318-QUUOB,1,Month-to-month,80.55,80.55,Fiber optic,Electronic check,High ($65-95),Yes,4273,0.8681986844749591,1,High Risk
5520-FVEWJ,12,Month-to-month,84.5,916.9,Fiber optic,Electronic check,High ($65-95),Yes,4154,0.7993976002948214,1,High Risk
5572-ZDXHY,22,Month-to-month,84.3,1855.65,Fiber optic,Mailed check,High ($65-95),Yes,5313,0.5844911929265099,1,Medium Risk
3750-CKVKH,2,Month-to-month,67.75,116.65,Fiber optic,Electronic check,High ($65-95),Yes,2299,0.8425897557786451,1,High Risk
8063-GBATB,27,Month-to-month,85.25,2287.25,Fiber optic,Electronic check,High ($65-95),Yes,5172,0.7941206808689263,1,High Risk
4547-KQRTM,10,Month-to-month,80.05,830.7,Fiber optic,Bank transfer (automatic),High ($65-95),Yes,3740,0.703828574536049,1,Medium Risk
4877-EVATK,1,Month-to-month,20.0,20.0,No,Mailed check,Low (<$35),Yes,3657,0.589119826960006,1,Medium Risk
7639-SUPCW,22,Month-to-month,48.8,1054.6,DSL,Credit card (automatic),Medium ($35-65),Yes,2270,0.4227941140745815,0,Low Risk
1069-XAIEM,1,Month-to-month,85.05,85.05,Fiber optic,Electronic check,High ($65-95),Yes,2975,0.9043857410684255,1,High Risk
4658-HCOHW,21,Month-to-month,102.8,2110.15,Fiber optic,Electronic check,Premium (>$95),Yes,3123,0.6525773083910095,1,Medium Risk
3440-JPSCL,6,Month-to-month,99.95,547.65,Fiber optic,Mailed check,Premium (>$95),Yes,3722,0.7496592464054155,1,Medium Risk
2889-FPWRM,72,One year,117.8,8684.8,Fiber optic,Bank transfer (automatic),Premium (>$95),Yes,4432,0.5880766400752274,1,Medium Risk
6987-XQSJT,54,Month-to-month,79.5,4370.25,Fiber optic,Electronic check,High ($65-95),Yes,5684,0.5933154398425794,1,Medium Risk
4290-BSXUX,3,Month-to-month,79.65,251.75,Fiber optic,Bank transfer (automatic),High ($65-95),Yes,5036,0.709167701962866,1,Medium Risk
0325-XBFAC,8,Month-to-month,94.7,740.3,Fiber optic,Electronic check,High ($65-95),Yes,5811,0.8415580835062403,1,High Risk
2462-XIIJB,5,Month-to-month,92.5,452.7,Fiber optic,Electronic check,High ($65-95),Yes,2810,0.8770829347617293,1,High Risk
4760-XOHVN,1,Month-to-month,19.45,19.45,No,Mailed check,Low (<$35),Yes,2865,0.5575255345205126,1,Medium Risk
7817-BOQPW,2,Month-to-month,75.55,166.3,Fiber optic,Electronic check,High ($65-95),Yes,4320,0.8772963855063126,1,High Risk
1853-UDXBW,1,Month-to-month,70.0,70.0,Fiber optic,Electronic check,High ($65-95),Yes,2485,0.8626730077406342,1,High Risk
5458-CQJTA,65,Two year,74.8,4820.15,DSL,Bank transfer (automatic),High ($65-95),Yes,5207,0.14598625740025103,0,Very Low Risk
5219-YIPTK,33,Month-to-month,104.4,3409.6,Fiber optic,Electronic check,Premium (>$95),Yes,3185,0.7293401511008044,1,Medium Risk
3540-RZJYU,15,Month-to-month,86.2,1270.2,Fiber optic,Electronic check,High ($65-95),Yes,5829,0.5782291526064854,1,Medium Risk
2091-MJTFX,30,Month-to-month,51.2,1561.5,DSL,Credit card (automatic),Medium ($35-65),Yes,4568,0.1191891668833036,0,Very Low Risk
0883-EIBTI,2,Month-to-month,19.5,31.55,No,Mailed check,Low (<$35),Yes,2484,0.3519559856346895,0,Low Risk
0722-TROQR,4,Month-to-month,74.9,321.75,Fiber optic,Electronic check,High ($65-95),Yes,2122,0.8751267020868153,1,High Risk
7571-YXDAD,2,Month-to-month,74.9,147.15,Fiber optic,Credit card (automatic),High ($65-95),Yes,2078,0.6820796963581982,1,Medium Risk
3393-FMZPV,25,Month-to-month,100.25,2387.75,Fiber optic,Electronic check,Premium (>$95),Yes,2195,0.785639401756572,1,High Risk
6402-ZFPPI,25,Month-to-month,102.8,2660.2,Fiber optic,Mailed check,Premium (>$95),Yes,4969,0.603116101024816,1,Medium Risk
7486-KSRVI,43,One year,100.0,4211.55,Fiber optic,Electronic check,Premium (>$95),Yes,4760,0.5863899202887659,1,Medium Risk
8443-WVPSS,10,Month-to-month,99.85,990.9,Fiber optic,Electronic check,Premium (>$95),Yes,4243,0.6975208997480381,1,Medium Risk
3006-XIMLN,2,Month-to-month,94.2,193.8,Fiber optic,Bank transfer (automatic),High ($65-95),Yes,5299,0.8282031305677829,1,High Risk
9965-YOKZB,9,Month-to-month,83.85,790.15,Fiber optic,Electronic check,High ($65-95),Yes,3723,0.8764590921957857,1,High Risk
0504-HHAPI,27,Month-to-month,88.3,2467.75,Fiber optic,Credit card (automatic),High ($65-95),Yes,2420,0.49693784663471924,0,Low Risk
6305-YLBMM,69,One year,104.05,7262.0,Fiber optic,Bank transfer (automatic),Premium (>$95),Yes,4254,0.4995592985322144,0,Low Risk
3647-GMGDH,22,Month-to-month,94.7,1914.9,Fiber optic,Credit card (automatic),High ($65-95),Yes,5615,0.5557905951301353,1,Medium Risk
3791-LGQCY,56,Month-to-month,100.65,5688.05,Fiber optic,Bank transfer (automatic),Premium (>$95),Yes,4803,0.5786329096234578,1,Medium Risk
8166-ZZTFS,66,Two year,80.55,5265.1,DSL,Bank transfer (automatic),High ($65-95),Yes,4400,0.27866613339332846,0,Low Risk
2956-GGUCQ,24,Month-to-month,78.85,1772.25,Fiber optic,Electronic check,High ($65-95),Yes,3079,0.6511826342832501,1,Medium Risk
6595-COKXZ,1,Month-to-month,44.45,44.45,DSL,Mailed check,Medium ($35-65),Yes,4879,0.7215891208901404,1,Medium Risk
0362-ZBZWJ,36,Month-to-month,84.9,3067.2,Fiber optic,Electronic check,High ($65-95),Yes,2455,0.7953935756837751,1,High Risk
4211-MMAZN,1,Month-to-month,20.25,20.25,No,Mailed check,Low (<$35),Yes,2959,0.5642615144642534,1,Medium Risk
4274-OWWYO,1,Month-to-month,74.35,74.35,Fiber optic,Electronic check,High ($65-95),Yes,5633,0.8203071285127446,1,High Risk
1541-ETJZO,1,Month-to-month,62.05,62.05,DSL,Mailed check,Medium ($35-65),Yes,2937,0.40373406917519794,0,Low Risk
4106-HADHQ,39,One year,80.0,3182.95,DSL,Credit card (automatic),High ($65-95),Yes,2704,0.19536384868994947,0,Very Low Risk
2369-UAPKZ,5,Month-to-month,104.1,541.9,Fiber optic,Mailed check,Premium (>$95),Yes,3131,0.6362228743866589,1,Medium Risk
2778-OCLGR,24,Month-to-month,39.1,971.3,DSL,Bank transfer (automatic),Medium ($35-65),Yes,4591,0.3962877099196212,0,Low Risk
0637-KVDLV,2,Month-to-month,76.5,162.45,Fiber optic,Electronic check,High ($65-95),Yes,5944,0.8822494392584553,1,High Risk
6633-MPWBS,5,Month-to-month,49.2,216.9,DSL,Electronic check,Medium ($35-65),Yes,4336,0.6346211145456561,1,Medium Risk
8785-EPNCG,11,Month-to-month,23.15,245.2,No,Credit card (automatic),Low (<$35),Yes,5671,0.3098919831236257,0,Low Risk
5729-KLZAR,4,Month-to-month,80.85,302.75,Fiber optic,Electronic check,High ($65-95),Yes,2961,0.8534482499325325,1,High Risk
1582-RAFML,1,Month-to-month,60.1,60.1,DSL,Mailed check,Medium ($35-65),Yes,5654,0.5042451956757358,1,Medium Risk
8740-CRYFY,1,Month-to-month,78.95,78.95,Fiber optic,Electronic check,High ($65-95),Yes,2038,0.8893884736718703,1,High Risk
2962-XPMCQ,2,Month-to-month,45.15,98.5,DSL,Electronic check,Medium ($35-65),Yes,2699,0.8008100597123057,1,High Risk
1678-FYZOW,3,Month-to-month,79.4,244.65,Fiber optic,Electronic check,High ($65-95),Yes,2448,0.883859620588255,1,High Risk
8627-EHGIP,44,One year,53.95,2375.4,DSL,Mailed check,Medium ($35-65),Yes,3051,0.3856028863819823,0,Low Risk
5480-TBGPH,24,Month-to-month,99.3,2431.35,Fiber optic,Credit card (automatic),Premium (>$95),Yes,4811,0.5788989663206277,1,Medium Risk
8854-CCVSQ,18,Month-to-month,80.65,1451.9,Fiber optic,Electronic check,High ($65-95),Yes,3788,0.8013643542920991,1,High Risk
0511-JTEOY,1,Month-to-month,71.1,71.1,Fiber optic,Mailed check,High ($65-95),Yes,5824,0.7811462167111827,1,High Risk
7067-KSAZT,65,One year,106.25,6979.8,Fiber optic,Electronic check,Premium (>$95),Yes,5965,0.43841299064689404,0,Low Risk
6532-YLWSI,53,One year,20.8,1021.8,No,Bank transfer (automatic),Low (<$35),Yes,4166,0.1982304326389911,0,Very Low Risk
9300-AGZNL,1,Month-to-month,94.0,94.0,Fiber optic,Electronic check,High ($65-95),Yes,4176,0.9060996988121656,1,High Risk
1112-CUNAO,15,Month-to-month,89.85,1424.95,Fiber optic,Electronic check,High ($65-95),Yes,2668,0.5640056631365356,1,Medium Risk
5175-AOBHI,4,Month-to-month,46.0,193.6,DSL,Mailed check,Medium ($35-65),Yes,5246,0.6858513243342891,1,Medium Risk
5174-RNGBH,9,Month-to-month,66.25,620.55,DSL,Mailed check,High ($65-95),Yes,5515,0.5258910090222912,1,Medium Risk
7270-BDIOA,22,Month-to-month,90.0,1993.8,Fiber optic,Electronic check,High ($65-95),Yes,4739,0.7200001568456931,1,Medium Risk
9565-JSNFM,38,One year,70.45,2597.6,Fiber optic,Bank transfer (automatic),High ($65-95),Yes,5437,0.2853977068646965,0,Low Risk
0607-DAAHE,53,Two year,19.75,1052.35,No,Bank transfer (automatic),Low (<$35),Yes,6265,0.13265573623162422,0,Very Low Risk
9732-KPKBW,1,Month-to-month,53.95,53.95,DSL,Electronic check,Medium ($35-65),Yes,2771,0.5172387258339959,1,Medium Risk
3389-YGYAI,8,Month-to-month,105.5,829.55,Fiber optic,Electronic check,Premium (>$95),Yes,5546,0.8317683390783834,1,High Risk
9560-ARGQJ,16,Month-to-month,81.0,1312.15,Fiber optic,Electronic check,High ($65-95),Yes,2335,0.8247577882738717,1,High Risk
5134-IKDAY,1,Month-to-month,69.8,69.8,Fiber optic,Electronic check,High ($65-95),Yes,2123,0.852604035612144,1,High Risk
3070-DVEYC,7,Month-to-month,73.75,545.15,Fiber optic,Mailed check,High ($65-95),Yes,5638,0.6633523309483431,1,Medium Risk
5707-ORNDZ,9,Month-to-month,54.55,494.05,DSL,Electronic check,Medium ($35-65),Yes,4656,0.5671098881718735,1,Medium Risk
8696-JKZNU,37,Month-to-month,76.25,2841.55,Fiber optic,Electronic check,High ($65-95),Yes,5859,0.7500640525328337,1,High Risk
5380-AFSSK,5,Month-to-month,93.9,486.85,Fiber optic,Mailed check,High ($65-95),Yes,5435,0.8225933036615458,1,High Risk
2055-PDADH,3,Month-to-month,70.4,204.7,Fiber optic,Electronic check,High ($65-95),Yes,2491,0.8620378995413744,1,High Risk
8714-EUHJO,31,Month-to-month,91.15,2995.45,Fiber optic,Electronic check,High ($65-95),Yes,5219,0.704071780857215,1,Medium Risk
3721-CNEYS,2,Month-to-month,70.95,137.95,Fiber optic,Electronic check,High ($65-95),Yes,5390,0.8848140929920586,1,High Risk
2568-OIADY,37,Month-to-month,99.5,3762.0,Fiber optic,Electronic check,Premium (>$95),Yes,4233,0.7816607207390638,1,High Risk
1193-RTSLK,38,Month-to-month,83.9,3233.6,Fiber optic,Credit card (automatic),High ($65-95),Yes,2157,0.38484011326815737,0,Low Risk
2302-ANTDP,48,Month-to-month,117.45,5438.9,Fiber optic,Electronic check,Premium (>$95),Yes,5915,0.5557609021504233,1,Medium Risk
5923-GXUOC,10,Month-to-month,104.4,1081.45,Fiber optic,Electronic check,Premium (>$95),Yes,5035,0.6588436172490129,1,Medium Risk
5233-GEEAX,8,Month-to-month,29.4,221.9,DSL,Electronic check,Low (<$35),Yes,5971,0.7707355999138401,1,High Risk
4432-ADRLB,2,Month-to-month,44.65,74.9,DSL,Mailed check,Medium ($35-65),Yes,4655,0.6205502355715756,1,Medium Risk
8993-PHFWD,3,Month-to-month,25.25,58.9,DSL,Electronic check,Low (<$35),Yes,2088,0.6599831851849757,1,Medium Risk
1565-RHDJD,4,Month-to-month,84.05,333.55,Fiber optic,Bank transfer (automatic),High ($65-95),Yes,5552,0.6715743673988139,1,Medium Risk
7137-RYLPP,37,Month-to-month,85.7,3171.15,Fiber optic,Electronic check,High ($65-95),Yes,4712,0.7724448232094612,1,High Risk
3765-JXVKY,1,Month-to-month,74.7,74.7,Fiber optic,Electronic check,High ($65-95),Yes,4692,0.8179682316991758,1,High Risk
7330-WZLNC,5,Month-to-month,90.8,455.5,Fiber optic,Electronic check,High ($65-95),Yes,5090,0.8415211985389373,1,High Risk
3957-LXOLK,28,Month-to-month,106.15,3152.5,Fiber optic,Electronic check,Premium (>$95),Yes,5030,0.7331863102286387,1,Medium Risk
6635-MYYYZ,30,One year,85.35,2530.4,DSL,Bank transfer (automatic),High ($65-95),Yes,2313,0.17884299381212052,0,Very Low Risk
5281-BUZGT,36,Month-to-month,90.85,3186.7,Fiber optic,Electronic check,High ($65-95),Yes,5692,0.5537774583788156,1,Medium Risk
5378-IKEEG,1,Month-to-month,35.75,35.75,DSL,Electronic check,Medium ($35-65),Yes,3351,0.7810735355883414,1,High Risk
2718-GAXQD,4,Month-to-month,46.0,181.6,DSL,Electronic check,Medium ($35-65),Yes,4797,0.6790655503861336,1,Medium Risk
6413-XKKPU,17,Month-to-month,89.4,1539.45,Fiber optic,Electronic check,High ($65-95),Yes,2544,0.6731400800727597,1,Medium Risk
1449-XQEMT,3,Month-to-month,19.8,58.15,No,Mailed check,Low (<$35),Yes,4323,0.7760870462331064,1,High Risk
2626-URJFX,4,Month-to-month,50.9,225.6,DSL,Electronic check,Medium ($35-65),Yes,5691,0.5279818252556954,1,Medium Risk
2612-RRIDN,4,Month-to-month,81.0,340.85,Fiber optic,Electronic check,High ($65-95),Yes,3591,0.8786760904488111,1,High Risk
4735-ASGMA,26,Month-to-month,98.35,2515.3,Fiber optic,Electronic check,Premium (>$95),Yes,4997,0.807843383738208,1,High Risk
3669-LVWZB,5,Month-to-month,51.0,305.95,DSL,Mailed check,Medium ($35-65),Yes,4630,0.6368616156827152,1,Medium Risk
6892-EZDTG,4,Month-to-month,91.65,365.4,Fiber optic,Electronic check,High ($65-95),Yes,2140,0.8303332861276899,1,High Risk
9725-SCPZG,1,Month-to-month,90.85,90.85,Fiber optic,Electronic check,High ($65-95),Yes,5086,0.8937129574723071,1,High Risk
5884-GCYMI,1,Month-to-month,69.4,69.4,Fiber optic,Mailed check,High ($65-95),Yes,2847,0.768149285789631,1,High Risk
3217-FZDMN,8,Month-to-month,94.45,742.95,Fiber optic,Credit card (automatic),High ($65-95),Yes,3676,0.6946076746427754,1,Medium Risk
7853-GVUDZ,1,Month-to-month,20.15,20.15,No,Credit card (automatic),Low (<$35),Yes,4277,0.5403329150850245,1,Medium Risk
7480-QNVZJ,50,Month-to-month,95.7,4816.7,Fiber optic,Electronic check,Premium (>$95),Yes,4287,0.7646213532192904,1,High Risk
3943-KDREE,26,Month-to-month,74.95,1834.95,Fiber optic,Bank transfer (automatic),High ($65-95),Yes,2934,0.59182232592799,1,Medium Risk
9239-ZBZZV,6,Month-to-month,47.95,305.1,DSL,Electronic check,Medium ($35-65),Yes,2240,0.7487587365475563,1,Medium Risk
4398-HSCJH,3,Month-to-month,63.6,155.65,DSL,Electronic check,Medium ($35-65),Yes,3155,0.5955441130051109,1,Medium Risk
4430-UZIPO,3,Month-to-month,36.85,108.7,DSL,Mailed check,Medium ($35-65),Yes,5825,0.5249570796098558,1,Medium Risk
4855-SNKMY,1,Month-to-month,44.1,44.1,DSL,Electronic check,Medium ($35-65),Yes,5955,0.7654393938865338,1,High Risk
8008-HAWED,14,Month-to-month,50.75,712.75,DSL,Electronic check,Medium ($35-65),Yes,4883,0.7066723212364817,1,Medium Risk
7124-UGSUR,61,One year,104.4,6405.0,Fiber optic,Credit card (automatic),Premium (>$95),Yes,4412,0.31962290078346134,0,Low Risk
1862-SKORY,40,Month-to-month,39.3,1637.4,DSL,Electronic check,Medium ($35-65),Yes,2296,0.4978183863632208,0,Low Risk
1502-XFCVR,58,One year,106.45,6145.85,Fiber optic,Electronic check,Premium (>$95),Yes,5902,0.4202751350774925,0,Low Risk
9692-TUSXH,18,Month-to-month,96.05,1740.7,Fiber optic,Electronic check,Premium (>$95),Yes,5581,0.76635786064711,1,High Risk
7912-SYRQT,7,Month-to-month,75.1,552.95,Fiber optic,Bank transfer (automatic),High ($65-95),Yes,5514,0.7635109763035983,1,High Risk
4816-JBHOV,2,Month-to-month,44.7,93.7,DSL,Electronic check,Medium ($35-65),Yes,4618,0.8038946881048307,1,High Risk
8292-TYSPY,19,Month-to-month,55.0,1046.5,DSL,Credit card (automatic),Medium ($35-65),Yes,4539,0.359555744968014,0,Low Risk
1867-BDVFH,11,Month-to-month,74.35,834.2,Fiber optic,Electronic check,High ($65-95),Yes,5075,0.8417918722722304,1,High Risk
2359-QWQUL,39,One year,104.7,4134.85,Fiber optic,Credit card (automatic),Premium (>$95),Yes,2371,0.4126997983063744,0,Low Risk
9103-TCIHJ,15,Month-to-month,55.7,899.8,DSL,Mailed check,Medium ($35-65),Yes,4519,0.38324331415723734,0,Low Risk
4140-WJAWW,5,Month-to-month,19.85,108.05,No,Credit card (automatic),Low (<$35),Yes,3799,0.3016645621571815,0,Low Risk
6653-CBBOM,1,Month-to-month,70.3,70.3,Fiber optic,Electronic check,High ($65-95),Yes,5963,0.8957500062662386,1,High Risk
3247-ZVOUO,10,Month-to-month,85.55,851.75,Fiber optic,Electronic check,High ($65-95),Yes,3336,0.7314699971991137,1,Medium Risk
6101-IMRMM,6,Month-to-month,94.5,575.45,Fiber optic,Mailed check,High ($65-95),Yes,3469,0.6781353774654326,1,Medium Risk
1268-ASBGA,16,Month-to-month,85.35,1375.15,Fiber optic,Credit card (automatic),High ($65-95),Yes,5769,0.6505541498563264,1,Medium Risk
8943-URTMR,2,Month-to-month,79.65,152.7,Fiber optic,Mailed check,High ($65-95),Yes,5082,0.795464284322307,1,High Risk
4713-LZDRV,2,Month-to-month,79.6,195.05,Fiber optic,Electronic check,High ($65-95),Yes,4322,0.8755557291501695,1,High Risk
4325-NFSKC,19,Month-to-month,90.6,1660.0,Fiber optic,Electronic check,High ($65-95),Yes,2373,0.7281403348365033,1,Medium Risk
2955-PSXOE,1,Month-to-month,20.2,20.2,No,Bank transfer (automatic),Low (<$35),Yes,3061,0.4182848141024224,0,Low Risk
7762-URZQH,66,Two year,106.05,6981.35,Fiber optic,Credit card (automatic),Premium (>$95),Yes,5602,0.3527383224315144,0,Low Risk
6907-NZZIJ,36,Month-to-month,99.15,3615.6,Fiber optic,Electronic check,Premium (>$95),Yes,4188,0.7400780636223999,1,Medium Risk
2911-UREFD,39,Month-to-month,55.9,2184.35,DSL,Electronic check,Medium ($35-65),Yes,5632,0.4305513678237767,0,Low Risk
3744-ZRRDZ,21,Month-to-month,82.35,1852.85,Fiber optic,Electronic check,High ($65-95),Yes,2902,0.7998790516690256,1,High Risk
5673-TIYIB,2,Month-to-month,40.4,77.15,DSL,Credit card (automatic),Medium ($35-65),Yes,3620,0.5400192193631312,1,Medium Risk
1602-IJQQE,4,Month-to-month,75.35,338.1,Fiber optic,Electronic check,High ($65-95),Yes,2220,0.7629509256980608,1,High Risk
4628-WQCQQ,35,One year,85.15,3030.6,Fiber optic,Electronic check,High ($65-95),Yes,5928,0.4930340795379443,0,Low Risk
1644-IRKSF,33,One year,93.8,3124.5,Fiber optic,Electronic check,High ($65-95),Yes,5080,0.5598009070496175,1,Medium Risk
3705-PSNGL,45,One year,20.4,930.45,No,Electronic check,Low (<$35),Yes,5398,0.020399961605146,0,Very Low Risk
6502-HCJTI,7,Month-to-month,94.7,673.1,Fiber optic,Credit card (automatic),High ($65-95),Yes,3591,0.6752857621805366,1,Medium Risk
2606-RMDHZ,6,Month-to-month,30.5,208.7,DSL,Credit card (automatic),Low (<$35),Yes,4667,0.4206655481176903,0,Low Risk
8258-GSTJK,3,Month-to-month,77.0,237.75,Fiber optic,Electronic check,High ($65-95),Yes,3128,0.8798858947269789,1,High Risk
6861-OKBCE,11,Month-to-month,20.1,221.35,No,Credit card (automatic),Low (<$35),Yes,4500,0.26070130683570203,0,Low Risk
9940-RHLFB,1,Month-to-month,75.3,75.3,Fiber optic,Electronic check,High ($65-95),Yes,2176,0.7857448694820559,1,High Risk
2995-UPRYS,40,One year,99.2,4062.2,Fiber optic,Credit card (automatic),Premium (>$95),Yes,5098,0.3653863537974374,0,Low Risk
6686-YPGHK,47,Month-to-month,85.5,4042.3,Fiber optic,Mailed check,High ($65-95),Yes,3645,0.48826355336183547,0,Low Risk
1383-EZRWL,7,Month-to-month,20.05,164.85,No,Mailed check,Low (<$35),Yes,5595,0.3096616109734849,0,Low Risk
4759-TRPLW,1,Month-to-month,70.4,70.4,Fiber optic,Electronic check,High ($65-95),Yes,4238,0.8060984346544855,1,High Risk
8563-IIOXK,7,One year,49.75,331.3,DSL,Electronic check,Medium ($35-65),Yes,5651,0.520289955650298,1,Medium Risk
8020-BWHYL,15,Month-to-month,75.3,1147.45,Fiber optic,Credit card (automatic),High ($65-95),Yes,4526,0.6855814096981894,1,Medium Risk
2982-VPSGI,11,Month-to-month,94.0,1078.9,Fiber optic,Electronic check,High ($65-95),Yes,2120,0.8589487835380433,1,High Risk
8199-ZLLSA,67,One year,118.35,7804.15,Fiber optic,Bank transfer (automatic),Premium (>$95),Yes,6255,0.4105899804936821,0,Low Risk
4625-EWPTF,8,Month-to-month,30.45,226.45,DSL,Electronic check,Low (<$35),Yes,4549,0.6049275805250854,1,Medium Risk
5980-NOPLP,44,Month-to-month,96.1,4364.1,Fiber optic,Electronic check,Premium (>$95),Yes,5606,0.7753468609596206,1,High Risk
6892-XPFPU,24,Month-to-month,104.25,2433.9,Fiber optic,Electronic check,Premium (>$95),Yes,2104,0.7715591574252646,1,High Risk
8010-EZLOU,15,Month-to-month,80.2,1217.25,Fiber optic,Electronic check,High ($65-95),Yes,4958,0.8157203050241862,1,High Risk
9874-QLCLH,17,Month-to-month,104.2,1743.5,Fiber optic,Electronic check,Premium (>$95),Yes,2365,0.8043840477771995,1,High Risk
8062-YBDOE,1,Month-to-month,69.65,69.65,Fiber optic,Electronic check,High ($65-95),Yes,5844,0.8718439641735519,1,High Risk
6000-APYLU,9,Month-to-month,80.8,713.1,Fiber optic,Electronic check,High ($65-95),Yes,3890,0.8551736181279495,1,High Risk
0947-IDHRQ,7,Month-to-month,80.3,526.7,Fiber optic,Mailed check,High ($65-95),Yes,3949,0.7502996104872399,1,High Risk
3672-YITQD,36,Month-to-month,84.1,3021.6,Fiber optic,Electronic check,High ($65-95),Yes,2987,0.7736094299796572,1,High Risk
9048-JVYVF,3,Month-to-month,69.35,191.35,DSL,Electronic check,High ($65-95),Yes,3520,0.510040569654901,1,Medium Risk
8988-ECPJR,34,Month-to-month,79.6,2718.3,Fiber optic,Mailed check,High ($65-95),Yes,3980,0.5414375489280743,1,Medium Risk
3776-EKTKM,1,Month-to-month,36.45,36.45,DSL,Electronic check,Medium ($35-65),Yes,5303,0.7884586852430466,1,High Risk
1902-XBTFB,22,Month-to-month,89.4,2001.5,Fiber optic,Electronic check,High ($65-95),Yes,5438,0.7088532419664142,1,Medium Risk
0643-OKLRP,47,Month-to-month,80.35,3825.85,Fiber optic,Electronic check,High ($65-95),Yes,5915,0.5201997957368718,1,Medium Risk
9381-NDKME,24,Month-to-month,40.65,933.3,DSL,Credit card (automatic),Medium ($35-65),Yes,3843,0.4051189716268502,0,Low Risk
2794-XIMMO,53,One year,60.45,3184.25,DSL,Electronic check,Medium ($35-65),Yes,5650,0.40261711446851833,0,Low Risk
8382-SHQEH,8,Month-to-month,84.9,764.95,Fiber optic,Electronic check,High ($65-95),Yes,2656,0.8725809806431521,1,High Risk
2983-ZANRP,2,Month-to-month,73.55,145.4,Fiber optic,Bank transfer (automatic),High ($65-95),Yes,5799,0.7250905729629149,1,Medium Risk
7845-URHJN,8,Month-to-month,20.15,156.25,No,Bank transfer (automatic),Low (<$35),Yes,4785,0.35827893499371943,0,Low Risk
3034-ZBEQN,48,One year,34.7,1604.5,DSL,Mailed check,Low (<$35),Yes,5995,0.3944032098806475,0,Low Risk
8327-LZKAS,43,One year,107.55,4533.9,Fiber optic,Electronic check,Premium (>$95),Yes,4423,0.6572813395735931,1,Medium Risk
1075-BGWOH,16,Month-to-month,98.75,1587.55,Fiber optic,Electronic check,Premium (>$95),Yes,3392,0.8414092311599302,1,High Risk
0302-JOIVN,8,Month-to-month,101.15,842.9,Fiber optic,Electronic check,Premium (>$95),Yes,2750,0.6858439050848234,1,Medium Risk
5366-IJEQJ,20,Month-to-month,88.7,1761.45,Fiber optic,Electronic check,High ($65-95),Yes,4115,0.8244919645832265,1,High Risk
1981-INRFU,2,Month-to-month,79.75,164.5,Fiber optic,Electronic check,High ($65-95),Yes,5172,0.8847528578569631,1,High Risk
4971-PUYQO,27,Month-to-month,94.55,2724.6,Fiber optic,Mailed check,High ($65-95),Yes,4464,0.6178302745906162,1,Medium Risk
8485-GJCDN,5,Month-to-month,69.05,318.5,Fiber optic,Mailed check,High ($65-95),Yes,3368,0.7643258177371217,1,High Risk
1527-SXDPN,52,Two year,96.25,4990.25,Fiber optic,Bank transfer (automatic),Premium (>$95),Yes,4751,0.3252717470452242,0,Low Risk
6029-WTIPC,37,Month-to-month,101.1,3744.05,Fiber optic,Electronic check,Premium (>$95),Yes,4424,0.8184547037811934,1,High Risk
8634-CILSZ,69,One year,104.7,7220.35,Fiber optic,Bank transfer (automatic),Premium (>$95),Yes,6350,0.43499670287359143,0,Low Risk
6682-QJDGB,40,Month-to-month,55.25,2139.2,DSL,Mailed check,Medium ($35-65),Yes,2810,0.12488407326570203,0,Very Low Risk
8780-IXSTS,6,Month-to-month,90.1,521.3,Fiber optic,Electronic check,High ($65-95),Yes,5656,0.8414704290848141,1,High Risk
9530-EHPOH,11,Month-to-month,53.75,608.0,DSL,Electronic check,Medium ($35-65),Yes,3407,0.6012646071225306,1,Medium Risk
0345-HKJVM,6,Month-to-month,89.3,577.6,Fiber optic,Electronic check,High ($65-95),Yes,5800,0.7830639278192005,1,High Risk
3049-SOLAY,3,Month-to-month,95.2,292.85,Fiber optic,Electronic check,Premium (>$95),Yes,4176,0.8820365222498142,1,High Risk
3317-HRTNN,5,Month-to-month,45.7,198.0,DSL,Electronic check,Medium ($35-65),Yes,3561,0.6954940189042468,1,Medium Risk
3235-ETOOB,8,Month-to-month,74.5,609.9,Fiber optic,Electronic check,High ($65-95),Yes,3683,0.7144834867186576,1,Medium Risk
8058-INTPH,1,Month-to-month,79.65,79.65,Fiber optic,Electronic check,High ($65-95),Yes,2119,0.8893776686487679,1,High Risk
5569-OUICF,28,Month-to-month,101.3,2812.2,Fiber optic,Credit card (automatic),Premium (>$95),Yes,4994,0.6296620642198137,1,Medium Risk
8821-XNHVZ,1,Month-to-month,80.05,80.05,Fiber optic,Mailed check,High ($65-95),Yes,2943,0.8078718903646418,1,High Risk
2082-OJVTK,29,Month-to-month,89.2,2698.35,Fiber optic,Electronic check,High ($65-95),Yes,5292,0.776912540977763,1,High Risk
5940-NFXKV,19,Month-to-month,83.65,1465.75,Fiber optic,Electronic check,High ($65-95),Yes,3427,0.8278198202408926,1,High Risk
8053-WWDRO,6,Month-to-month,19.5,146.3,No,Bank transfer (automatic),Low (<$35),Yes,5579,0.33315527533078937,0,Low Risk
9564-KCLHR,1,Month-to-month,51.25,51.25,DSL,Mailed check,Medium ($35-65),Yes,2180,0.48268999265260765,0,Low Risk
2082-CEFLT,1,Month-to-month,45.6,45.6,DSL,Electronic check,Medium ($35-65),Yes,3037,0.8049711740846264,1,High Risk
1213-NGCUN,6,Month-to-month,49.65,267.35,DSL,Bank transfer (automatic),Medium ($35-65),Yes,4248,0.503878024659944,1,Medium Risk
5688-KZTSN,15,Month-to-month,20.0,288.05,No,Electronic check,Low (<$35),Yes,4672,0.3569044536951295,0,Low Risk
2894-QOJRX,25,Month-to-month,34.0,853.0,DSL,Bank transfer (automatic),Low (<$35),Yes,5024,0.49749128338035037,0,Low Risk
5747-PMBSQ,10,Month-to-month,92.5,934.1,Fiber optic,Mailed check,High ($65-95),Yes,2415,0.7049650909114296,1,Medium Risk
3143-JQEGI,13,Month-to-month,88.35,1222.8,Fiber optic,Electronic check,High ($65-95),Yes,3740,0.720848275620254,1,Medium Risk
6386-SZZKH,49,Two year,107.95,5293.2,Fiber optic,Bank transfer (automatic),Premium (>$95),Yes,5785,0.2710713863672943,0,Low Risk
2982-IHMFT,1,Month-to-month,74.45,74.45,Fiber optic,Mailed check,High ($65-95),Yes,4291,0.8275522707271906,1,High Risk
3521-SYVOR,37,Month-to-month,64.75,2345.2,DSL,Electronic check,Medium ($35-65),Yes,5554,0.5536740311701229,1,Medium Risk
9526-JAWYF,26,Month-to-month,89.8,2335.3,Fiber optic,Electronic check,High ($65-95),Yes,3452,0.5030174642658712,1,Medium Risk
5649-VUKMC,12,One year,95.5,1115.15,Fiber optic,Mailed check,Premium (>$95),Yes,3538,0.5334042778121156,1,Medium Risk
5143-EGQFK,10,Month-to-month,29.65,291.4,DSL,Electronic check,Low (<$35),Yes,5702,0.6843675051311919,1,Medium Risk
4919-IKATY,5,Month-to-month,84.5,453.75,Fiber optic,Electronic check,High ($65-95),Yes,5141,0.6303160281770704,1,Medium Risk
9050-QLROH,18,Month-to-month,90.7,1597.25,Fiber optic,Credit card (automatic),High ($65-95),Yes,2931,0.5266513118110006,1,Medium Risk
6168-WFVVF,3,Month-to-month,70.3,235.5,Fiber optic,Electronic check,High ($65-95),Yes,5165,0.8620378995413744,1,High Risk
0877-SDMBN,54,One year,103.95,5639.05,Fiber optic,Bank transfer (automatic),Premium (>$95),Yes,6117,0.38723100671057603,0,Low Risk
8065-YKXKD,10,Month-to-month,74.75,799.65,Fiber optic,Electronic check,High ($65-95),Yes,5578,0.8635432207458529,1,High Risk
9637-EIHEQ,1,Month-to-month,50.8,50.8,DSL,Electronic check,Medium ($35-65),Yes,4535,0.6665761982383006,1,Medium Risk
9689-PTNPG,2,Month-to-month,80.25,144.55,Fiber optic,Electronic check,High ($65-95),Yes,5055,0.8808170422587105,1,High Risk
9465-RWMXL,32,Month-to-month,78.9,2447.95,Fiber optic,Electronic check,High ($65-95),Yes,5949,0.7379648637549185,1,Medium Risk
2362-IBOOY,36,Month-to-month,84.75,3050.15,Fiber optic,Electronic check,High ($65-95),Yes,5272,0.7953935756837751,1,High Risk
0843-WTBXE,53,Month-to-month,85.45,4517.25,Fiber optic,Bank transfer (automatic),High ($65-95),Yes,4753,0.43320201430478383,0,Low Risk
5515-IDEJJ,1,Month-to-month,19.9,19.9,No,Mailed check,Low (<$35),Yes,5441,0.4633594448962092,0,Low Risk
7450-NWRTR,12,Month-to-month,99.45,1200.15,Fiber optic,Electronic check,Premium (>$95),Yes,2819,0.8717615664916686,1,High Risk
5376-DEQCP,1,Month-to-month,70.6,70.6,Fiber optic,Electronic check,High ($65-95),Yes,4063,0.8792860331627662,1,High Risk
9095-HFAFX,5,Month-to-month,81.0,389.6,Fiber optic,Credit card (automatic),High ($65-95),Yes,3718,0.7243642065180796,1,Medium Risk
2379-ENZGV,6,Month-to-month,84.85,523.5,Fiber optic,Electronic check,High ($65-95),Yes,3420,0.8154520632057367,1,High Risk
6005-OBZPH,26,Month-to-month,89.15,2277.65,Fiber optic,Electronic check,High ($65-95),Yes,4074,0.7662399616531013,1,High Risk
7932-WPTDS,1,Month-to-month,24.8,24.8,DSL,Electronic check,Low (<$35),Yes,5377,0.7710577021356724,1,High Risk
2722-VOJQL,64,One year,105.65,6903.1,Fiber optic,Credit card (automatic),Premium (>$95),Yes,4870,0.4266373865147809,0,Low Risk
5228-EXCET,13,Month-to-month,80.85,1008.7,Fiber optic,Electronic check,High ($65-95),Yes,5964,0.8183212807139753,1,High Risk
7394-FKDNK,9,Month-to-month,89.45,853.1,Fiber optic,Electronic check,High ($65-95),Yes,4971,0.7714481700949157,1,High Risk
6331-LWDTQ,10,Month-to-month,72.15,794.25,DSL,Credit card (automatic),High ($65-95),Yes,2457,0.4562142349677098,0,Low Risk
1597-FZREH,2,Month-to-month,76.4,160.8,DSL,Electronic check,High ($65-95),Yes,3005,0.5043972243824277,1,Medium Risk
7000-WCEVQ,20,Month-to-month,61.6,1174.35,DSL,Mailed check,Medium ($35-65),Yes,3866,0.5792653784467913,1,Medium Risk
0727-IWKVK,9,Month-to-month,79.9,741.7,Fiber optic,Electronic check,High ($65-95),Yes,4748,0.7824424125461407,1,High Risk
5959-BELXA,32,Month-to-month,96.15,3019.25,Fiber optic,Credit card (automatic),Premium (>$95),Yes,2246,0.5953287563679022,1,Medium Risk
3512-IZIKN,70,Two year,65.3,4759.75,DSL,Credit card (automatic),High ($65-95),Yes,5591,0.18497826746360374,0,Very Low Risk
6141-OOXUQ,1,Month-to-month,19.65,19.65,No,Mailed check,Low (<$35),Yes,5717,0.5834983274557519,1,Medium Risk
7503-ZGUZJ,1,Month-to-month,84.65,84.65,Fiber optic,Mailed check,High ($65-95),Yes,4261,0.8164336510944433,1,High Risk
2506-TNFCO,1,Month-to-month,69.55,69.55,Fiber optic,Electronic check,High ($65-95),Yes,5948,0.8455665904208061,1,High Risk
8718-PTMEZ,13,Month-to-month,31.05,347.25,DSL,Electronic check,Low (<$35),Yes,5131,0.5902230399809941,1,Medium Risk
2207-OBZNX,7,Month-to-month,51.0,354.05,DSL,Mailed check,Medium ($35-65),Yes,3736,0.3909483355927971,0,Low Risk
6142-VSJQO,1,Month-to-month,44.35,44.35,DSL,Bank transfer (automatic),Medium ($35-65),Yes,4599,0.49768797322813674,0,Low Risk
6437-UKHMV,7,Month-to-month,79.7,586.05,Fiber optic,Electronic check,High ($65-95),Yes,3109,0.8791418457782245,1,High Risk
1114-CENIM,54,Month-to-month,55.0,3092.65,DSL,Credit card (automatic),Medium ($35-65),Yes,5282,0.37970699934525926,0,Low Risk
6060-DRTNL,5,Month-to-month,84.85,415.55,Fiber optic,Mailed check,High ($65-95),Yes,3305,0.7621611295892086,1,High Risk
8473-VUVJN,1,Month-to-month,73.65,73.65,Fiber optic,Electronic check,High ($65-95),Yes,5443,0.8891110445132235,1,High Risk
6289-CPNLD,33,One year,73.9,2405.05,DSL,Mailed check,High ($65-95),Yes,5374,0.24844238255306475,0,Very Low Risk
5536-SLHPM,55,Month-to-month,77.75,4458.15,Fiber optic,Electronic check,High ($65-95),Yes,4398,0.6419059617334466,1,Medium Risk
0196-VULGZ,6,Month-to-month,84.35,474.9,Fiber optic,Electronic check,High ($65-95),Yes,5721,0.8737239541146521,1,High Risk
8837-VVWLQ,8,Month-to-month,84.95,668.4,Fiber optic,Electronic check,High ($65-95),Yes,4437,0.6167811233345942,1,Medium Risk
2696-NARTR,11,Month-to-month,73.85,926.25,Fiber optic,Electronic check,High ($65-95),Yes,3634,0.6954007084725966,1,Medium Risk
7614-QVWQL,49,One year,51.8,2541.25,DSL,Bank transfer (automatic),Medium ($35-65),Yes,5375,0.36357066484739015,0,Low Risk
1976-CFOCS,1,Month-to-month,46.0,46.0,DSL,Electronic check,Medium ($35-65),Yes,4531,0.6822744320525354,1,Medium Risk
4631-OACRM,15,Month-to-month,79.4,1156.1,Fiber optic,Electronic check,High ($65-95),Yes,3621,0.8036258877916231,1,High Risk
3755-JBMNH,16,Month-to-month,71.8,1167.8,Fiber optic,Bank transfer (automatic),High ($65-95),Yes,3327,0.6214949855217278,1,Medium Risk
6345-ULYRW,44,One year,88.4,3912.9,Fiber optic,Mailed check,High ($65-95),Yes,2674,0.3989229336340283,0,Low Risk
1809-DMJHQ,5,Month-to-month,46.0,221.7,DSL,Mailed check,Medium ($35-65),Yes,4846,0.3231318632242124,0,Low Risk
6923-EFPNL,4,Month-to-month,51.75,201.1,DSL,Credit card (automatic),Medium ($35-65),Yes,3865,0.5871701948582714,1,Medium Risk
9574-RKJIF,30,Month-to-month,94.4,2838.7,Fiber optic,Electronic check,High ($65-95),Yes,2792,0.5537691087950045,1,Medium Risk
2619-WFQWU,1,Month-to-month,70.15,70.15,Fiber optic,Mailed check,High ($65-95),Yes,3208,0.819774656206652,1,High Risk
0778-NELLA,9,Month-to-month,34.7,296.1,DSL,Credit card (automatic),Low (<$35),Yes,5352,0.4061567553217815,0,Low Risk
4614-NUVZD,1,Month-to-month,81.1,81.1,Fiber optic,Electronic check,High ($65-95),Yes,2075,0.892542133895828,1,High Risk
3803-KMQFW,1,Month-to-month,20.55,20.55,No,Mailed check,Low (<$35),Yes,3797,0.515473511650557,1,Medium Risk
6804-GDMOI,61,Two year,106.6,6428.4,Fiber optic,Electronic check,Premium (>$95),Yes,4183,0.4536490612655856,0,Low Risk
9572-MTILT,59,Month-to-month,106.75,6252.9,Fiber optic,Electronic check,Premium (>$95),Yes,4508,0.3915501249648002,0,Low Risk
9611-CTWIH,3,Month-to-month,89.45,240.45,Fiber optic,Electronic check,High ($65-95),Yes,3591,0.8908770878380856,1,High Risk
0329-GTIAJ,3,Month-to-month,97.9,315.3,Fiber optic,Electronic check,Premium (>$95),Yes,4330,0.7278495865797807,1,Medium Risk
6629-CZTTH,1,Month-to-month,55.7,55.7,DSL,Mailed check,Medium ($35-65),Yes,4629,0.6969705064464702,1,Medium Risk
5364-EVNIB,13,Month-to-month,79.8,973.45,Fiber optic,Electronic check,High ($65-95),Yes,5067,0.7396531940981579,1,Medium Risk
5087-SUURX,18,Month-to-month,39.05,669.85,DSL,Electronic check,Medium ($35-65),Yes,2601,0.6856993728098744,1,Medium Risk
0013-EXCHZ,3,Month-to-month,83.9,267.4,Fiber optic,Mailed check,High ($65-95),Yes,3464,0.7634511030777363,1,High Risk
5550-VFRLC,1,Month-to-month,69.85,69.85,Fiber optic,Electronic check,High ($65-95),Yes,5056,0.8776159533874257,1,High Risk
4929-BSTRX,1,Month-to-month,53.55,53.55,DSL,Mailed check,Medium ($35-65),Yes,2326,0.7232721607784238,1,Medium Risk
2225-ZRGSG,70,Two year,93.9,6579.05,Fiber optic,Bank transfer (automatic),High ($65-95),Yes,6173,0.26176029994391475,0,Low Risk
5271-YNWVR,68,Two year,113.15,7856.0,Fiber optic,Electronic check,Premium (>$95),Yes,4610,0.08849920642511719,0,Very Low Risk
2657-ALMWY,26,Month-to-month,84.95,2169.75,Fiber optic,Electronic check,High ($65-95),Yes,4316,0.5961703532386438,1,Medium Risk
6330-JKLPC,11,Month-to-month,80.5,896.9,Fiber optic,Bank transfer (automatic),High ($65-95),Yes,5119,0.6868798792040657,1,Medium Risk
4667-OHGKG,1,Month-to-month,19.3,19.3,No,Mailed check,Low (<$35),Yes,4266,0.5665620086775769,1,Medium Risk
1660-HSOOQ,1,Month-to-month,49.65,49.65,DSL,Mailed check,Medium ($35-65),Yes,5338,0.7282764757322842,1,Medium Risk
7253-UVNDW,46,Two year,54.35,2460.15,DSL,Credit card (automatic),Medium ($35-65),Yes,2793,0.2821588733099548,0,Low Risk
7228-OMTPN,4,Month-to-month,88.45,370.65,Fiber optic,Electronic check,High ($65-95),Yes,2456,0.8810764850150687,1,High Risk
6284-AHOOQ,22,Month-to-month,90.5,1910.6,Fiber optic,Bank transfer (automatic),High ($65-95),Yes,5014,0.4908833169408905,0,Low Risk
2344-JMOGN,9,Month-to-month,94.85,890.6,Fiber optic,Mailed check,High ($65-95),Yes,3016,0.6914548228127271,1,Medium Risk
3799-ISUZQ,7,Month-to-month,69.95,529.5,Fiber optic,Bank transfer (automatic),High ($65-95),Yes,3296,0.7212788078498563,1,Medium Risk
1794-HBQTJ,1,Month-to-month,48.6,48.6,DSL,Credit card (automatic),Medium ($35-65),Yes,4207,0.5460809266686549,1,Medium Risk
2460-FPSYH,40,Month-to-month,55.8,2109.35,DSL,Electronic check,Medium ($35-65),Yes,4272,0.4424444131806592,0,Low Risk
4818-DRBQT,29,Month-to-month,80.15,2265.25,Fiber optic,Bank transfer (automatic),High ($65-95),Yes,5189,0.5254126380247789,1,Medium Risk
1320-HTRDR,3,Month-to-month,75.5,220.6,Fiber optic,Electronic check,High ($65-95),Yes,5948,0.8770308474729176,1,High Risk
1493-AMTIE,1,Month-to-month,20.2,20.2,No,Bank transfer (automatic),Low (<$35),Yes,5394,0.39456032567194027,0,Low Risk
6424-ELEYH,3,Month-to-month,74.75,229.5,Fiber optic,Credit card (automatic),High ($65-95),Yes,3972,0.786105712004625,1,High Risk
4391-RESHN,23,Month-to-month,104.05,2470.1,Fiber optic,Mailed check,Premium (>$95),Yes,5963,0.570706434336047,1,Medium Risk
6821-BUXUX,13,Month-to-month,96.65,1244.5,Fiber optic,Electronic check,Premium (>$95),Yes,2110,0.7406481534657652,1,Medium Risk
5028-HTLJB,1,Month-to-month,20.05,20.05,No,Mailed check,Low (<$35),Yes,3491,0.6891099175561746,1,Medium Risk
9801-GDWGV,39,Month-to-month,103.45,3994.45,Fiber optic,Electronic check,Premium (>$95),Yes,4811,0.7236399899768037,1,Medium Risk
2320-JRSDE,1,Month-to-month,19.9,19.9,No,Electronic check,Low (<$35),Yes,4633,0.7137094911721111,1,Medium Risk
0601-WZHJF,14,Month-to-month,46.35,667.7,DSL,Electronic check,Medium ($35-65),Yes,5360,0.6195543879963489,1,Medium Risk
5143-WMWOG,1,Month-to-month,19.95,19.95,No,Electronic check,Low (<$35),Yes,2051,0.42094547373404384,0,Low Risk
5393-RXQSZ,1,Month-to-month,79.6,79.6,Fiber optic,Electronic check,High ($65-95),Yes,2199,0.8091120928709874,1,High Risk
0231-LXVAP,1,Month-to-month,75.9,75.9,Fiber optic,Electronic check,High ($65-95),Yes,3389,0.717108909244491,1,Medium Risk
9444-JTXHZ,1,Month-to-month,76.2,76.2,Fiber optic,Electronic check,High ($65-95),Yes,5973,0.7553096325253321,1,High Risk
5510-BOIUJ,1,Month-to-month,19.25,19.25,No,Mailed check,Low (<$35),Yes,5437,0.39756697804237434,0,Low Risk
4471-KXAUH,42,Month-to-month,84.3,3588.4,Fiber optic,Electronic check,High ($65-95),Yes,2514,0.6527490178920422,1,Medium Risk
7638-QVMVY,7,Month-to-month,79.0,522.95,Fiber optic,Electronic check,High ($65-95),Yes,3735,0.8791418457782245,1,High Risk
3244-DCJWY,1,Month-to-month,70.25,70.25,Fiber optic,Electronic check,High ($65-95),Yes,4133,0.8959453187662386,1,High Risk
0875-CABNR,10,Month-to-month,84.6,865.55,Fiber optic,Credit card (automatic),High ($65-95),Yes,3320,0.6310372125615645,1,Medium Risk
7812-FZHPE,17,Month-to-month,24.1,409.9,No,Mailed check,Low (<$35),Yes,4648,0.23949126796843787,0,Very Low Risk
4797-AXPXK,1,Month-to-month,60.0,60.0,DSL,Electronic check,Medium ($35-65),Yes,4531,0.5087658951229721,1,Medium Risk
5229-PRWKT,8,Month-to-month,86.55,649.65,Fiber optic,Electronic check,High ($65-95),Yes,4193,0.9004775805701126,1,High Risk
6982-UQZLY,1,Month-to-month,20.85,20.85,No,Mailed check,Low (<$35),Yes,3817,0.6884290452958294,1,Medium Risk
5057-LCOUI,39,Month-to-month,50.75,2011.4,DSL,Electronic check,Medium ($35-65),Yes,4119,0.5592053935859198,1,Medium Risk
0193-ESZXP,58,One year,105.5,6205.5,Fiber optic,Credit card (automatic),Premium (>$95),Yes,5067,0.3525845156719025,0,Low Risk
4369-HTUIF,6,Month-to-month,85.15,503.6,Fiber optic,Bank transfer (automatic),High ($65-95),Yes,5831,0.5883234811985539,1,Medium Risk
0156-FVPTA,22,Month-to-month,54.2,1152.7,DSL,Electronic check,Medium ($35-65),Yes,5102,0.49725322155197,0,Low Risk
1984-FCOWB,70,One year,109.5,7674.55,Fiber optic,Electronic check,Premium (>$95),Yes,4191,0.5319634433624695,1,Medium Risk
0654-HMSHN,21,Month-to-month,104.4,2157.95,Fiber optic,Electronic check,Premium (>$95),Yes,3796,0.6269661999734392,1,Medium Risk
5287-QWLKY,71,Month-to-month,105.1,7548.1,Fiber optic,Credit card (automatic),Premium (>$95),Yes,5725,0.411161742688365,0,Low Risk
5196-SGOAK,1,Month-to-month,75.7,75.7,Fiber optic,Electronic check,High ($65-95),Yes,4884,0.8179069887943293,1,High Risk
1891-UAWWU,20,Month-to-month,90.8,1951.0,Fiber optic,Electronic check,High ($65-95),Yes,2312,0.6860864116073299,1,Medium Risk
6108-OQZDQ,4,Month-to-month,97.95,384.5,Fiber optic,Electronic check,Premium (>$95),Yes,2570,0.8488532180527273,1,High Risk
0363-QJVFX,32,Month-to-month,108.15,3432.9,Fiber optic,Credit card (automatic),Premium (>$95),Yes,2541,0.3932432397409624,0,Low Risk
9840-DVNDC,6,Month-to-month,80.5,463.05,Fiber optic,Credit card (automatic),High ($65-95),Yes,2181,0.6597264340982615,1,Medium Risk
3096-JRDSO,27,Month-to-month,104.3,2867.75,Fiber optic,Bank transfer (automatic),Premium (>$95),Yes,3444,0.609365557917395,1,Medium Risk
8042-JVNFH,1,Month-to-month,71.35,71.35,Fiber optic,Mailed check,High ($65-95),Yes,5730,0.791951182414736,1,High Risk
3374-LXDEV,13,Month-to-month,89.4,1132.35,Fiber optic,Electronic check,High ($65-95),Yes,2226,0.48984464358494856,0,Low Risk
5049-GLYVG,1,Month-to-month,20.6,20.6,No,Mailed check,Low (<$35),Yes,3618,0.5474935982352511,1,Medium Risk
5883-GTGVD,19,Month-to-month,99.95,1931.75,Fiber optic,Electronic check,Premium (>$95),Yes,3670,0.808885552481787,1,High Risk
4817-QRJSX,10,Month-to-month,81.0,818.05,Fiber optic,Credit card (automatic),High ($65-95),Yes,2946,0.6568296049017516,1,Medium Risk
2398-YPMUR,13,Month-to-month,70.15,916.75,Fiber optic,Electronic check,High ($65-95),Yes,5101,0.7771059791694672,1,High Risk
9985-MWVIX,1,Month-to-month,70.15,70.15,Fiber optic,Mailed check,High ($65-95),Yes,5773,0.819774656206652,1,High Risk
1265-XTECC,68,One year,96.55,6581.9,Fiber optic,Credit card (automatic),Premium (>$95),Yes,5957,0.32844277833340263,0,Low Risk
2237-ZFSMY,39,One year,95.55,3692.85,Fiber optic,Electronic check,Premium (>$95),Yes,2767,0.47085605343626674,0,Low Risk
4871-JTKJF,1,Month-to-month,69.65,69.65,Fiber optic,Electronic check,High ($65-95),Yes,4741,0.8776159533874257,1,High Risk
1415-YFWLT,1,Month-to-month,89.3,89.3,Fiber optic,Electronic check,High ($65-95),Yes,3067,0.8939903727770104,1,High Risk
6711-VTNRE,36,Month-to-month,87.55,3078.1,Fiber optic,Electronic check,High ($65-95),Yes,2558,0.5440140768317469,1,Medium Risk
3500-RMZLT,15,Month-to-month,96.3,1426.75,Fiber optic,Mailed check,Premium (>$95),Yes,2933,0.6600947361958737,1,Medium Risk
4548-SDBKE,5,Month-to-month,85.2,474.8,Fiber optic,Electronic check,High ($65-95),Yes,4109,0.8901188857747064,1,High Risk
8066-POXGX,13,Month-to-month,35.1,446.1,DSL,Electronic check,Medium ($35-65),Yes,3104,0.7027346578466358,1,Medium Risk
4143-OOBWZ,5,Month-to-month,81.3,416.3,Fiber optic,Electronic check,High ($65-95),Yes,3819,0.8462298220658164,1,High Risk
7854-EKTJL,2,Month-to-month,19.6,35.85,No,Electronic check,Low (<$35),Yes,2843,0.2947303813395122,0,Low Risk
9102-IAYHT,17,Month-to-month,85.45,1451.6,Fiber optic,Electronic check,High ($65-95),Yes,3670,0.8172835539604567,1,High Risk
3422-LYEPQ,1,Month-to-month,71.0,71.0,Fiber optic,Electronic check,High ($65-95),Yes,4207,0.8611497283884074,1,High Risk
2642-DTVCO,9,Month-to-month,85.05,746.5,Fiber optic,Electronic check,High ($65-95),Yes,5095,0.8789818886917269,1,High Risk
4361-JEIVL,1,Month-to-month,44.4,44.4,DSL,Electronic check,Medium ($35-65),Yes,4067,0.5652443149088029,1,Medium Risk
1363-TXLSL,1,Month-to-month,70.3,70.3,Fiber optic,Electronic check,High ($65-95),Yes,4962,0.8442221747612143,1,High Risk
9507-EXLTT,1,Month-to-month,79.35,79.35,Fiber optic,Bank transfer (automatic),High ($65-95),Yes,3492,0.7958284060044071,1,High Risk
9846-GKXAS,9,Month-to-month,90.8,809.75,Fiber optic,Bank transfer (automatic),High ($65-95),Yes,2578,0.7496742566237815,1,Medium Risk
6017-PPLPX,20,Month-to-month,70.45,1470.95,Fiber optic,Electronic check,High ($65-95),Yes,4773,0.7964257710278294,1,High Risk
7136-RVDTZ,70,One year,45.25,3264.45,DSL,Electronic check,Medium ($35-65),Yes,5824,0.497740726376177,0,Low Risk
4581-SSPWD,3,Month-to-month,75.8,246.3,Fiber optic,Electronic check,High ($65-95),Yes,5475,0.8780973466099646,1,High Risk
6927-WTFIV,20,Month-to-month,71.3,1389.2,Fiber optic,Credit card (automatic),High ($65-95),Yes,3684,0.43384312747577375,0,Low Risk
3398-ZOUAA,21,Month-to-month,69.1,1474.75,Fiber optic,Electronic check,High ($65-95),Yes,3853,0.7917968063605701,1,High Risk
0378-NHQXU,17,Month-to-month,88.25,1460.65,Fiber optic,Electronic check,High ($65-95),Yes,4041,0.6764875288824893,1,Medium Risk
4512-ZUIYL,2,Month-to-month,70.0,153.05,Fiber optic,Bank transfer (automatic),High ($65-95),Yes,2928,0.7377027283807793,1,Medium Risk
7969-AULMZ,21,Month-to-month,97.35,2119.5,Fiber optic,Electronic check,Premium (>$95),Yes,4321,0.8494794510125577,1,High Risk
0568-ONFPC,5,Month-to-month,25.9,135.0,No,Bank transfer (automatic),Low (<$35),Yes,2102,0.3797401472406057,0,Low Risk
0733-VUNUW,24,Month-to-month,55.65,1400.55,DSL,Bank transfer (automatic),Medium ($35-65),Yes,4126,0.3223126136545458,0,Low Risk
4550-EVXNY,1,Month-to-month,69.65,69.65,Fiber optic,Electronic check,High ($65-95),Yes,2418,0.879449820580573,1,High Risk
2968-SSGAA,10,Month-to-month,100.6,1060.2,Fiber optic,Electronic check,Premium (>$95),Yes,4001,0.8801149319537299,1,High Risk
4844-JJWUY,1,Month-to-month,86.0,86.0,Fiber optic,Electronic check,High ($65-95),Yes,5359,0.8243614062857134,1,High Risk
6777-TGHTM,53,One year,106.95,5785.5,Fiber optic,Credit card (automatic),Premium (>$95),Yes,5550,0.2985748115455028,0,Low Risk
3538-WZPHD,3,Month-to-month,29.6,79.45,DSL,Electronic check,Low (<$35),Yes,2734,0.7350535182976885,1,Medium Risk
4785-QRJHC,46,One year,59.9,2816.65,DSL,Bank transfer (automatic),Medium ($35-65),Yes,4011,0.20823549807562955,0,Very Low Risk
8610-WFCJF,49,Month-to-month,95.6,4783.5,Fiber optic,Electronic check,Premium (>$95),Yes,5732,0.7486414973448775,1,Medium Risk
4905-JEFDW,11,One year,41.6,470.6,DSL,Electronic check,Medium ($35-65),Yes,3119,0.5057067634208283,1,Medium Risk
7881-INRLC,45,Month-to-month,100.85,4740.0,Fiber optic,Credit card (automatic),Premium (>$95),Yes,4898,0.5540816901158168,1,Medium Risk
0117-LFRMW,37,Month-to-month,40.2,1448.8,DSL,Bank transfer (automatic),Medium ($35-65),Yes,3627,0.3827304108974065,0,Low Risk
6172-FECYY,49,Month-to-month,84.5,4254.85,Fiber optic,Electronic check,High ($65-95),Yes,4639,0.6659180680457629,1,Medium Risk
1965-AKTSX,14,Month-to-month,78.95,1101.85,Fiber optic,Electronic check,High ($65-95),Yes,5203,0.808697464117751,1,High Risk
4786-UKSNZ,1,Month-to-month,20.2,20.2,No,Mailed check,Low (<$35),Yes,5418,0.5759525599867135,1,Medium Risk
7248-VZQLC,47,Month-to-month,85.2,3969.35,Fiber optic,Bank transfer (automatic),High ($65-95),Yes,4661,0.5307673433293343,1,Medium Risk
0011-IGKFF,13,Month-to-month,98.0,1237.85,Fiber optic,Electronic check,Premium (>$95),Yes,3714,0.7636914120916761,1,High Risk
4192-GORJT,5,Month-to-month,94.45,498.1,Fiber optic,Electronic check,High ($65-95),Yes,4580,0.85027681216437,1,High Risk
6496-SLWHQ,3,Month-to-month,105.0,294.45,Fiber optic,Electronic check,Premium (>$95),Yes,5960,0.8404342474742179,1,High Risk
9912-GVSEQ,26,Month-to-month,93.85,2381.55,Fiber optic,Electronic check,High ($65-95),Yes,2591,0.7332013792292258,1,Medium Risk
5383-MMTWC,8,Month-to-month,84.0,613.4,Fiber optic,Electronic check,High ($65-95),Yes,4819,0.8726743263411296,1,High Risk
7240-ETPTR,9,Month-to-month,48.75,442.2,DSL,Electronic check,Medium ($35-65),Yes,4359,0.7536015608748812,1,High Risk
2202-CUYXZ,1,Month-to-month,84.85,84.85,Fiber optic,Electronic check,High ($65-95),Yes,3086,0.8559582812531716,1,High Risk
5995-OIGLP,12,Month-to-month,56.65,654.85,DSL,Mailed check,Medium ($35-65),Yes,3043,0.269981316470018,0,Low Risk
6261-RCVNS,42,One year,73.9,3160.55,DSL,Credit card (automatic),High ($65-95),Yes,2774,0.20962205333358214,0,Very Low Risk
7951-QKZPL,33,Two year,24.5,740.3,No,Mailed check,Low (<$35),Yes,5194,0.33952708215125255,0,Low Risk
3640-PHQXK,31,Month-to-month,89.9,2806.9,Fiber optic,Electronic check,High ($65-95),Yes,2031,0.7647595988759863,1,High Risk
6877-LGWXO,18,Month-to-month,78.55,1422.65,Fiber optic,Electronic check,High ($65-95),Yes,3521,0.6698096235615354,1,Medium Risk
8019-ENHXU,42,Month-to-month,99.45,4138.05,Fiber optic,Electronic check,Premium (>$95),Yes,4624,0.6285598394701405,1,Medium Risk
5167-GBFRE,4,Month-to-month,25.2,102.5,DSL,Bank transfer (automatic),Low (<$35),Yes,4694,0.6766367369481179,1,Medium Risk
9033-EOXWV,12,One year,74.05,872.65,DSL,Mailed check,High ($65-95),Yes,4149,0.20534299262817388,0,Very Low Risk
1324-NLTJE,15,Month-to-month,55.0,757.1,DSL,Credit card (automatic),Medium ($35-65),Yes,3167,0.4306121589740926,0,Low Risk
1522-VVDMG,7,Month-to-month,89.75,608.8,Fiber optic,Electronic check,High ($65-95),Yes,3807,0.6857218428499894,1,Medium Risk
9185-TQCVP,14,Month-to-month,85.15,1139.2,Fiber optic,Electronic check,High ($65-95),Yes,4550,0.8454377096103305,1,High Risk
5567-WSELE,3,Month-to-month,94.6,279.55,Fiber optic,Electronic check,High ($65-95),Yes,3019,0.8817693189664868,1,High Risk
8063-RJYNF,16,Month-to-month,94.25,1483.25,Fiber optic,Electronic check,High ($65-95),Yes,2827,0.754315710409934,1,High Risk
0687-ZVTHB,65,One year,72.45,4653.85,DSL,Credit card (automatic),High ($65-95),Yes,4415,0.24486262408671913,0,Very Low Risk
9661-ACXBS,42,Month-to-month,105.2,4400.75,Fiber optic,Electronic check,Premium (>$95),Yes,2317,0.59765994679745,1,Medium Risk
3727-RJMEO,6,Month-to-month,82.85,460.25,Fiber optic,Electronic check,High ($65-95),Yes,4458,0.876057996407964,1,High Risk
6646-VRFOL,53,Month-to-month,103.85,5485.5,Fiber optic,Electronic check,Premium (>$95),Yes,5860,0.7218922898926325,1,Medium Risk
5685-IIXLY,5,Month-to-month,83.6,404.2,Fiber optic,Electronic check,High ($65-95),Yes,4565,0.8181024315270398,1,High Risk
4250-ZBWLV,68,One year,108.45,7176.55,Fiber optic,Electronic check,Premium (>$95),Yes,4454,0.5524475480361406,1,Medium Risk
5095-AESKG,3,Month-to-month,91.5,242.95,Fiber optic,Credit card (automatic),High ($65-95),Yes,5646,0.774167969820845,1,High Risk
1871-MOWRM,12,Month-to-month,80.85,866.45,Fiber optic,Bank transfer (automatic),High ($65-95),Yes,4306,0.4383667284675028,0,Low Risk
2027-OAQQC,43,Month-to-month,49.05,2076.2,DSL,Bank transfer (automatic),Medium ($35-65),Yes,4044,0.48331678098462666,0,Low Risk
9090-SGQXL,68,Month-to-month,105.3,7299.65,Fiber optic,Electronic check,Premium (>$95),Yes,6284,0.6888627389100961,1,Medium Risk
6595-YGXIT,25,Month-to-month,88.95,2291.2,Fiber optic,Electronic check,High ($65-95),Yes,3878,0.7791126681698546,1,High Risk
9835-ZIITK,66,One year,110.85,7491.75,Fiber optic,Electronic check,Premium (>$95),Yes,4281,0.47117147598577125,0,Low Risk
1555-DJEQW,70,Two year,114.2,7723.9,Fiber optic,Bank transfer (automatic),Premium (>$95),Yes,5947,0.13040637837625313,0,Very Low Risk
5649-TJHOV,27,Month-to-month,36.5,1032.0,DSL,Bank transfer (automatic),Medium ($35-65),Yes,4564,0.523148984528544,1,Medium Risk
0519-XUZJU,1,Month-to-month,70.75,70.75,Fiber optic,Mailed check,High ($65-95),Yes,3963,0.7892051845533232,1,High Risk
6338-AVWCY,3,Month-to-month,40.15,130.75,DSL,Mailed check,Medium ($35-65),Yes,4710,0.7094369934196876,1,Medium Risk
9253-QXKBE,29,Month-to-month,94.45,2653.65,Fiber optic,Electronic check,High ($65-95),Yes,2233,0.8009100368800209,1,High Risk
9445-SZLCH,36,Month-to-month,97.35,3457.9,Fiber optic,Bank transfer (automatic),Premium (>$95),Yes,4544,0.5784150158247726,1,Medium Risk
7568-PODML,1,Month-to-month,45.3,45.3,DSL,Mailed check,Medium ($35-65),Yes,4954,0.7405264927760684,1,Medium Risk
5349-IECLD,2,Month-to-month,94.95,178.1,Fiber optic,Electronic check,High ($65-95),Yes,4493,0.7561845103251419,1,High Risk
3945-GFWQL,12,Month-to-month,44.55,480.6,DSL,Electronic check,Medium ($35-65),Yes,4162,0.42884145883199787,0,Low Risk
3797-VTIDR,1,Month-to-month,23.45,23.45,DSL,Electronic check,Low (<$35),Yes,4517,0.786186529677874,1,High Risk
9526-BIHHD,1,Month-to-month,29.7,29.7,DSL,Mailed check,Low (<$35),Yes,3383,0.49914372483059777,0,Low Risk
4523-WXCEF,59,Month-to-month,101.1,6039.9,Fiber optic,Electronic check,Premium (>$95),Yes,4160,0.7140847787854087,1,Medium Risk
8364-TRMMK,3,Month-to-month,50.65,151.3,DSL,Mailed check,Medium ($35-65),Yes,2876,0.7178469026791154,1,Medium Risk
3063-QFSZL,1,Month-to-month,55.4,55.4,DSL,Electronic check,Medium ($35-65),Yes,2294,0.7751846431614997,1,High Risk
8775-LHDJH,1,Month-to-month,90.6,90.6,Fiber optic,Electronic check,High ($65-95),Yes,2905,0.8395531735844273,1,High Risk
3097-NQYSN,2,Month-to-month,86.85,156.35,Fiber optic,Mailed check,High ($65-95),Yes,5204,0.8052541966482057,1,High Risk
3565-UNOCC,29,Month-to-month,99.05,2952.85,Fiber optic,Bank transfer (automatic),Premium (>$95),Yes,3179,0.636879867671758,1,Medium Risk
9249-FXSCK,52,One year,111.25,5916.45,Fiber optic,Credit card (automatic),Premium (>$95),Yes,4861,0.36627624760791627,0,Low Risk
5493-SDRDQ,2,Month-to-month,55.1,113.35,DSL,Mailed check,Medium ($35-65),Yes,4235,0.5307042874141252,1,Medium Risk
0871-URUWO,13,Month-to-month,102.25,1359.0,Fiber optic,Credit card (automatic),Premium (>$95),Yes,2003,0.6666687885980908,1,Medium Risk
9190-MFJLN,19,Month-to-month,95.9,1777.9,Fiber optic,Credit card (automatic),Premium (>$95),Yes,2851,0.6032548429950593,1,Medium Risk
1095-JUDTC,47,Month-to-month,95.05,4504.55,Fiber optic,Electronic check,Premium (>$95),Yes,5214,0.6115245805380503,1,Medium Risk
0870-VEMYL,5,Month-to-month,53.85,259.8,DSL,Credit card (automatic),Medium ($35-65),Yes,5435,0.3050423850144298,0,Low Risk
5385-SUIRI,52,Month-to-month,104.2,5568.35,Fiber optic,Electronic check,Premium (>$95),Yes,5648,0.6864245960849956,1,Medium Risk
3982-XWFZQ,42,Month-to-month,50.25,2203.65,DSL,Electronic check,Medium ($35-65),Yes,4873,0.4659310742126443,0,Low Risk
4009-ALQFH,25,Month-to-month,99.5,2369.05,Fiber optic,Electronic check,Premium (>$95),Yes,5932,0.7116668078378602,1,Medium Risk
3627-FCRDW,9,Month-to-month,71.0,672.55,Fiber optic,Electronic check,High ($65-95),Yes,2236,0.7310672717357217,1,Medium Risk
7562-GSUHK,16,Month-to-month,93.2,1573.7,Fiber optic,Credit card (automatic),High ($65-95),Yes,5497,0.5964803317128526,1,Medium Risk
4903-UYAVB,5,Month-to-month,19.35,126.05,No,Mailed check,Low (<$35),Yes,3864,0.3024449180396109,0,Low Risk
6776-TLWOI,3,Month-to-month,19.85,64.55,No,Mailed check,Low (<$35),Yes,2158,0.3237625984905793,0,Low Risk
4077-CROMM,31,Month-to-month,104.2,3243.45,Fiber optic,Electronic check,Premium (>$95),Yes,5000,0.7114971892923829,1,Medium Risk
2868-MZAGQ,1,Month-to-month,79.25,79.25,Fiber optic,Electronic check,High ($65-95),Yes,5533,0.889014378874176,1,High Risk
4847-QNOKA,1,Month-to-month,44.9,44.9,DSL,Bank transfer (automatic),Medium ($35-65),Yes,2632,0.7043580859915106,1,Medium Risk
6379-RXJRQ,10,Month-to-month,70.1,659.65,Fiber optic,Electronic check,High ($65-95),Yes,2457,0.8311184324839377,1,High Risk
8650-RHRKE,4,Month-to-month,29.65,118.5,DSL,Electronic check,Low (<$35),Yes,4207,0.7712159929508384,1,High Risk
0475-RIJEP,43,Month-to-month,77.85,3365.85,Fiber optic,Electronic check,High ($65-95),Yes,5107,0.6893489064926601,1,Medium Risk
1260-TTRXI,4,Month-to-month,54.3,195.3,DSL,Electronic check,Medium ($35-65),Yes,5834,0.7090594192102894,1,Medium Risk
6328-ZPBGN,11,Month-to-month,95.15,997.65,Fiber optic,Bank transfer (automatic),Premium (>$95),Yes,4074,0.7729292461679889,1,High Risk
4789-KWMXN,47,One year,110.85,5275.8,Fiber optic,Credit card (automatic),Premium (>$95),Yes,3344,0.4241100049871251,0,Low Risk
2867-UIMSS,1,Month-to-month,80.5,80.5,Fiber optic,Electronic check,High ($65-95),Yes,2734,0.8087557729236536,1,High Risk
8111-RKSPX,4,Month-to-month,72.2,305.55,Fiber optic,Bank transfer (automatic),High ($65-95),Yes,5668,0.7870567594620294,1,High Risk
1585-MQSSU,17,Month-to-month,51.5,900.5,DSL,Mailed check,Medium ($35-65),Yes,5659,0.3109950642552305,0,Low Risk
2856-NNASM,43,Month-to-month,89.55,3856.75,Fiber optic,Mailed check,High ($65-95),Yes,3802,0.5674389964224104,1,Medium Risk
8559-CIZFV,21,One year,77.5,1625.0,DSL,Mailed check,High ($65-95),Yes,5353,0.30623849017889104,0,Low Risk
7547-EKNFS,42,Month-to-month,95.25,3959.35,Fiber optic,Bank transfer (automatic),Premium (>$95),Yes,2075,0.5691572350018599,1,Medium Risk
6769-DYBQN,46,Month-to-month,85.0,3969.4,Fiber optic,Electronic check,High ($65-95),Yes,2097,0.48904083624915473,0,Low Risk
4439-JMPMT,5,Month-to-month,85.75,470.95,Fiber optic,Electronic check,High ($65-95),Yes,3608,0.7375605006829824,1,Medium Risk
2446-BEGGB,6,Month-to-month,98.25,560.6,Fiber optic,Electronic check,Premium (>$95),Yes,3330,0.8538356164446711,1,High Risk
1496-GGSUK,1,Month-to-month,25.7,25.7,DSL,Mailed check,Low (<$35),Yes,4095,0.7508524859861855,1,High Risk
2575-GFSOE,7,Month-to-month,69.0,506.9,Fiber optic,Electronic check,High ($65-95),Yes,5672,0.822130757336205,1,High Risk
2842-JTCCU,2,Month-to-month,46.05,80.35,DSL,Bank transfer (automatic),Medium ($35-65),Yes,4662,0.6325033166591607,1,Medium Risk
3296-SILRA,1,Month-to-month,76.4,76.4,Fiber optic,Mailed check,High ($65-95),Yes,2426,0.7434822429244078,1,Medium Risk
9681-OXGVC,5,Month-to-month,100.5,514.0,Fiber optic,Electronic check,Premium (>$95),Yes,5180,0.8882982574789169,1,High Risk
5180-UCIIQ,22,Month-to-month,40.05,880.2,DSL,Mailed check,Medium ($35-65),Yes,2061,0.4957862731690226,0,Low Risk
7153-OANIO,1,Month-to-month,69.95,69.95,Fiber optic,Electronic check,High ($65-95),Yes,5066,0.8112710198817584,1,High Risk
6521-YYTYI,1,Month-to-month,93.3,93.3,Fiber optic,Electronic check,High ($65-95),Yes,2578,0.9057851379553442,1,High Risk
8878-HMWBV,3,Month-to-month,49.15,169.05,DSL,Electronic check,Medium ($35-65),Yes,5598,0.7848685123089875,1,High Risk
3751-KTZEL,1,Month-to-month,35.05,35.05,DSL,Mailed check,Medium ($35-65),Yes,3706,0.6069204775488491,1,Medium Risk
1977-STDKI,1,Month-to-month,73.0,73.0,Fiber optic,Electronic check,High ($65-95),Yes,4116,0.8435005124668202,1,High Risk
5813-UECBU,33,Month-to-month,83.85,2716.3,Fiber optic,Credit card (automatic),High ($65-95),Yes,2583,0.44443321314746936,0,Low Risk
0328-GRPMV,1,Month-to-month,70.1,70.1,Fiber optic,Electronic check,High ($65-95),Yes,3706,0.8778589114896639,1,High Risk
4342-HENTK,2,Month-to-month,70.65,142.35,Fiber optic,Electronic check,High ($65-95),Yes,2189,0.8660033338466547,1,High Risk
4195-SMMNX,2,Month-to-month,20.35,33.2,No,Mailed check,Low (<$35),Yes,5627,0.3273295982547505,0,Low Risk
6956-SMUCM,3,Month-to-month,99.0,287.4,Fiber optic,Credit card (automatic),Premium (>$95),Yes,5236,0.7290842557322929,1,Medium Risk
3223-WZWJM,26,Month-to-month,83.95,2254.2,Fiber optic,Electronic check,High ($65-95),Yes,5869,0.8304086956821642,1,High Risk
9053-JZFKV,67,Two year,116.2,7752.3,Fiber optic,Credit card (automatic),Premium (>$95),Yes,4495,0.3006223095490146,0,Low Risk
2530-ENDWQ,71,Two year,93.7,6585.35,Fiber optic,Bank transfer (automatic),High ($65-95),Yes,4296,0.4318607126973669,0,Low Risk
6615-ZGEDR,1,Month-to-month,19.7,19.7,No,Mailed check,Low (<$35),Yes,5707,0.5852931992506237,1,Medium Risk
9250-WYPLL,5,Month-to-month,75.55,413.65,Fiber optic,Electronic check,High ($65-95),Yes,4600,0.7579344526552232,1,High Risk
2754-XBHTB,9,Month-to-month,77.65,714.15,Fiber optic,Bank transfer (automatic),High ($65-95),Yes,3847,0.7211764569364192,1,Medium Risk
1597-LHYNC,26,Month-to-month,95.0,2497.2,Fiber optic,Electronic check,High ($65-95),Yes,4232,0.6022247790041546,1,Medium Risk
7055-VKGDA,54,One year,105.4,5643.4,Fiber optic,Credit card (automatic),Premium (>$95),Yes,4406,0.4192247291039438,0,Low Risk
0754-UKWQP,2,Month-to-month,95.85,197.7,Fiber optic,Electronic check,Premium (>$95),Yes,3790,0.8590414176385868,1,High Risk
7493-TPUWZ,1,Month-to-month,79.15,79.15,Fiber optic,Electronic check,High ($65-95),Yes,4243,0.8528728747394296,1,High Risk
1577-HKTFG,30,Month-to-month,19.65,655.85,No,Bank transfer (automatic),Low (<$35),Yes,2486,0.26012852917465124,0,Low Risk
8752-STIVR,4,Month-to-month,79.0,303.15,Fiber optic,Electronic check,High ($65-95),Yes,2085,0.881596311683653,1,High Risk
4558-FANTW,17,Month-to-month,91.85,1574.45,Fiber optic,Electronic check,High ($65-95),Yes,5643,0.6020919662699206,1,Medium Risk
8651-ENBZX,60,One year,106.0,6441.4,Fiber optic,Electronic check,Premium (>$95),Yes,5507,0.529434576676035,1,Medium Risk
7623-TRNQN,1,Month-to-month,49.9,49.9,DSL,Mailed check,Medium ($35-65),Yes,3113,0.32762668675228473,0,Low Risk
9330-IJWIO,13,Month-to-month,100.35,1358.85,Fiber optic,Electronic check,Premium (>$95),Yes,2008,0.8152646738427629,1,High Risk
9286-DOJGF,38,Month-to-month,74.95,2869.85,Fiber optic,Bank transfer (automatic),High ($65-95),Yes,5165,0.5755462147806555,1,Medium Risk
9661-MHUMO,1,Month-to-month,49.25,49.25,DSL,Credit card (automatic),Medium ($35-65),Yes,4478,0.36089232763726714,0,Low Risk
1842-EZJMK,50,Month-to-month,103.7,5071.05,Fiber optic,Electronic check,Premium (>$95),Yes,5897,0.5167975529421968,1,Medium Risk
8079-XRJRS,65,One year,89.75,5769.6,Fiber optic,Electronic check,High ($65-95),Yes,6110,0.4073241381999366,0,Low Risk
8073-IJDCM,1,Month-to-month,20.3,20.3,No,Mailed check,Low (<$35),Yes,3830,0.5921393818774261,1,Medium Risk
8884-ADFVN,7,Month-to-month,101.95,700.85,Fiber optic,Electronic check,Premium (>$95),Yes,2016,0.8805470442846116,1,High Risk
2720-WGKHP,2,Month-to-month,94.0,181.7,Fiber optic,Electronic check,High ($65-95),Yes,5569,0.8996622664023468,1,High Risk
2869-ADAWR,45,Month-to-month,89.3,4016.85,Fiber optic,Credit card (automatic),High ($65-95),Yes,4880,0.5492210887731703,1,Medium Risk
9894-EZEWG,1,Month-to-month,74.3,74.3,Fiber optic,Credit card (automatic),High ($65-95),Yes,5996,0.695570557199031,1,Medium Risk
7851-FLGGQ,1,Month-to-month,44.65,44.65,DSL,Mailed check,Medium ($35-65),Yes,3704,0.5209278841815568,1,Medium Risk
0637-UBJRP,13,Month-to-month,84.05,1095.3,Fiber optic,Electronic check,High ($65-95),Yes,4745,0.5739733885685873,1,Medium Risk
0940-OUQEC,10,Month-to-month,80.7,788.8,Fiber optic,Bank transfer (automatic),High ($65-95),Yes,3492,0.6879494479841639,1,Medium Risk
0702-PGIBZ,4,Month-to-month,101.7,364.55,Fiber optic,Electronic check,Premium (>$95),Yes,2777,0.846036982312554,1,High Risk
1963-VAUKV,1,Month-to-month,20.4,20.4,No,Mailed check,Low (<$35),Yes,3663,0.5623864595692125,1,Medium Risk
3058-HJCUY,41,One year,102.6,4213.35,Fiber optic,Electronic check,Premium (>$95),Yes,2098,0.6283440343108306,1,Medium Risk
3259-FDWOY,71,Two year,106.0,7723.7,Fiber optic,Bank transfer (automatic),Premium (>$95),Yes,4072,0.3131597416122834,0,Low Risk
0807-ZABDG,3,Month-to-month,55.1,154.65,DSL,Mailed check,Medium ($35-65),Yes,4412,0.4177991146296429,0,Low Risk
5748-RNCJT,69,Two year,106.5,7348.8,Fiber optic,Bank transfer (automatic),Premium (>$95),Yes,4859,0.37606002745734984,0,Low Risk
7739-LAXOG,32,Month-to-month,91.05,2954.5,Fiber optic,Bank transfer (automatic),High ($65-95),Yes,3590,0.5900369587145768,1,Medium Risk
9776-CLUJA,51,Month-to-month,77.5,3807.35,Fiber optic,Electronic check,High ($65-95),Yes,5748,0.5219930542590345,1,Medium Risk
6034-ZRYCV,72,Two year,54.2,3937.45,DSL,Electronic check,Medium ($35-65),Yes,4481,0.4884228355360724,0,Low Risk
2079-FBMZK,6,Month-to-month,69.25,418.4,Fiber optic,Mailed check,High ($65-95),Yes,5816,0.7531344356873397,1,High Risk
6608-QQLVK,1,Month-to-month,50.5,50.5,DSL,Electronic check,Medium ($35-65),Yes,2077,0.7867438703430168,1,High Risk
3551-HUAZH,1,Month-to-month,74.4,74.4,Fiber optic,Electronic check,High ($65-95),Yes,3429,0.8924135410152796,1,High Risk
6302-JGYRJ,31,One year,79.45,2587.7,DSL,Mailed check,High ($65-95),Yes,2872,0.3911468455170498,0,Low Risk
3685-YLCMQ,58,One year,104.65,6219.6,Fiber optic,Electronic check,Premium (>$95),Yes,5411,0.6168293790167104,1,Medium Risk
8634-MPHTR,47,Month-to-month,100.05,4871.05,Fiber optic,Electronic check,Premium (>$95),Yes,5166,0.7899583723905603,1,High Risk
8761-NSOBC,44,Month-to-month,100.55,4398.15,Fiber optic,Electronic check,Premium (>$95),Yes,3486,0.48956949360138824,0,Low Risk
8413-VONUO,2,Month-to-month,95.65,167.3,Fiber optic,Electronic check,Premium (>$95),Yes,5332,0.6460471080965084,1,Medium Risk
9223-UCPVT,1,Month-to-month,94.4,94.4,Fiber optic,Electronic check,High ($65-95),Yes,5764,0.7867792728144939,1,High Risk
4351-QLCSU,1,Month-to-month,55.0,55.0,DSL,Credit card (automatic),Medium ($35-65),Yes,3809,0.659728303782313,1,Medium Risk
5419-JPRRN,1,Month-to-month,101.45,101.45,Fiber optic,Electronic check,Premium (>$95),Yes,4390,0.8946463520443281,1,High Risk
2100-BDNSN,5,Month-to-month,67.95,350.3,DSL,Bank transfer (automatic),High ($65-95),Yes,3889,0.42189458609720804,0,Low Risk
0488-GSLFR,1,Month-to-month,69.5,69.5,Fiber optic,Electronic check,High ($65-95),Yes,3365,0.879449820580573,1,High Risk
9318-NKNFC,1,Month-to-month,18.85,18.85,No,Mailed check,Low (<$35),Yes,4132,0.6000335364691142,1,Medium Risk
9728-FTTVZ,1,Month-to-month,69.2,69.2,Fiber optic,Electronic check,High ($65-95),Yes,4073,0.8755970111748268,1,High Risk
7254-IQWOZ,1,Month-to-month,69.65,69.65,Fiber optic,Electronic check,High ($65-95),Yes,5258,0.8979484489799701,1,High Risk
2474-BRUCM,40,Month-to-month,101.85,4086.3,Fiber optic,Electronic check,Premium (>$95),Yes,2837,0.5741712070198486,1,Medium Risk
0742-NXBGR,1,Month-to-month,82.3,82.3,Fiber optic,Electronic check,High ($65-95),Yes,4278,0.7984844297804876,1,High Risk
6110-OHIHY,3,Month-to-month,79.25,267.6,Fiber optic,Electronic check,High ($65-95),Yes,4183,0.7541674748452134,1,High Risk
5889-LFOLL,13,Month-to-month,84.6,1115.2,Fiber optic,Electronic check,High ($65-95),Yes,2659,0.8521499561691657,1,High Risk
5708-EVONK,58,Month-to-month,93.4,5435.6,Fiber optic,Bank transfer (automatic),High ($65-95),Yes,5989,0.32583208904705735,0,Low Risk
8708-XPXHZ,42,Month-to-month,94.2,4186.3,Fiber optic,Electronic check,High ($65-95),Yes,5458,0.7773174446794344,1,High Risk
0616-ATFGB,1,Month-to-month,25.05,25.05,DSL,Electronic check,Low (<$35),Yes,2119,0.7605387308374435,1,High Risk
7016-BPGEU,29,Month-to-month,25.1,712.85,DSL,Credit card (automatic),Low (<$35),Yes,2796,0.4514328990320937,0,Low Risk
6876-ADESB,1,Month-to-month,48.95,48.95,DSL,Electronic check,Medium ($35-65),Yes,3913,0.5774233853756456,1,Medium Risk
1963-SVUCV,1,Month-to-month,45.3,45.3,DSL,Electronic check,Medium ($35-65),Yes,5774,0.7497510104999879,1,Medium Risk
0220-EBGCE,2,Month-to-month,85.85,167.3,Fiber optic,Electronic check,High ($65-95),Yes,3273,0.8378011987517259,1,High Risk
2754-VDLTR,10,Month-to-month,95.2,930.4,Fiber optic,Electronic check,Premium (>$95),Yes,4922,0.720780981133382,1,Medium Risk
3190-XFANI,49,One year,100.6,5069.65,Fiber optic,Bank transfer (automatic),Premium (>$95),Yes,5585,0.41649702170650343,0,Low Risk
7551-DACSP,6,Month-to-month,55.3,324.25,DSL,Mailed check,Medium ($35-65),Yes,3878,0.39969816180073386,0,Low Risk
7235-NXZCP,2,Month-to-month,74.85,156.4,Fiber optic,Mailed check,High ($65-95),Yes,5378,0.784196691974232,1,High Risk
0520-FDVVT,35,One year,102.35,3626.1,Fiber optic,Bank transfer (automatic),Premium (>$95),Yes,2473,0.4212344425904764,0,Low Risk
1444-VVSGW,70,One year,115.65,7968.85,Fiber optic,Credit card (automatic),Premium (>$95),Yes,5563,0.28034040509349034,0,Low Risk
5712-PTIWW,2,Month-to-month,79.85,152.45,Fiber optic,Electronic check,High ($65-95),Yes,3280,0.6962373324635023,1,Medium Risk
3315-TOTBP,15,Month-to-month,76.0,1130.85,Fiber optic,Mailed check,High ($65-95),Yes,4938,0.6726590725044471,1,Medium Risk
6661-HBGWL,42,Month-to-month,104.75,4323.45,Fiber optic,Bank transfer (automatic),Premium (>$95),Yes,2984,0.6119781317138101,1,Medium Risk
1518-VOWAV,9,Month-to-month,74.65,703.55,DSL,Electronic check,High ($65-95),Yes,5900,0.5208037996266343,1,Medium Risk
5909-ECHUI,1,Month-to-month,56.25,56.25,DSL,Electronic check,Medium ($35-65),Yes,3065,0.7650562960769857,1,High Risk
1309-BXVOQ,21,Month-to-month,106.1,2249.95,Fiber optic,Electronic check,Premium (>$95),Yes,3584,0.753771496997595,1,High Risk
9317-WZPGV,2,Month-to-month,79.75,159.4,Fiber optic,Bank transfer (automatic),High ($65-95),Yes,4038,0.7778811121736845,1,High Risk
2856-HYAPG,1,Month-to-month,68.65,68.65,Fiber optic,Electronic check,High ($65-95),Yes,3052,0.8542833801694039,1,High Risk
4488-PSYCG,16,Month-to-month,20.25,327.45,No,Bank transfer (automatic),Low (<$35),Yes,4327,0.29009144290124306,0,Low Risk
3621-CEOVK,14,Month-to-month,100.2,1369.8,Fiber optic,Electronic check,Premium (>$95),Yes,3369,0.8039544525725261,1,High Risk
6906-ANDWJ,15,Month-to-month,74.9,1107.25,Fiber optic,Bank transfer (automatic),High ($65-95),Yes,2510,0.6929860583054929,1,Medium Risk
1031-IIDEO,1,Month-to-month,70.85,70.85,Fiber optic,Electronic check,High ($65-95),Yes,2874,0.8792860331627662,1,High Risk
5832-XKAES,2,Month-to-month,69.8,134.7,Fiber optic,Credit card (automatic),High ($65-95),Yes,2320,0.6644732695203923,1,Medium Risk
4701-AHWMW,55,Month-to-month,54.55,2978.3,DSL,Bank transfer (automatic),Medium ($35-65),Yes,6041,0.17943304295535337,0,Very Low Risk
9210-IAHGH,7,Month-to-month,70.75,450.8,DSL,Credit card (automatic),High ($65-95),Yes,2248,0.44786950290689226,0,Low Risk
0023-XUOPT,13,Month-to-month,94.1,1215.6,Fiber optic,Electronic check,High ($65-95),Yes,2973,0.6201848709824285,1,Medium Risk
4592-IWTJI,3,Month-to-month,29.7,91.7,DSL,Credit card (automatic),Low (<$35),Yes,2613,0.5166944994320056,1,Medium Risk
7632-MNYOY,66,One year,110.9,7432.05,Fiber optic,Credit card (automatic),Premium (>$95),Yes,4389,0.410304751880321,0,Low Risk
6518-LGAOV,38,Month-to-month,105.0,4026.4,Fiber optic,Electronic check,Premium (>$95),Yes,2341,0.7108747863993345,1,Medium Risk
7242-QZLXF,1,Month-to-month,25.3,25.3,DSL,Electronic check,Low (<$35),Yes,5421,0.7463058885473112,1,Medium Risk
4576-CSAJH,22,One year,55.15,1193.05,DSL,Credit card (automatic),Medium ($35-65),Yes,5866,0.31765687645601165,0,Low Risk
1000-AJSLD,1,Month-to-month,20.1,20.1,No,Mailed check,Low (<$35),Yes,4389,0.6606176338792996,1,Medium Risk
1062-LHZOD,1,Month-to-month,69.9,69.9,Fiber optic,Mailed check,High ($65-95),Yes,2100,0.8132923016913577,1,High Risk
9600-NAXZN,43,Month-to-month,101.4,4528.0,Fiber optic,Electronic check,Premium (>$95),Yes,3370,0.7509858561929599,1,High Risk
6457-USBER,1,Month-to-month,80.8,80.8,Fiber optic,Electronic check,High ($65-95),Yes,4424,0.8887624857500191,1,High Risk
4662-EKDPQ,2,Month-to-month,62.05,118.3,DSL,Bank transfer (automatic),Medium ($35-65),Yes,5344,0.5862218146584047,1,Medium Risk
9248-OJYKK,1,Month-to-month,76.45,76.45,Fiber optic,Electronic check,High ($65-95),Yes,3763,0.8957290637413002,1,High Risk
3398-FSHON,12,Month-to-month,91.3,1094.5,Fiber optic,Electronic check,High ($65-95),Yes,4703,0.8242268808183242,1,High Risk
3319-DWOEP,6,Month-to-month,95.75,573.75,Fiber optic,Electronic check,Premium (>$95),Yes,5750,0.8454600014823989,1,High Risk
9259-PACGQ,34,Month-to-month,62.65,2274.9,DSL,Electronic check,Medium ($35-65),Yes,3918,0.27181939096520263,0,Low Risk
4415-IJZTP,1,Month-to-month,74.5,74.5,Fiber optic,Electronic check,High ($65-95),Yes,2016,0.8850531372201086,1,High Risk
1465-VINDH,10,Month-to-month,102.1,1068.85,Fiber optic,Credit card (automatic),Premium (>$95),Yes,3596,0.7262934277503296,1,Medium Risk
2810-FTLEM,16,Month-to-month,50.15,762.25,DSL,Electronic check,Medium ($35-65),Yes,4254,0.5298920368595001,1,Medium Risk
1925-TIBLE,7,Month-to-month,86.5,582.5,Fiber optic,Electronic check,High ($65-95),Yes,3887,0.8664909923566079,1,High Risk
0818-OCPZO,27,Month-to-month,81.45,2122.05,Fiber optic,Electronic check,High ($65-95),Yes,2571,0.7411139545885993,1,Medium Risk
1447-GIQMR,1,Month-to-month,69.15,69.15,Fiber optic,Electronic check,High ($65-95),Yes,4179,0.8559280127132051,1,High Risk
0872-NXJYS,9,Month-to-month,79.55,723.4,Fiber optic,Electronic check,High ($65-95),Yes,3246,0.869923446998007,1,High Risk
9412-ARGBX,48,Two year,95.5,4627.85,Fiber optic,Mailed check,Premium (>$95),Yes,2459,0.15931735326441107,0,Very Low Risk
1389-CXMLU,3,Month-to-month,91.05,289.1,Fiber optic,Electronic check,High ($65-95),Yes,2194,0.7664572741179633,1,High Risk
5561-NWEVX,2,Month-to-month,79.2,172.85,Fiber optic,Electronic check,High ($65-95),Yes,4225,0.7641348812100375,1,High Risk
2737-WFVYW,2,Month-to-month,45.25,85.5,DSL,Electronic check,Medium ($35-65),Yes,4566,0.772690467166153,1,High Risk
2272-QAGFO,14,Month-to-month,74.3,1096.25,Fiber optic,Electronic check,High ($65-95),Yes,5342,0.8369550506204316,1,High Risk
9850-OWRHQ,3,Month-to-month,74.1,228.0,Fiber optic,Credit card (automatic),High ($65-95),Yes,5657,0.7855118687657374,1,High Risk
3768-NLUBH,57,Month-to-month,100.6,5746.15,Fiber optic,Electronic check,Premium (>$95),Yes,5247,0.6533525204689665,1,Medium Risk
8676-TRMJS,3,Month-to-month,75.0,209.1,Fiber optic,Mailed check,High ($65-95),Yes,3190,0.7253063124709703,1,Medium Risk
7359-SSBJK,64,Two year,70.2,4481.0,DSL,Credit card (automatic),High ($65-95),Yes,6080,0.3492992509649474,0,Low Risk
0685-MLYYM,2,Month-to-month,70.75,154.85,Fiber optic,Electronic check,High ($65-95),Yes,4407,0.7873033587425954,1,High Risk
8182-PNAGI,12,Month-to-month,50.25,593.75,DSL,Bank transfer (automatic),Medium ($35-65),Yes,3624,0.33520434693747353,0,Low Risk
7957-RYHQD,40,Month-to-month,79.2,3233.85,Fiber optic,Credit card (automatic),High ($65-95),Yes,3207,0.4036506130549965,0,Low Risk
2180-DXNEG,12,Month-to-month,96.0,1062.1,Fiber optic,Electronic check,Premium (>$95),Yes,5239,0.8345479738592751,1,High Risk
5515-AKOAJ,54,Month-to-month,100.1,5440.9,Fiber optic,Electronic check,Premium (>$95),Yes,5763,0.6017650691056349,1,Medium Risk
8976-OQHGT,4,Month-to-month,56.5,235.1,DSL,Mailed check,Medium ($35-65),Yes,5758,0.4004529736743857,0,Low Risk
6230-BSUXY,1,Month-to-month,85.0,85.0,Fiber optic,Electronic check,High ($65-95),Yes,2650,0.8574811698926613,1,High Risk
5294-CDGWY,51,One year,59.3,3014.65,DSL,Electronic check,Medium ($35-65),Yes,5633,0.46438371531361655,0,Low Risk
5295-PCJOO,4,Month-to-month,49.4,184.4,DSL,Electronic check,Medium ($35-65),Yes,4455,0.5273184550998271,1,Medium Risk
9863-JZAIC,35,Month-to-month,55.0,2010.55,DSL,Mailed check,Medium ($35-65),Yes,2220,0.3178996629940521,0,Low Risk
7660-HDPJV,1,Month-to-month,69.2,69.2,Fiber optic,Electronic check,High ($65-95),Yes,2637,0.8755970111748268,1,High Risk
7931-PXHFC,38,One year,62.3,2354.8,DSL,Mailed check,Medium ($35-65),Yes,3818,0.3111337681648669,0,Low Risk
3990-QYKBE,37,Month-to-month,92.5,3473.4,Fiber optic,Electronic check,High ($65-95),Yes,4127,0.7974053430444201,1,High Risk
4919-MOAVT,3,Month-to-month,69.65,220.1,Fiber optic,Electronic check,High ($65-95),Yes,2421,0.7572751056811126,1,High Risk
3090-HAWSU,61,Two year,111.6,6876.05,Fiber optic,Credit card (automatic),Premium (>$95),Yes,4495,0.5493199027325434,1,Medium Risk
9820-RMCQV,11,Month-to-month,48.55,501.0,DSL,Credit card (automatic),Medium ($35-65),Yes,4444,0.3470838001681883,0,Low Risk
7839-QRKXN,1,Month-to-month,20.2,20.2,No,Mailed check,Low (<$35),Yes,4197,0.6469722881503905,1,Medium Risk
5204-QZXPU,19,Month-to-month,39.65,733.35,DSL,Electronic check,Medium ($35-65),Yes,2933,0.7086145868557739,1,Medium Risk
4597-ELFTS,56,One year,24.9,1334.0,No,Electronic check,Low (<$35),Yes,5327,0.39910136188512996,0,Low Risk
8450-JOVAH,2,Month-to-month,56.7,113.55,DSL,Mailed check,Medium ($35-65),Yes,5560,0.2732508193798214,0,Low Risk
1113-IUJYX,14,One year,105.95,1348.9,Fiber optic,Mailed check,Premium (>$95),Yes,5887,0.6721654915871291,1,Medium Risk
9274-CNFMO,4,Month-to-month,74.95,308.7,Fiber optic,Electronic check,High ($65-95),Yes,3716,0.8164591692357597,1,High Risk
7758-XKCBS,15,Month-to-month,29.7,438.25,DSL,Electronic check,Low (<$35),Yes,5518,0.6160126233443397,1,Medium Risk
8992-JQYUN,1,Month-to-month,50.35,50.35,DSL,Electronic check,Medium ($35-65),Yes,4526,0.7997790376597546,1,High Risk
0617-AQNWT,64,Two year,47.85,3147.5,DSL,Electronic check,Medium ($35-65),Yes,6347,0.4080699710413447,0,Low Risk
2446-PLQVO,1,Month-to-month,70.3,70.3,Fiber optic,Electronic check,High ($65-95),Yes,4512,0.8768091205057641,1,High Risk
3005-NFMTA,55,Month-to-month,98.8,5617.75,Fiber optic,Electronic check,Premium (>$95),Yes,5543,0.5717185254154257,1,Medium Risk
8784-CGILN,18,Month-to-month,99.85,1776.95,Fiber optic,Bank transfer (automatic),Premium (>$95),Yes,3068,0.6390146839891272,1,Medium Risk
5389-FFVKB,32,Month-to-month,80.3,2483.05,Fiber optic,Credit card (automatic),High ($65-95),Yes,5365,0.5430039989498721,1,Medium Risk
8444-WRIDW,66,Month-to-month,80.45,5224.35,Fiber optic,Credit card (automatic),High ($65-95),Yes,5011,0.38891553567252984,0,Low Risk
9451-LPGOO,7,Month-to-month,86.8,620.35,Fiber optic,Electronic check,High ($65-95),Yes,3780,0.8872474552362849,1,High Risk
5868-YWPDW,6,Month-to-month,84.2,519.15,Fiber optic,Electronic check,High ($65-95),Yes,5834,0.7987606030403193,1,High Risk
2025-JKFWI,13,Month-to-month,99.0,1301.7,Fiber optic,Mailed check,Premium (>$95),Yes,3493,0.6449161151139965,1,Medium Risk
4078-SAYYN,11,Month-to-month,100.75,1129.75,Fiber optic,Electronic check,Premium (>$95),Yes,2229,0.8687821820737195,1,High Risk
9940-HPQPG,9,Month-to-month,91.75,865.8,Fiber optic,Bank transfer (automatic),High ($65-95),Yes,4176,0.523977040109974,1,Medium Risk
6618-RYATB,1,Month-to-month,79.55,79.55,Fiber optic,Mailed check,High ($65-95),Yes,5571,0.8445274852376463,1,High Risk
9079-YEXQJ,54,Month-to-month,111.1,6014.85,Fiber optic,Electronic check,Premium (>$95),Yes,5527,0.4013763495639997,0,Low Risk
2685-SREOM,25,Month-to-month,89.1,2368.4,Fiber optic,Electronic check,High ($65-95),Yes,4793,0.7839365652112034,1,High Risk
0402-CQAJN,37,Month-to-month,101.9,3545.35,Fiber optic,Bank transfer (automatic),Premium (>$95),Yes,4437,0.6122669809434726,1,Medium Risk
6692-UDPJC,14,Month-to-month,91.65,1301.0,Fiber optic,Electronic check,High ($65-95),Yes,4304,0.47946944136730124,0,Low Risk
1273-MTETI,4,Month-to-month,88.85,372.45,Fiber optic,Electronic check,High ($65-95),Yes,2754,0.874425322633722,1,High Risk
5480-HPRRX,3,Month-to-month,25.3,77.75,DSL,Electronic check,Low (<$35),Yes,3542,0.7254953626355818,1,Medium Risk
0295-PPHDO,1,Month-to-month,95.45,95.45,Fiber optic,Electronic check,Premium (>$95),Yes,5962,0.9082455889329971,1,High Risk
1195-OIYEJ,13,Month-to-month,91.1,1135.7,Fiber optic,Electronic check,High ($65-95),Yes,5347,0.8309277755694967,1,High Risk
5906-CVLHP,45,One year,54.15,2319.8,DSL,Credit card (automatic),Medium ($35-65),Yes,2761,0.24585337455573428,0,Very Low Risk
4501-EQDRN,1,Month-to-month,69.7,69.7,Fiber optic,Bank transfer (automatic),High ($65-95),Yes,4620,0.773022218312872,1,High Risk
2990-HWIML,6,Month-to-month,89.5,573.3,Fiber optic,Electronic check,High ($65-95),Yes,2898,0.8872210117460041,1,High Risk
7384-GHBPI,3,Month-to-month,35.15,99.75,DSL,Electronic check,Medium ($35-65),Yes,2987,0.8073522274180002,1,High Risk
7603-USHJS,12,Month-to-month,73.75,871.4,Fiber optic,Credit card (automatic),High ($65-95),Yes,2010,0.26700544220297595,0,Low Risk
7234-FECYN,8,Month-to-month,101.35,780.5,Fiber optic,Electronic check,Premium (>$95),Yes,5546,0.7775302174505268,1,High Risk
5876-HZVZM,6,Month-to-month,55.9,365.35,DSL,Credit card (automatic),Medium ($35-65),Yes,4914,0.3110913732095116,0,Low Risk
1400-MMYXY,3,Month-to-month,105.9,334.65,Fiber optic,Electronic check,Premium (>$95),Yes,2715,0.8344863650401958,1,High Risk
3085-QUOZK,1,Month-to-month,43.95,43.95,DSL,Mailed check,Medium ($35-65),Yes,3238,0.6011282298431951,1,Medium Risk
3926-CUQZX,1,Month-to-month,45.1,45.1,DSL,Bank transfer (automatic),Medium ($35-65),Yes,4884,0.7018335709483036,1,Medium Risk
1041-RXHRA,41,Month-to-month,70.25,2868.05,Fiber optic,Bank transfer (automatic),High ($65-95),Yes,3407,0.47325893391975377,0,Low Risk
1750-CSKKM,9,Month-to-month,55.35,449.75,DSL,Electronic check,Medium ($35-65),Yes,2688,0.46002204662679136,0,Low Risk
7142-HVGBG,43,Month-to-month,103.0,4414.3,Fiber optic,Electronic check,Premium (>$95),Yes,2505,0.7415383774084107,1,Medium Risk
8267-ZNYVZ,33,One year,103.75,3361.05,Fiber optic,Electronic check,Premium (>$95),Yes,3824,0.5606087491903718,1,Medium Risk
6457-GIRWB,1,Month-to-month,69.35,69.35,Fiber optic,Electronic check,High ($65-95),Yes,2843,0.8779002561284344,1,High Risk
1450-SKCVI,56,Month-to-month,73.85,4092.85,Fiber optic,Electronic check,High ($65-95),Yes,5276,0.5622982490176175,1,Medium Risk
5570-PTWEH,3,Month-to-month,75.15,216.75,Fiber optic,Credit card (automatic),High ($65-95),Yes,2270,0.786105712004625,1,High Risk
6502-MJQAE,1,Month-to-month,69.6,69.6,Fiber optic,Electronic check,High ($65-95),Yes,2072,0.8781786754300066,1,High Risk
7693-LCKZL,5,Month-to-month,80.15,385.0,Fiber optic,Electronic check,High ($65-95),Yes,5124,0.5460094387088863,1,Medium Risk
0032-PGELS,1,Month-to-month,30.5,30.5,DSL,Bank transfer (automatic),Low (<$35),Yes,5171,0.5505654147319917,1,Medium Risk
6797-LNAQX,70,Two year,98.3,6859.5,Fiber optic,Bank transfer (automatic),Premium (>$95),Yes,4794,0.13717301010454566,0,Very Low Risk
6394-MFYNG,48,Month-to-month,107.4,5121.3,Fiber optic,Bank transfer (automatic),Premium (>$95),Yes,4956,0.6158265527739676,1,Medium Risk
1564-NTYXF,13,Month-to-month,82.0,1127.2,Fiber optic,Electronic check,High ($65-95),Yes,3363,0.8567224989840195,1,High Risk
8155-IBNHG,24,Month-to-month,75.4,1747.85,Fiber optic,Credit card (automatic),High ($65-95),Yes,2325,0.6632007758861953,1,Medium Risk
0886-QGENL,27,Month-to-month,101.25,2754.45,Fiber optic,Electronic check,Premium (>$95),Yes,4853,0.6533373422823044,1,Medium Risk
8739-WWKDU,25,Month-to-month,89.5,2196.15,Fiber optic,Electronic check,High ($65-95),Yes,4849,0.7791126681698546,1,High Risk
8685-WHQPW,22,Month-to-month,74.4,1692.6,Fiber optic,Bank transfer (automatic),High ($65-95),Yes,2407,0.6231143488111687,1,Medium Risk
4745-LSPLO,1,Month-to-month,20.5,20.5,No,Mailed check,Low (<$35),Yes,3731,0.7030624847149325,1,Medium Risk
8083-YTZES,4,Month-to-month,74.35,265.35,Fiber optic,Electronic check,High ($65-95),Yes,3622,0.87201270076566,1,High Risk
7240-FQLHE,18,Month-to-month,99.75,1836.25,Fiber optic,Bank transfer (automatic),Premium (>$95),Yes,5857,0.6245802184472954,1,Medium Risk
6664-FPDAC,56,One year,111.95,6418.9,Fiber optic,Electronic check,Premium (>$95),Yes,4060,0.376606257002313,0,Low Risk
0786-VSSUD,16,Month-to-month,39.0,679.85,DSL,Mailed check,Medium ($35-65),Yes,5692,0.4791036206160185,0,Low Risk
3976-BWUCK,30,Month-to-month,94.1,2804.45,Fiber optic,Credit card (automatic),High ($65-95),Yes,5255,0.4738211867082878,0,Low Risk
3585-ISXZP,8,Month-to-month,95.65,778.1,Fiber optic,Bank transfer (automatic),Premium (>$95),Yes,5335,0.6676768097297101,1,Medium Risk
6583-QGCSI,50,Month-to-month,88.05,4367.35,Fiber optic,Electronic check,High ($65-95),Yes,5813,0.6588239097461518,1,Medium Risk
4174-LPGTI,41,One year,66.5,2728.6,DSL,Bank transfer (automatic),High ($65-95),Yes,2517,0.23364678602760172,0,Very Low Risk
2108-XWMPY,3,Month-to-month,35.45,106.85,DSL,Mailed check,Medium ($35-65),Yes,2095,0.574677113560266,1,Medium Risk
6304-IJFSQ,3,Month-to-month,49.9,130.1,DSL,Mailed check,Medium ($35-65),Yes,5585,0.6271510977516747,1,Medium Risk
0093-XWZFY,40,Month-to-month,104.5,4036.85,Fiber optic,Credit card (automatic),Premium (>$95),Yes,2832,0.5618955525884567,1,Medium Risk
1980-KXVPM,3,Month-to-month,75.05,256.25,Fiber optic,Credit card (automatic),High ($65-95),Yes,3553,0.7972419951403009,1,High Risk
7703-ZEKEF,23,Month-to-month,81.0,1917.1,Fiber optic,Electronic check,High ($65-95),Yes,5701,0.7848222827344273,1,High Risk
0723-DRCLG,1,Month-to-month,74.45,74.45,Fiber optic,Electronic check,High ($65-95),Yes,2394,0.868591475667472,1,High Risk
5482-NUPNA,4,Month-to-month,60.4,272.15,DSL,Mailed check,Medium ($35-65),Yes,5730,0.3213813479615564,0,Low Risk
1122-JWTJW,1,Month-to-month,70.65,70.65,Fiber optic,Mailed check,High ($65-95),Yes,3463,0.5302779064526686,1,Medium Risk
1699-HPSBG,12,One year,59.8,727.8,DSL,Electronic check,Medium ($35-65),Yes,4581,0.4730711571554414,0,Low Risk
8775-CEBBJ,9,Month-to-month,44.2,403.35,DSL,Bank transfer (automatic),Medium ($35-65),Yes,2029,0.5659006950129208,1,Medium Risk
6894-LFHLY,1,Month-to-month,75.75,75.75,Fiber optic,Electronic check,High ($65-95),Yes,5571,0.8960197614157188,1,High Risk
0639-TSIQW,67,Month-to-month,102.95,6886.25,Fiber optic,Credit card (automatic),Premium (>$95),Yes,5620,0.4067418626579512,0,Low Risk
8361-LTMKD,4,Month-to-month,74.4,306.6,Fiber optic,Mailed check,High ($65-95),Yes,5839,0.7835125672089537,1,High Risk
7590-VHVEG,1,Month-to-month,29.85,29.85,DSL,Electronic check,Low (<$35),No,3964,0.5958322556145698,1,Medium Risk
5575-GNVDE,34,One year,56.95,1889.5,DSL,Mailed check,Medium ($35-65),No,3441,0.08520433082937025,0,Very Low Risk
7795-CFOCW,45,One year,42.3,1840.75,DSL,Bank transfer (automatic),Medium ($35-65),No,4307,0.05626180611814501,0,Very Low Risk
1452-KIOVK,22,Month-to-month,89.1,1949.4,Fiber optic,Credit card (automatic),High ($65-95),No,4459,0.21228824194161247,0,Very Low Risk
6713-OKOMC,10,Month-to-month,29.75,301.9,DSL,Mailed check,Low (<$35),No,2013,0.31584515167974225,0,Low Risk
6388-TABGU,62,One year,56.15,3487.95,DSL,Bank transfer (automatic),Medium ($35-65),No,4529,0.07065323164263182,0,Very Low Risk
9763-GRSKD,13,Month-to-month,49.95,587.45,DSL,Mailed check,Medium ($35-65),No,5764,0.14188509799337592,0,Very Low Risk
7469-LKBCI,16,Two year,18.95,326.8,No,Credit card (automatic),Low (<$35),No,4726,0.06138358461837119,0,Very Low Risk
8091-TTVAX,58,One year,100.35,5681.1,Fiber optic,Credit card (automatic),Premium (>$95),No,6432,0.2609422873662966,0,Low Risk
5129-JLPIS,25,Month-to-month,105.5,2686.05,Fiber optic,Electronic check,Premium (>$95),No,5822,0.5641959113281614,1,Medium Risk
3655-SNQYZ,69,Two year,113.25,7895.15,Fiber optic,Credit card (automatic),Premium (>$95),No,5141,0.07420762543668563,0,Very Low Risk
8191-XWSZG,52,One year,20.65,1022.95,No,Mailed check,Low (<$35),No,5186,0.057795748141881334,0,Very Low Risk
9959-WOFKT,71,Two year,106.7,7382.25,Fiber optic,Bank transfer (automatic),Premium (>$95),No,4479,0.1673544925096569,0,Very Low Risk
4183-MYFRB,21,Month-to-month,90.05,1862.9,Fiber optic,Electronic check,High ($65-95),No,5982,0.7025587545824129,1,Medium Risk
1680-VDCWW,12,One year,19.8,202.25,No,Bank transfer (automatic),Low (<$35),No,5279,0.11733342589565579,0,Very Low Risk
3638-WEABW,58,Two year,59.9,3505.1,DSL,Credit card (automatic),Medium ($35-65),No,6407,0.044311832690431305,0,Very Low Risk
6322-HRPFA,49,Month-to-month,59.6,2970.3,DSL,Credit card (automatic),Medium ($35-65),No,4986,0.060051001987324985,0,Very Low Risk
6865-JZNKO,30,Month-to-month,55.3,1530.6,DSL,Bank transfer (automatic),Medium ($35-65),No,2725,0.24751025479553188,0,Very Low Risk
5248-YGIJN,72,Two year,90.25,6369.45,DSL,Credit card (automatic),High ($65-95),No,5974,0.010279891234941552,0,Very Low Risk
3841-NFECX,71,Two year,96.35,6766.95,Fiber optic,Credit card (automatic),Premium (>$95),No,5309,0.03023898041088551,0,Very Low Risk
4929-XIHVW,2,Month-to-month,95.5,181.65,Fiber optic,Credit card (automatic),Premium (>$95),No,4449,0.6185372127604363,1,Medium Risk
6827-IEAUQ,27,One year,66.15,1874.45,DSL,Mailed check,High ($65-95),No,3213,0.08585199761166867,0,Very Low Risk
7310-EGVHZ,1,Month-to-month,20.2,20.2,No,Bank transfer (automatic),Low (<$35),No,5526,0.3806766078331279,0,Low Risk
3413-BMNZE,1,Month-to-month,45.25,45.25,DSL,Bank transfer (automatic),Medium ($35-65),No,3144,0.6324054111972132,1,Medium Risk
6234-RAAPL,72,Two year,99.9,7251.7,Fiber optic,Bank transfer (automatic),Premium (>$95),No,5915,0.039126288745487306,0,Very Low Risk
6572-ADKRS,46,Month-to-month,74.8,3548.3,Fiber optic,Credit card (automatic),High ($65-95),No,3395,0.4482466097116887,0,Low Risk
8865-TNMNX,10,One year,49.55,475.7,DSL,Mailed check,Medium ($35-65),No,2392,0.18453833098696942,0,Very Low Risk
9489-DEDVP,70,Two year,69.2,4872.35,DSL,Credit card (automatic),High ($65-95),No,4715,0.054979588032687515,0,Very Low Risk
9867-JCZSP,17,One year,20.75,418.25,No,Mailed check,Low (<$35),No,3646,0.05262931257302621,0,Very Low Risk
4671-VJLCL,63,Two year,79.85,4861.45,DSL,Credit card (automatic),High ($65-95),No,4595,0.03453483199667217,0,Very Low Risk
4080-IIARD,13,Month-to-month,76.2,981.45,DSL,Electronic check,High ($65-95),No,2569,0.31826266938334014,0,Low Risk
3714-NTNFO,49,Month-to-month,84.5,3906.7,Fiber optic,Electronic check,High ($65-95),No,6434,0.7126139591952559,1,Medium Risk
5948-UJZLF,2,Month-to-month,49.25,97.0,DSL,Mailed check,Medium ($35-65),No,3805,0.5481172801208904,1,Medium Risk
7639-LIAYI,52,Two year,79.75,4217.8,DSL,Credit card (automatic),High ($65-95),No,4142,0.05810733400390806,0,Very Low Risk
2954-PIBKO,69,Two year,64.15,4254.1,DSL,Credit card (automatic),Medium ($35-65),No,5128,0.05967029247045764,0,Very Low Risk
8012-SOUDQ,43,Month-to-month,90.25,3838.75,Fiber optic,Electronic check,High ($65-95),No,2223,0.6873581689522404,1,Medium Risk
6575-SUVOI,25,Month-to-month,69.5,1752.65,DSL,Credit card (automatic),High ($65-95),No,3154,0.23029904150772768,0,Very Low Risk
4667-QONEA,60,One year,74.85,4456.35,DSL,Credit card (automatic),High ($65-95),No,5153,0.1152974852092822,0,Very Low Risk
8769-KKTPH,63,One year,99.65,6311.2,Fiber optic,Credit card (automatic),Premium (>$95),No,4572,0.24377455134451015,0,Very Low Risk
5067-XJQFU,66,One year,108.45,7076.35,Fiber optic,Electronic check,Premium (>$95),No,4582,0.4604066179625687,0,Low Risk
3957-SQXML,34,Two year,24.95,894.3,No,Credit card (automatic),Low (<$35),No,5408,0.07439638822026688,0,Very Low Risk
5954-BDFSG,72,Two year,107.5,7853.7,Fiber optic,Credit card (automatic),Premium (>$95),No,4708,0.1415995855497434,0,Very Low Risk
0434-CSFON,47,Month-to-month,100.5,4707.1,Fiber optic,Electronic check,Premium (>$95),No,4488,0.7659152169418106,1,High Risk
1215-FIGMP,60,Month-to-month,89.9,5450.7,Fiber optic,Bank transfer (automatic),High ($65-95),No,6292,0.40733260464488646,0,Low Risk
0526-SXDJP,72,Two year,42.1,2962.0,DSL,Bank transfer (automatic),Medium ($35-65),No,6091,0.031899768670818826,0,Very Low Risk
0557-ASKVU,18,One year,54.4,957.1,DSL,Credit card (automatic),Medium ($35-65),No,4948,0.20496167305931612,0,Very Low Risk
5122-CYFXA,3,Month-to-month,75.3,244.1,DSL,Electronic check,High ($65-95),No,5387,0.44215432226556173,0,Low Risk
8627-ZYGSZ,47,One year,78.9,3650.35,Fiber optic,Electronic check,High ($65-95),No,3817,0.3688960999097624,0,Low Risk
3410-YOQBQ,31,Two year,79.2,2497.2,DSL,Mailed check,High ($65-95),No,4984,0.053396786772428095,0,Very Low Risk
3170-NMYVV,50,Two year,20.15,930.9,No,Bank transfer (automatic),Low (<$35),No,5849,0.021313609666683258,0,Very Low Risk
7410-OIEDU,10,Month-to-month,79.85,887.35,Fiber optic,Mailed check,High ($65-95),No,5983,0.42249885655235053,0,Low Risk
2273-QCKXA,1,Month-to-month,49.05,49.05,DSL,Mailed check,Medium ($35-65),No,3178,0.461127704151806,0,Low Risk
0731-EBJQB,52,One year,20.4,1090.65,No,Electronic check,Low (<$35),No,5482,0.0557227154797848,0,Very Low Risk
1891-QRQSA,64,Two year,111.6,7099.0,Fiber optic,Bank transfer (automatic),Premium (>$95),No,4881,0.16039753774520904,0,Very Low Risk
8028-PNXHQ,62,Two year,24.25,1424.6,No,Bank transfer (automatic),Low (<$35),No,4444,0.03564525864375781,0,Very Low Risk
5630-AHZIL,3,Month-to-month,64.5,177.4,DSL,Bank transfer (automatic),Medium ($35-65),No,5613,0.2857652333892805,0,Low Risk
2673-CXQEU,56,One year,110.5,6139.5,Fiber optic,Electronic check,Premium (>$95),No,4463,0.2727288205459184,0,Low Risk
6416-JNVRK,46,One year,55.65,2688.85,DSL,Credit card (automatic),Medium ($35-65),No,2867,0.1695268249289202,0,Very Low Risk
5590-ZSKRV,8,Month-to-month,54.65,482.25,DSL,Mailed check,Medium ($35-65),No,5614,0.1821187731671149,0,Very Low Risk
0191-ZHSKZ,30,Month-to-month,74.75,2111.3,DSL,Electronic check,High ($65-95),No,3033,0.35060865586418055,0,Low Risk
3887-PBQAO,45,One year,25.9,1216.6,No,Credit card (automatic),Low (<$35),No,5741,0.04430777731753244,0,Very Low Risk
8108-UXRQN,11,Month-to-month,50.55,565.35,DSL,Electronic check,Medium ($35-65),No,3443,0.19610222065262856,0,Very Low Risk
9919-YLNNG,42,Month-to-month,103.8,4327.5,Fiber optic,Bank transfer (automatic),Premium (>$95),No,4005,0.46997274864436817,0,Low Risk
0318-ZOPWS,49,Two year,20.15,973.35,No,Bank transfer (automatic),Low (<$35),No,5422,0.03383419970652629,0,Very Low Risk
4445-ZJNMU,9,Month-to-month,99.3,918.75,Fiber optic,Credit card (automatic),Premium (>$95),No,3540,0.6876884658852194,1,Medium Risk
4808-YNLEU,35,One year,62.15,2215.45,DSL,Bank transfer (automatic),Medium ($35-65),No,5255,0.1520496460353121,0,Very Low Risk
1862-QRWPE,48,Two year,20.65,1057.0,No,Bank transfer (automatic),Low (<$35),No,4124,0.030655588553071145,0,Very Low Risk
2796-NNUFI,46,Two year,19.95,927.1,No,Mailed check,Low (<$35),No,5480,0.05407645598155209,0,Very Low Risk
3016-KSVCP,29,Month-to-month,33.75,1009.25,DSL,Mailed check,Low (<$35),No,3664,0.37603949097396777,0,Low Risk
4767-HZZHQ,30,Month-to-month,82.05,2570.2,Fiber optic,Bank transfer (automatic),High ($65-95),No,5036,0.09861924081168841,0,Very Low Risk
2424-WVHPL,1,Month-to-month,74.7,74.7,Fiber optic,Electronic check,High ($65-95),No,4182,0.5496522789704517,1,Medium Risk
7233-PAHHL,66,Two year,84.0,5714.25,DSL,Mailed check,High ($65-95),No,5825,0.03664687004661629,0,Very Low Risk
6067-NGCEU,65,Month-to-month,111.05,7107.0,Fiber optic,Credit card (automatic),Premium (>$95),No,5261,0.33002707668823467,0,Low Risk
9848-JQJTX,72,Two year,100.9,7459.05,Fiber optic,Bank transfer (automatic),Premium (>$95),No,5781,0.17171681180319726,0,Very Low Risk
9803-FTJCG,71,One year,66.85,4748.7,DSL,Credit card (automatic),High ($65-95),No,4117,0.08598776850678404,0,Very Low Risk
3212-KXOCR,52,Two year,21.0,1107.2,No,Bank transfer (automatic),Low (<$35),No,4158,0.05209201763884344,0,Very Low Risk
6380-ARCEH,1,Month-to-month,20.2,20.2,No,Mailed check,Low (<$35),No,2710,0.5759525599867135,1,Medium Risk
3679-XASPY,1,Month-to-month,19.45,19.45,No,Electronic check,Low (<$35),No,5612,0.335311673536742,0,Low Risk
7123-WQUHX,38,One year,95.0,3605.6,Fiber optic,Bank transfer (automatic),High ($65-95),No,4741,0.17138196126668692,0,Very Low Risk
5386-THSLQ,66,One year,45.55,3027.25,DSL,Bank transfer (automatic),Medium ($35-65),No,6238,0.09203600305204841,0,Very Low Risk
6180-YBIQI,5,Month-to-month,24.3,100.2,DSL,Mailed check,Low (<$35),No,4015,0.4960654621013863,0,Low Risk
6728-DKUCO,72,One year,104.15,7303.05,Fiber optic,Electronic check,Premium (>$95),No,4594,0.2251226048896365,0,Very Low Risk
9750-BOOHV,32,One year,30.15,927.65,DSL,Mailed check,Low (<$35),No,3585,0.12938697925378886,0,Very Low Risk
8597-CWYHH,43,One year,94.35,3921.3,Fiber optic,Mailed check,High ($65-95),No,5845,0.25767672436966027,0,Low Risk
2848-YXSMW,72,Two year,19.4,1363.25,No,Credit card (automatic),Low (<$35),No,5234,0.009219190055345706,0,Very Low Risk
4549-ZDQYY,52,One year,57.95,3042.25,DSL,Credit card (automatic),Medium ($35-65),No,6078,0.04305776913223094,0,Very Low Risk
5712-AHQNN,43,Month-to-month,91.65,3954.1,Fiber optic,Electronic check,High ($65-95),No,3826,0.6149310146811822,1,Medium Risk
5256-SKJGO,64,Two year,54.6,3423.5,DSL,Electronic check,Medium ($35-65),No,4850,0.1308657176422959,0,Very Low Risk
3071-VBYPO,3,Month-to-month,89.85,248.4,Fiber optic,Electronic check,High ($65-95),No,4648,0.20098814567387854,0,Very Low Risk
9560-BBZXK,36,Two year,31.05,1126.35,DSL,Bank transfer (automatic),Low (<$35),No,4871,0.1303456908436519,0,Very Low Risk
8402-OOOHJ,41,Two year,20.65,835.15,No,Mailed check,Low (<$35),No,5918,0.03099564936527581,0,Very Low Risk
9445-ZUEQE,27,Month-to-month,85.2,2151.6,Fiber optic,Credit card (automatic),High ($65-95),No,3796,0.08548147176411217,0,Very Low Risk
1091-SOZGA,56,One year,99.8,5515.45,Fiber optic,Credit card (automatic),Premium (>$95),No,4606,0.32957879981824084,0,Low Risk
2928-HLDBA,6,Month-to-month,20.7,112.75,No,Mailed check,Low (<$35),No,5346,0.279959169566446,0,Low Risk
6497-TILVL,7,Month-to-month,50.7,350.35,DSL,Mailed check,Medium ($35-65),No,3097,0.1887188366656996,0,Very Low Risk
7219-TLZHO,4,Month-to-month,20.85,62.9,No,Mailed check,Low (<$35),No,3172,0.14196038727363708,0,Very Low Risk
4622-YNKIJ,33,Two year,88.95,3027.65,Fiber optic,Electronic check,High ($65-95),No,5087,0.1985544164664703,0,Very Low Risk
6734-PSBAW,72,Two year,23.55,1723.95,No,Bank transfer (automatic),Low (<$35),No,5901,0.018203966211458474,0,Very Low Risk
3930-ZGWVE,1,Month-to-month,19.75,19.75,No,Mailed check,Low (<$35),No,2484,0.5825300413558869,1,Medium Risk
2639-UGMAZ,71,One year,56.45,3985.35,DSL,Electronic check,Medium ($35-65),No,5372,0.21295894899998383,0,Very Low Risk
2876-GZYZC,13,Month-to-month,85.95,1215.65,Fiber optic,Electronic check,High ($65-95),No,5886,0.8521499561691657,1,High Risk
8587-XYZSF,67,Two year,50.55,3260.1,DSL,Bank transfer (automatic),Medium ($35-65),No,6064,0.05071507010818723,0,Very Low Risk
7799-LGRDP,43,Two year,25.7,1188.2,No,Credit card (automatic),Low (<$35),No,2017,0.0670641113905068,0,Very Low Risk
7850-VWJUU,23,Month-to-month,75.0,1778.5,Fiber optic,Bank transfer (automatic),High ($65-95),No,2221,0.4089540361087897,0,Low Risk
3774-VBNXY,64,Two year,20.2,1277.75,No,Mailed check,Low (<$35),No,4557,0.021161201760078005,0,Very Low Risk
6217-KDYWC,57,Two year,19.6,1170.55,No,Mailed check,Low (<$35),No,4393,0.04311784925312155,0,Very Low Risk
3146-MSEGF,72,Two year,88.05,6425.65,DSL,Credit card (automatic),High ($65-95),No,6102,0.02530092175447088,0,Very Low Risk
1095-WGNGG,61,Two year,101.05,5971.25,Fiber optic,Bank transfer (automatic),Premium (>$95),No,6311,0.20714529816081137,0,Very Low Risk
2636-SJDOU,64,One year,84.3,5289.05,Fiber optic,Credit card (automatic),High ($65-95),No,5044,0.12921115278811857,0,Very Low Risk
1131-QQZEB,71,Two year,23.95,1756.2,No,Bank transfer (automatic),Low (<$35),No,4329,0.006681650885942573,0,Very Low Risk
5716-EZXZN,65,Two year,99.05,6416.7,Fiber optic,Credit card (automatic),Premium (>$95),No,5878,0.06033411935731433,0,Very Low Risk
6837-BJYDQ,3,One year,19.6,61.35,No,Mailed check,Low (<$35),No,2543,0.10298525167761804,0,Very Low Risk
6440-DKQGE,30,One year,64.5,1929.95,DSL,Credit card (automatic),Medium ($35-65),No,4320,0.13089490855180866,0,Very Low Risk
3466-BYAVD,15,Month-to-month,69.5,1071.4,DSL,Mailed check,High ($65-95),No,3128,0.10167623149809152,0,Very Low Risk
3780-YVMFA,8,Month-to-month,68.55,564.35,DSL,Electronic check,High ($65-95),No,3123,0.303826861277258,0,Low Risk
1679-JRFBR,70,One year,108.15,7930.55,Fiber optic,Credit card (automatic),Premium (>$95),No,5192,0.20508113617421844,0,Very Low Risk
9073-ZZIAY,62,Two year,86.1,5215.25,DSL,Electronic check,High ($65-95),No,5769,0.047791884877364896,0,Very Low Risk
3077-RSNTJ,6,Month-to-month,19.7,113.5,No,Mailed check,Low (<$35),No,4293,0.12748802736023068,0,Very Low Risk
6551-GNYDG,14,Month-to-month,80.9,1152.8,Fiber optic,Bank transfer (automatic),High ($65-95),No,2563,0.22665110086362705,0,Very Low Risk
9167-APMXZ,22,Month-to-month,84.15,1821.95,Fiber optic,Bank transfer (automatic),High ($65-95),No,3549,0.6279998884048402,1,Medium Risk
2749-CTKAJ,22,One year,20.15,419.9,No,Mailed check,Low (<$35),No,2173,0.024108004602034865,0,Very Low Risk
6371-NZYEG,16,Two year,64.25,1024.0,DSL,Mailed check,Medium ($35-65),No,5511,0.10291824701514475,0,Very Low Risk
7554-NEWDD,10,Two year,25.7,251.6,No,Bank transfer (automatic),Low (<$35),No,3611,0.07444373487898402,0,Very Low Risk
8992-VONJD,13,Month-to-month,56.0,764.55,DSL,Electronic check,Medium ($35-65),No,5156,0.2748386292782343,0,Low Risk
4482-EWFMI,2,Month-to-month,69.7,135.2,Fiber optic,Electronic check,High ($65-95),No,3056,0.8645072080409097,1,High Risk
4648-YPBTM,53,Two year,73.9,3958.25,DSL,Bank transfer (automatic),High ($65-95),No,5644,0.054258554036585666,0,Very Low Risk
2907-ILJBN,11,One year,20.6,233.9,No,Mailed check,Low (<$35),No,4047,0.07922145299502346,0,Very Low Risk
6345-FZOQH,69,Two year,19.9,1363.45,No,Mailed check,Low (<$35),No,5570,0.01689359767997999,0,Very Low Risk
5997-OPVFA,72,Two year,89.05,6254.45,DSL,Bank transfer (automatic),High ($65-95),No,6212,0.010872681368228315,0,Very Low Risk
1159-WFSGR,16,Month-to-month,20.4,321.4,No,Electronic check,Low (<$35),No,3990,0.07851885134208922,0,Very Low Risk
7654-YWJUF,43,One year,84.25,3539.25,Fiber optic,Bank transfer (automatic),High ($65-95),No,4382,0.14543570156531035,0,Very Low Risk
6727-IOTLZ,14,Two year,81.95,1181.75,DSL,Mailed check,High ($65-95),No,2564,0.09359905637908598,0,Very Low Risk
5918-VUKWP,32,One year,20.55,654.55,No,Bank transfer (automatic),Low (<$35),No,5358,0.05364066811063574,0,Very Low Risk
1744-JHKYS,34,Month-to-month,24.7,780.2,No,Electronic check,Low (<$35),No,3421,0.10698305515278068,0,Very Low Risk
5947-SGKCL,15,Month-to-month,105.35,1559.25,Fiber optic,Bank transfer (automatic),Premium (>$95),No,2721,0.2028878191478995,0,Very Low Risk
3712-PKXZA,61,One year,20.55,1252.0,No,Credit card (automatic),Low (<$35),No,5110,0.03241725109348982,0,Very Low Risk
6582-OIVSP,1,Month-to-month,45.3,45.3,DSL,Mailed check,Medium ($35-65),No,3575,0.6121542750047886,1,Medium Risk
5524-KHNJP,33,One year,74.75,2453.3,DSL,Credit card (automatic),High ($65-95),No,5344,0.16666993010226844,0,Very Low Risk
4827-USJHP,20,Month-to-month,51.8,1023.85,DSL,Mailed check,Medium ($35-65),No,2764,0.3892805505642448,0,Low Risk
8167-GJLRN,3,Month-to-month,30.4,82.15,DSL,Electronic check,Low (<$35),No,3108,0.4344087807083343,0,Low Risk
0956-SYCWG,13,One year,19.65,244.8,No,Electronic check,Low (<$35),No,2024,0.12395961625927322,0,Very Low Risk
8017-UVSZU,40,Month-to-month,56.6,2379.1,DSL,Credit card (automatic),Medium ($35-65),No,3359,0.2553138987582267,0,Low Risk
7100-FQPRV,43,One year,71.9,3173.35,DSL,Credit card (automatic),High ($65-95),No,4106,0.09989601379370566,0,Very Low Risk
2984-RGEYA,69,Two year,19.75,1375.4,No,Bank transfer (automatic),Low (<$35),No,5325,0.02711945944360497,0,Very Low Risk
9680-NIAUV,72,Two year,109.7,8129.3,Fiber optic,Credit card (automatic),Premium (>$95),No,5945,0.042349620598052314,0,Very Low Risk
2146-EGVDT,59,Two year,19.3,1192.7,No,Credit card (automatic),Low (<$35),No,4149,0.012175881661916932,0,Very Low Risk
2604-IJPDU,20,Month-to-month,96.55,1901.65,Fiber optic,Electronic check,Premium (>$95),No,4382,0.6124510435094535,1,Medium Risk
9178-JHUVJ,24,Two year,24.1,587.4,No,Bank transfer (automatic),Low (<$35),No,4634,0.012919777843099447,0,Very Low Risk
6168-YBYNP,59,Month-to-month,111.35,6519.75,Fiber optic,Electronic check,Premium (>$95),No,6047,0.48044821702973317,0,Low Risk
7255-SSFBC,72,Two year,112.25,8041.65,Fiber optic,Bank transfer (automatic),Premium (>$95),No,4099,0.03766852086003759,0,Very Low Risk
3645-DEYGF,1,Month-to-month,20.75,20.75,No,Mailed check,Low (<$35),No,3358,0.34256353657046423,0,Low Risk
9323-HGFWY,27,One year,101.9,2681.15,Fiber optic,Credit card (automatic),Premium (>$95),No,3795,0.3367171890379596,0,Low Risk
8544-GOQSH,14,Month-to-month,80.05,1112.3,Fiber optic,Credit card (automatic),High ($65-95),No,4400,0.4772367380334519,0,Low Risk
3363-DTIVD,71,Two year,105.55,7405.5,Fiber optic,Electronic check,Premium (>$95),No,5010,0.03292513266359343,0,Very Low Risk
7018-WBJNK,13,Month-to-month,78.3,1033.95,Fiber optic,Credit card (automatic),High ($65-95),No,5566,0.25036429691799816,0,Low Risk
9142-KZXOP,44,Month-to-month,68.85,2958.95,Fiber optic,Credit card (automatic),High ($65-95),No,2053,0.36173862367823245,0,Low Risk
7674-YTAFD,33,One year,79.95,2684.85,Fiber optic,Bank transfer (automatic),High ($65-95),No,3118,0.22419962529404724,0,Very Low Risk
6348-SNFUS,72,Two year,55.45,4179.2,DSL,Credit card (automatic),Medium ($35-65),No,4556,0.01070278682356529,0,Very Low Risk
1347-KTTTA,64,One year,102.45,6654.1,Fiber optic,Credit card (automatic),Premium (>$95),No,6398,0.26292430811273,0,Low Risk
4195-NZGTA,1,Month-to-month,25.25,25.25,DSL,Electronic check,Low (<$35),No,5858,0.6753966609303067,1,Medium Risk
7157-SMCFK,61,Two year,19.75,1124.2,No,Mailed check,Low (<$35),No,5411,0.033377219562372676,0,Very Low Risk
4709-LKHYG,29,One year,20.0,540.05,No,Electronic check,Low (<$35),No,3800,0.047393320001961975,0,Very Low Risk
2504-DSHIH,23,Month-to-month,86.8,1975.85,Fiber optic,Electronic check,High ($65-95),No,5788,0.6505339919214649,1,Medium Risk
0699-NDKJM,57,Month-to-month,58.75,3437.45,DSL,Bank transfer (automatic),Medium ($35-65),No,4115,0.1993747545522708,0,Very Low Risk
9286-BHDQG,72,Two year,45.25,3139.8,DSL,Credit card (automatic),Medium ($35-65),No,5041,0.020685785175656984,0,Very Low Risk
0230-WEQUW,66,Two year,56.6,3789.2,DSL,Bank transfer (automatic),Medium ($35-65),No,5500,0.016159605248662442,0,Very Low Risk
2040-LDIWQ,65,Two year,84.2,5324.5,DSL,Bank transfer (automatic),High ($65-95),No,5256,0.05043029576094291,0,Very Low Risk
6496-JDSSB,8,Month-to-month,80.0,624.6,Fiber optic,Bank transfer (automatic),High ($65-95),No,2165,0.7263700228057349,1,Medium Risk
4443-EMBNA,71,Two year,24.75,1836.9,No,Bank transfer (automatic),Low (<$35),No,4642,0.008918561564058812,0,Very Low Risk
6469-MRVET,1,One year,20.2,20.2,No,Electronic check,Low (<$35),No,4160,0.1690562018656362,0,Very Low Risk
5961-VUSRV,12,One year,19.35,219.35,No,Bank transfer (automatic),Low (<$35),No,4451,0.09654565502702468,0,Very Low Risk
6778-JFCMK,24,One year,50.6,1288.75,DSL,Mailed check,Medium ($35-65),No,4806,0.20972225369391334,0,Very Low Risk
6341-JVQGF,31,One year,81.15,2545.75,DSL,Mailed check,High ($65-95),No,5643,0.10910675928701485,0,Very Low Risk
4811-JBUVU,30,Month-to-month,89.9,2723.15,Fiber optic,Credit card (automatic),High ($65-95),No,3233,0.384244769168572,0,Low Risk
0945-TSONX,47,Two year,85.3,4107.25,DSL,Credit card (automatic),High ($65-95),No,5698,0.057337892116616336,0,Very Low Risk
2651-ZCBXV,54,Two year,108.0,5760.65,Fiber optic,Credit card (automatic),Premium (>$95),No,6370,0.20428563227648047,0,Very Low Risk
3316-UWXUY,50,Month-to-month,93.5,4747.5,Fiber optic,Credit card (automatic),High ($65-95),No,6367,0.20381267587549481,0,Very Low Risk
7083-MIOPC,72,Two year,20.25,1566.9,No,Credit card (automatic),Low (<$35),No,5733,0.013312694992785916,0,Very Low Risk
1984-GPTEH,29,Month-to-month,25.15,702.0,No,Electronic check,Low (<$35),No,5491,0.1003648378959088,0,Very Low Risk
0621-JFHOL,10,Two year,29.6,299.05,DSL,Mailed check,Low (<$35),No,3180,0.16710201062949676,0,Very Low Risk
9903-LYSAB,18,Month-to-month,73.15,1305.95,Fiber optic,Electronic check,High ($65-95),No,4283,0.8086334086718517,1,High Risk
9227-UAQFT,16,Two year,19.75,284.35,No,Mailed check,Low (<$35),No,4272,0.06649606160655326,0,Very Low Risk
7301-ABVAD,72,Two year,86.6,6350.5,DSL,Bank transfer (automatic),High ($65-95),No,4530,0.013534051809027529,0,Very Low Risk
6614-FHDBO,72,Two year,109.2,7878.3,Fiber optic,Bank transfer (automatic),Premium (>$95),No,4551,0.1144866628175821,0,Very Low Risk
7576-ASEJU,41,One year,74.7,3187.65,DSL,Credit card (automatic),High ($65-95),No,5246,0.1301246740072705,0,Very Low Risk
9058-HRZSV,65,Month-to-month,94.4,6126.15,Fiber optic,Electronic check,High ($65-95),No,5348,0.2587435054269445,0,Low Risk
4522-AKYLR,13,Month-to-month,54.8,731.3,DSL,Electronic check,Medium ($35-65),No,5557,0.4758368406166179,0,Low Risk
0221-WMXNQ,4,Month-to-month,75.35,273.4,Fiber optic,Electronic check,High ($65-95),No,4033,0.47560849962082796,0,Low Risk
0303-UNCIP,41,One year,65.0,2531.8,DSL,Mailed check,Medium ($35-65),No,5043,0.16046297549718386,0,Very Low Risk
0959-WHOKV,42,One year,99.0,4298.45,Fiber optic,Electronic check,Premium (>$95),No,2887,0.3260313045173718,0,Low Risk
4075-JFPGR,51,One year,93.5,4619.55,Fiber optic,Electronic check,High ($65-95),No,5561,0.2963393580301787,0,Low Risk
3282-ZISZV,32,One year,83.7,2633.3,DSL,Credit card (automatic),High ($65-95),No,3945,0.12198232395748265,0,Very Low Risk
3675-YDUPJ,10,Month-to-month,19.85,193.05,No,Mailed check,Low (<$35),No,3768,0.2285461605226718,0,Very Low Risk
4111-BNXIF,67,Two year,59.55,4103.9,DSL,Electronic check,Medium ($35-65),No,4478,0.10033461196395299,0,Very Low Risk
7017-VFHAY,61,Two year,115.1,7008.15,Fiber optic,Credit card (automatic),Premium (>$95),No,6090,0.03040243955963654,0,Very Low Risk
6655-LHBYW,50,One year,114.35,5791.1,Fiber optic,Credit card (automatic),Premium (>$95),No,5068,0.2761998904561594,0,Low Risk
5046-NUHWD,29,Month-to-month,45.0,1228.65,DSL,Electronic check,Medium ($35-65),No,3094,0.3728510007367095,0,Low Risk
7529-ZDFXI,57,Month-to-month,89.85,4925.35,Fiber optic,Electronic check,High ($65-95),No,4429,0.596309846380645,1,Medium Risk
7605-BDWDC,31,Two year,49.85,1520.1,DSL,Bank transfer (automatic),Medium ($35-65),No,2539,0.05024041843289548,0,Very Low Risk
1950-KSVVJ,45,One year,113.3,5032.25,Fiber optic,Mailed check,Premium (>$95),No,4885,0.2241638673823639,0,Very Low Risk
0123-CRBRT,61,Two year,88.1,5526.75,DSL,Mailed check,High ($65-95),No,5152,0.012387465860898377,0,Very Low Risk
6292-TOSSS,50,Two year,24.9,1195.25,No,Bank transfer (automatic),Low (<$35),No,4297,0.038305967795865314,0,Very Low Risk
3197-ARFOY,19,Month-to-month,105.0,2007.25,Fiber optic,Mailed check,Premium (>$95),No,3524,0.5756945203324558,1,Medium Risk
7014-ZZXAW,71,Two year,24.25,1732.95,No,Credit card (automatic),Low (<$35),No,5409,0.016546847198560075,0,Very Low Risk
7633-MVPUY,57,Two year,59.75,3450.15,DSL,Electronic check,Medium ($35-65),No,4012,0.0537140712505397,0,Very Low Risk
4716-HHKQH,20,Month-to-month,107.05,2172.05,Fiber optic,Electronic check,Premium (>$95),No,5328,0.4639980570759097,0,Low Risk
3179-GBRWV,21,Month-to-month,64.95,1339.8,DSL,Bank transfer (automatic),Medium ($35-65),No,4604,0.3183038615861886,0,Low Risk
8645-KWHJO,14,Month-to-month,55.0,771.95,DSL,Electronic check,Medium ($35-65),No,4900,0.4751281118207917,0,Low Risk
4130-MZLCC,5,Month-to-month,50.55,244.75,DSL,Bank transfer (automatic),Medium ($35-65),No,2739,0.44336504635814405,0,Low Risk
0314-TKOSI,6,Month-to-month,55.15,322.9,DSL,Mailed check,Medium ($35-65),No,5377,0.2992681490599445,0,Low Risk
8229-MYEJZ,10,Month-to-month,51.2,498.25,DSL,Electronic check,Medium ($35-65),No,5765,0.39454373188698066,0,Low Risk
2080-SRCDE,1,Month-to-month,25.4,25.4,No,Mailed check,Low (<$35),No,4556,0.2057800212769573,0,Very Low Risk
9577-WJVCQ,68,Month-to-month,54.45,3687.75,DSL,Mailed check,Medium ($35-65),No,5310,0.14269250146494403,0,Very Low Risk
6202-DYYFX,22,One year,76.0,1783.6,Fiber optic,Credit card (automatic),High ($65-95),No,2031,0.32809736248331967,0,Low Risk
3808-HFKDE,20,Month-to-month,44.35,927.15,DSL,Electronic check,Medium ($35-65),No,3460,0.6366889163384287,1,Medium Risk
3727-OWVYD,35,One year,61.2,2021.2,DSL,Mailed check,Medium ($35-65),No,2075,0.09499645415879726,0,Very Low Risk
2294-SALNE,23,One year,86.8,1940.8,Fiber optic,Mailed check,High ($65-95),No,3200,0.17768295919628335,0,Very Low Risk
4847-TAJYI,6,Month-to-month,89.35,567.8,Fiber optic,Electronic check,High ($65-95),No,2578,0.8746885584427752,1,High Risk
1563-IWQEX,12,Month-to-month,19.7,220.35,No,Mailed check,Low (<$35),No,5715,0.2682208098126808,0,Low Risk
8203-XJZRC,1,Month-to-month,20.25,20.25,No,Mailed check,Low (<$35),No,5384,0.5642615144642534,1,Medium Risk
6556-DBKZF,71,Two year,76.05,5436.45,Fiber optic,Electronic check,High ($65-95),No,5841,0.07475535424145673,0,Very Low Risk
6851-WEFYX,35,Month-to-month,100.8,3437.5,Fiber optic,Electronic check,Premium (>$95),No,3318,0.7966104168218954,1,High Risk
2985-JUUBZ,40,Month-to-month,74.55,3015.75,DSL,Electronic check,High ($65-95),No,3718,0.15663666004567076,0,Very Low Risk
0895-LMRSF,23,One year,64.9,1509.8,DSL,Bank transfer (automatic),Medium ($35-65),No,3314,0.3692765724927839,0,Low Risk
8266-VBFQL,4,Month-to-month,90.4,356.65,Fiber optic,Electronic check,High ($65-95),No,3314,0.6843278542939002,1,Medium Risk
8181-YHCMF,68,Two year,60.3,4109.0,DSL,Credit card (automatic),Medium ($35-65),No,4864,0.0185168748062203,0,Very Low Risk
2240-HSJQD,38,Month-to-month,81.85,3141.7,Fiber optic,Mailed check,High ($65-95),No,3571,0.16714363274777624,0,Very Low Risk
1248-DYXUB,52,Two year,24.8,1229.1,No,Mailed check,Low (<$35),No,5320,0.015962169610157013,0,Very Low Risk
4115-BNPJY,29,Two year,75.55,2054.4,DSL,Mailed check,High ($65-95),No,5625,0.057385917358571466,0,Very Low Risk
3167-SNQPL,38,Month-to-month,101.15,3741.85,Fiber optic,Electronic check,Premium (>$95),No,4036,0.2074907480435832,0,Very Low Risk
4091-TVOCN,48,One year,78.75,3682.45,DSL,Credit card (automatic),High ($65-95),No,2257,0.14561666459627193,0,Very Low Risk
1098-TDVUQ,1,Month-to-month,19.25,19.25,No,Bank transfer (automatic),Low (<$35),No,4745,0.3625926253752015,0,Low Risk
7277-OZCGZ,22,Month-to-month,89.05,1886.25,Fiber optic,Electronic check,High ($65-95),No,5479,0.5604557037835662,1,Medium Risk
1557-EMYVT,43,Two year,115.05,4895.1,Fiber optic,Credit card (automatic),Premium (>$95),No,4115,0.10155313675053029,0,Very Low Risk
2799-ARNLO,5,Month-to-month,69.35,341.6,Fiber optic,Electronic check,High ($65-95),No,5437,0.8138113711981982,1,High Risk
5027-YOCXN,51,One year,110.05,5686.4,Fiber optic,Credit card (automatic),Premium (>$95),No,5604,0.2610216219083888,0,Low Risk
3973-SKMLN,71,Two year,19.9,1355.1,No,Credit card (automatic),Low (<$35),No,5308,0.016583022772993578,0,Very Low Risk
6745-JEFZB,35,Month-to-month,91.5,3236.35,Fiber optic,Credit card (automatic),High ($65-95),No,3617,0.4100729049825106,0,Low Risk
9880-TDQAC,72,Two year,60.0,4264.0,DSL,Electronic check,Medium ($35-65),No,5471,0.11511327912037352,0,Very Low Risk
8705-WZCYL,1,Month-to-month,44.8,44.8,DSL,Electronic check,Medium ($35-65),No,2269,0.8008503313498807,1,High Risk
7102-JJVTX,9,One year,48.6,422.3,DSL,Mailed check,Medium ($35-65),No,4562,0.15731760493657648,0,Very Low Risk
8626-PTQGE,69,Two year,60.05,4176.7,DSL,Bank transfer (automatic),Medium ($35-65),No,5388,0.0301725420855244,0,Very Low Risk
4983-CLMLV,52,Month-to-month,102.7,5138.1,Fiber optic,Credit card (automatic),Premium (>$95),No,4044,0.4262517719765033,0,Low Risk
5701-YVSVF,11,Month-to-month,82.9,880.05,Fiber optic,Electronic check,High ($65-95),No,4413,0.6710288814467349,1,Medium Risk
5697-GOMBF,28,Month-to-month,35.9,973.65,DSL,Electronic check,Medium ($35-65),No,5444,0.20764474704479072,0,Very Low Risk
2739-CACDQ,17,Month-to-month,82.65,1470.05,Fiber optic,Credit card (automatic),High ($65-95),No,3754,0.5207344274629593,1,Medium Risk
9385-EHGDO,35,Two year,19.85,739.35,No,Mailed check,Low (<$35),No,4177,0.011179800688274587,0,Very Low Risk
9498-FIMXL,8,One year,19.2,161.95,No,Mailed check,Low (<$35),No,5272,0.07953504631745524,0,Very Low Risk
2379-GYFLQ,46,One year,94.9,4422.95,Fiber optic,Credit card (automatic),High ($65-95),No,5316,0.26813124282261,0,Low Risk
2088-IEBAU,68,Two year,88.15,6148.45,DSL,Electronic check,High ($65-95),No,5531,0.04400393850099655,0,Very Low Risk
7982-VCELR,36,Month-to-month,94.8,3565.65,Fiber optic,Credit card (automatic),High ($65-95),No,2807,0.532093465122026,1,Medium Risk
6035-BXTTY,32,Month-to-month,54.65,1830.1,DSL,Bank transfer (automatic),Medium ($35-65),No,4045,0.2397490188719299,0,Very Low Risk
6885-PKOAM,71,Two year,85.75,6223.8,DSL,Credit card (automatic),High ($65-95),No,4487,0.009028374639137143,0,Very Low Risk
7520-HQWJU,66,Month-to-month,67.45,4508.65,DSL,Bank transfer (automatic),High ($65-95),No,4172,0.0632226373709132,0,Very Low Risk
9639-BUJXT,63,One year,20.5,1328.15,No,Mailed check,Low (<$35),No,5997,0.038901141588764315,0,Very Low Risk
5924-SNGKP,41,One year,20.25,865.0,No,Credit card (automatic),Low (<$35),No,3972,0.02902947451836763,0,Very Low Risk
0021-IKXGC,1,Month-to-month,72.1,72.1,Fiber optic,Electronic check,High ($65-95),No,4432,0.8703639419083994,1,High Risk
8966-SNIZF,70,Two year,19.45,1303.5,No,Bank transfer (automatic),Low (<$35),No,5540,0.02292714659106113,0,Very Low Risk
6243-OZGFH,23,Month-to-month,44.95,996.85,DSL,Electronic check,Medium ($35-65),No,3248,0.6093954740108843,1,Medium Risk
4654-DLAMQ,64,One year,97.0,6430.9,Fiber optic,Bank transfer (automatic),Premium (>$95),No,4053,0.14554264024271554,0,Very Low Risk
0513-RBGPE,37,Two year,62.8,2278.75,DSL,Credit card (automatic),Medium ($35-65),No,5229,0.05043165885296263,0,Very Low Risk
5160-UXJED,17,One year,44.6,681.4,DSL,Mailed check,Medium ($35-65),No,2130,0.21288020440586525,0,Very Low Risk
4115-NZRKS,7,Month-to-month,89.15,574.35,Fiber optic,Electronic check,High ($65-95),No,2415,0.874314663670456,1,High Risk
3351-NGXYI,16,Month-to-month,54.1,889.0,DSL,Electronic check,Medium ($35-65),No,2276,0.5080658636996285,1,Medium Risk
8984-EYLLL,64,Two year,105.25,6823.4,Fiber optic,Electronic check,Premium (>$95),No,5682,0.1709595659798814,0,Very Low Risk
9833-TGFHX,42,One year,97.1,4016.75,Fiber optic,Electronic check,Premium (>$95),No,2170,0.32514220425359514,0,Low Risk
9294-TDIPC,5,Month-to-month,20.2,83.75,No,Mailed check,Low (<$35),No,5169,0.13914109391258866,0,Very Low Risk
5229-DTFYB,41,Two year,98.8,3959.15,Fiber optic,Bank transfer (automatic),Premium (>$95),No,5584,0.17426327461639718,0,Very Low Risk
0104-PPXDV,58,One year,50.3,2878.55,DSL,Credit card (automatic),Medium ($35-65),No,5232,0.10032133836863846,0,Very Low Risk
5176-LMJXE,47,Two year,20.55,945.7,No,Mailed check,Low (<$35),No,5404,0.03451050521363853,0,Very Low Risk
3583-KRKMD,18,Month-to-month,75.9,1373.05,Fiber optic,Bank transfer (automatic),High ($65-95),No,4668,0.4211699432357331,0,Low Risk
9069-LGEUL,23,Month-to-month,59.95,1406.0,DSL,Bank transfer (automatic),Medium ($35-65),No,5379,0.29078358018313766,0,Low Risk
7302-ZHMHP,1,Month-to-month,19.15,19.15,No,Mailed check,Low (<$35),No,2577,0.3753893112563256,0,Low Risk
9571-EDEBV,71,One year,98.65,6962.85,Fiber optic,Credit card (automatic),Premium (>$95),No,5101,0.2825324955001145,0,Low Risk
3520-FJGCV,72,Two year,112.6,8126.65,Fiber optic,Credit card (automatic),Premium (>$95),No,6486,0.011377550560682468,0,Very Low Risk
6563-VRERX,33,One year,20.6,690.25,No,Mailed check,Low (<$35),No,5212,0.02442902209796576,0,Very Low Risk
6122-EFVKN,24,Two year,35.75,830.8,DSL,Mailed check,Medium ($35-65),No,5531,0.04257584273881187,0,Very Low Risk
2805-EDJPQ,56,One year,99.75,5608.4,Fiber optic,Credit card (automatic),Premium (>$95),No,5926,0.21480222804669455,0,Very Low Risk
6862-CQUMB,37,Month-to-month,96.1,3646.8,Fiber optic,Credit card (automatic),Premium (>$95),No,2640,0.5094659714396133,1,Medium Risk
7156-MXBJE,43,One year,85.1,3662.25,DSL,Credit card (automatic),High ($65-95),No,2319,0.15538833034261615,0,Very Low Risk
6158-HDPXZ,1,Month-to-month,25.35,25.35,DSL,Mailed check,Low (<$35),No,4193,0.6294470860245613,1,Medium Risk
2863-IMQDR,61,Two year,89.65,5308.7,DSL,Electronic check,High ($65-95),No,6149,0.034390834416348534,0,Very Low Risk
5686-CMAWK,17,One year,86.75,1410.25,Fiber optic,Electronic check,High ($65-95),No,5863,0.2713483642574291,0,Low Risk
5651-CRHKQ,41,One year,86.2,3339.05,Fiber optic,Bank transfer (automatic),High ($65-95),No,5325,0.23183884894862833,0,Very Low Risk
8204-YJCLA,72,Two year,64.8,4732.35,DSL,Bank transfer (automatic),Medium ($35-65),No,4886,0.010323597171674612,0,Very Low Risk
6583-SZVGP,48,Two year,108.1,5067.45,Fiber optic,Bank transfer (automatic),Premium (>$95),No,5994,0.38700011572024523,0,Low Risk
1708-PBBOA,42,One year,54.75,2348.45,DSL,Electronic check,Medium ($35-65),No,3179,0.12097966998559424,0,Very Low Risk
8782-LKFPK,44,Month-to-month,90.4,4063.0,Fiber optic,Mailed check,High ($65-95),No,4751,0.526613556926277,1,Medium Risk
5522-JBWMO,1,Month-to-month,44.0,44.0,DSL,Electronic check,Medium ($35-65),No,4020,0.5171987883195913,1,Medium Risk
3597-MVHJT,27,Month-to-month,95.6,2595.25,Fiber optic,Bank transfer (automatic),Premium (>$95),No,2026,0.6355129821545572,1,Medium Risk
9774-NRNAU,27,Month-to-month,84.8,2309.55,DSL,Bank transfer (automatic),High ($65-95),No,5352,0.25994504287614395,0,Low Risk
0224-RLWWD,2,Month-to-month,44.3,89.3,DSL,Electronic check,Medium ($35-65),No,3805,0.7603093953658661,1,High Risk
9967-ATRFS,19,Month-to-month,19.9,367.55,No,Mailed check,Low (<$35),No,3245,0.18254798279575837,0,Very Low Risk
3951-NJCVI,42,Month-to-month,95.05,3944.5,Fiber optic,Electronic check,Premium (>$95),No,2677,0.7658091370256037,1,High Risk
2977-CEBSX,66,Two year,90.05,5965.95,DSL,Credit card (automatic),High ($65-95),No,5813,0.02214536555345475,0,Very Low Risk
0177-PXBAT,33,Month-to-month,109.9,3694.7,Fiber optic,Bank transfer (automatic),Premium (>$95),No,5655,0.4511342733647947,0,Low Risk
2519-ERQOJ,33,Month-to-month,54.6,1803.7,DSL,Electronic check,Medium ($35-65),No,5322,0.2911005984343139,0,Low Risk
5876-QMYLD,23,One year,20.05,415.1,No,Mailed check,Low (<$35),No,3742,0.04241735873589272,0,Very Low Risk
2277-AXSDC,32,One year,19.75,624.15,No,Bank transfer (automatic),Low (<$35),No,4691,0.05404228493142672,0,Very Low Risk
9442-JTWDL,11,One year,20.05,237.7,No,Credit card (automatic),Low (<$35),No,5355,0.11332638845194744,0,Very Low Risk
3067-SVMTC,68,One year,55.9,3848.8,DSL,Bank transfer (automatic),Medium ($35-65),No,5160,0.03420553628001949,0,Very Low Risk
5495-GPSRW,20,Two year,19.7,419.4,No,Mailed check,Low (<$35),No,2120,0.05008233054044649,0,Very Low Risk
7606-BPHHN,72,Two year,19.8,1468.75,No,Credit card (automatic),Low (<$35),No,5368,0.016365631468645753,0,Very Low Risk
4742-DRORA,60,One year,95.4,5812.0,Fiber optic,Bank transfer (automatic),Premium (>$95),No,4149,0.20898102234736984,0,Very Low Risk
0111-KLBQG,32,Month-to-month,93.95,2861.45,Fiber optic,Mailed check,High ($65-95),No,2844,0.15743457376741993,0,Very Low Risk
4163-NCJAK,46,One year,24.45,1066.15,No,Bank transfer (automatic),Low (<$35),No,2438,0.05123663950319738,0,Very Low Risk
5233-AOZUF,29,Month-to-month,74.95,2149.05,Fiber optic,Electronic check,High ($65-95),No,3483,0.7431771212422853,1,Medium Risk
5973-EJGDP,51,Month-to-month,87.35,4473.0,Fiber optic,Electronic check,High ($65-95),No,4899,0.4210888012133632,0,Low Risk
1996-DBMUS,48,Month-to-month,70.65,3545.05,Fiber optic,Bank transfer (automatic),High ($65-95),No,5523,0.5577948714480238,1,Medium Risk
7916-VCCPB,16,Month-to-month,73.25,1195.75,Fiber optic,Bank transfer (automatic),High ($65-95),No,3624,0.14465675990769403,0,Very Low Risk
4686-GEFRM,70,Two year,98.7,6858.9,Fiber optic,Bank transfer (automatic),Premium (>$95),No,5582,0.16684751208277263,0,Very Low Risk
5249-QYHEX,40,Two year,24.8,1024.7,No,Mailed check,Low (<$35),No,3021,0.025804206567791085,0,Very Low Risk
2233-FAGXV,5,Month-to-month,24.3,132.25,No,Mailed check,Low (<$35),No,3181,0.1505070307334074,0,Very Low Risk
5605-IYGFG,7,Month-to-month,69.85,515.45,Fiber optic,Bank transfer (automatic),High ($65-95),No,5501,0.7392166459622074,1,Medium Risk
7663-ZTEGJ,29,One year,100.55,2830.45,Fiber optic,Credit card (automatic),Premium (>$95),No,3055,0.1843417658285078,0,Very Low Risk
3935-TBRZZ,44,One year,25.7,1110.5,No,Mailed check,Low (<$35),No,3037,0.03701001213967364,0,Very Low Risk
8111-BKVDS,10,Month-to-month,40.7,449.3,DSL,Bank transfer (automatic),Medium ($35-65),No,2164,0.25703804863627666,0,Low Risk
2055-SIFSS,55,Month-to-month,51.65,2838.55,DSL,Bank transfer (automatic),Medium ($35-65),No,4763,0.18897673324836103,0,Very Low Risk
2806-MLNTI,52,One year,105.1,5376.4,Fiber optic,Bank transfer (automatic),Premium (>$95),No,4621,0.3553536916887153,0,Low Risk
8734-DKSTZ,10,Month-to-month,85.95,858.6,Fiber optic,Electronic check,High ($65-95),No,4922,0.2852965995714115,0,Low Risk
4360-PNRQB,18,Month-to-month,75.6,1395.05,Fiber optic,Bank transfer (automatic),High ($65-95),No,4030,0.5988970942423083,1,Medium Risk
6152-ONASV,68,One year,58.25,3975.7,DSL,Bank transfer (automatic),Medium ($35-65),No,4620,0.046460483484869905,0,Very Low Risk
7781-HVGMK,72,Two year,65.2,4784.45,DSL,Credit card (automatic),High ($65-95),No,5092,0.015918031618142526,0,Very Low Risk
2181-UAESM,2,Month-to-month,53.45,119.5,DSL,Electronic check,Medium ($35-65),No,3477,0.4474420038313866,0,Low Risk
6048-NJXHX,41,Two year,19.75,899.45,No,Electronic check,Low (<$35),No,2011,0.03817506512346701,0,Very Low Risk
2320-SLKMB,26,Month-to-month,44.45,1183.8,DSL,Credit card (automatic),Medium ($35-65),No,3080,0.2500307975310512,0,Low Risk
4980-URKXC,36,One year,20.85,720.05,No,Bank transfer (automatic),Low (<$35),No,5744,0.037656705702276,0,Very Low Risk
4376-KFVRS,72,Two year,114.05,8468.2,Fiber optic,Credit card (automatic),Premium (>$95),No,4842,0.05082546080069725,0,Very Low Risk
5886-VLQVU,35,Month-to-month,89.85,3161.2,Fiber optic,Bank transfer (automatic),High ($65-95),No,4945,0.45318230465815246,0,Low Risk
3577-AMVUX,1,Month-to-month,55.05,55.05,DSL,Mailed check,Medium ($35-65),No,2962,0.40646757037852177,0,Low Risk
0771-WLCLA,16,Month-to-month,112.95,1882.55,Fiber optic,Electronic check,Premium (>$95),No,2683,0.3273481918769185,0,Low Risk
5628-RKIFK,49,Month-to-month,101.55,5070.4,Fiber optic,Credit card (automatic),Premium (>$95),No,5348,0.3303026672549246,0,Low Risk
0206-TBWLC,54,One year,114.65,6049.5,Fiber optic,Mailed check,Premium (>$95),No,4488,0.2202434278060174,0,Very Low Risk
2937-FTHUR,18,Month-to-month,64.8,1166.7,DSL,Electronic check,Medium ($35-65),No,2466,0.23299252110427748,0,Very Low Risk
1910-FMXJM,36,Month-to-month,80.4,2937.65,Fiber optic,Electronic check,High ($65-95),No,5544,0.5941630157659863,1,Medium Risk
0732-OCQOC,52,Two year,25.05,1270.25,No,Bank transfer (automatic),Low (<$35),No,5674,0.07039271346947391,0,Very Low Risk
5168-MSWXT,8,Month-to-month,94.75,759.55,Fiber optic,Electronic check,High ($65-95),No,5505,0.31757179610437025,0,Low Risk
1090-ESELR,72,Two year,105.5,7611.55,Fiber optic,Bank transfer (automatic),Premium (>$95),No,5534,0.0671615659878812,0,Very Low Risk
8592-PLTMQ,64,One year,24.7,1642.75,No,Mailed check,Low (<$35),No,5655,0.048568252680359,0,Very Low Risk
5760-WRAHC,22,Month-to-month,69.75,1545.4,DSL,Mailed check,High ($65-95),No,3509,0.22107613436158677,0,Very Low Risk
8847-GEOOQ,60,Month-to-month,60.2,3582.4,DSL,Bank transfer (automatic),Medium ($35-65),No,5359,0.1622553314366747,0,Very Low Risk
4785-FCIFB,61,Two year,24.4,1417.9,No,Mailed check,Low (<$35),No,4900,0.02043564233499057,0,Very Low Risk
8313-NDOIA,24,Month-to-month,104.15,2494.65,Fiber optic,Electronic check,Premium (>$95),No,5813,0.7650663083870134,1,High Risk
5149-CUZUJ,28,One year,92.9,2768.35,Fiber optic,Bank transfer (automatic),High ($65-95),No,2037,0.15190450878872855,0,Very Low Risk
0942-KOWSM,30,Two year,80.8,2369.3,DSL,Bank transfer (automatic),High ($65-95),No,4274,0.052257769043109734,0,Very Low Risk
4237-CLSMM,2,Month-to-month,20.0,38.0,No,Mailed check,Low (<$35),No,4823,0.31113376131688886,0,Low Risk
1452-VOQCH,1,Month-to-month,75.1,75.1,Fiber optic,Electronic check,High ($65-95),No,4120,0.8935214730988146,1,High Risk
4719-UMSIY,6,Month-to-month,19.65,100.9,No,Mailed check,Low (<$35),No,2231,0.12725428971176383,0,Very Low Risk
6614-VBEGU,24,Month-to-month,69.45,1614.05,DSL,Bank transfer (automatic),High ($65-95),No,4208,0.3806047207939603,0,Low Risk
1480-BKXGA,72,Two year,116.05,8404.9,Fiber optic,Bank transfer (automatic),Premium (>$95),No,4404,0.04449667631604484,0,Very Low Risk
2996-XAUVF,70,Two year,40.05,2799.75,DSL,Mailed check,Medium ($35-65),No,5055,0.05631184309352344,0,Very Low Risk
9076-AXYIK,64,Two year,102.1,6538.45,Fiber optic,Electronic check,Premium (>$95),No,6270,0.17050625589068447,0,Very Low Risk
5968-XQIVE,72,One year,89.7,6588.95,Fiber optic,Electronic check,High ($65-95),No,6016,0.3948469630784998,0,Low Risk
8896-RAZCR,44,Two year,19.9,868.1,No,Mailed check,Low (<$35),No,2809,0.03362073310822526,0,Very Low Risk
4933-IKULF,17,One year,20.65,330.6,No,Mailed check,Low (<$35),No,4086,0.05111841404532358,0,Very Low Risk
1304-BCCFO,9,Month-to-month,70.05,564.4,DSL,Mailed check,High ($65-95),No,4900,0.467875909905425,0,Low Risk
4104-PVRPS,24,Month-to-month,53.6,1315.35,DSL,Mailed check,Medium ($35-65),No,2977,0.12973742290195706,0,Very Low Risk
3780-DDGSE,35,Month-to-month,76.05,2747.2,DSL,Electronic check,High ($65-95),No,5479,0.1250032920892617,0,Very Low Risk
4431-EDMIQ,7,Month-to-month,75.7,554.05,DSL,Electronic check,High ($65-95),No,2950,0.1860418819506244,0,Very Low Risk
0486-LGCCH,11,Two year,19.65,225.75,No,Mailed check,Low (<$35),No,3372,0.013979223374355209,0,Very Low Risk
4612-SSVHJ,20,Month-to-month,81.45,1671.6,Fiber optic,Electronic check,High ($65-95),No,2416,0.7781038440383835,1,High Risk
5168-MQQCA,72,One year,108.5,8003.8,Fiber optic,Bank transfer (automatic),Premium (>$95),No,6288,0.2738917081919662,0,Low Risk
7971-HLVXI,72,Two year,84.5,6130.85,Fiber optic,Credit card (automatic),High ($65-95),No,6202,0.06225735118474015,0,Very Low Risk
9094-AZPHK,15,Month-to-month,100.15,1415.0,Fiber optic,Electronic check,Premium (>$95),No,2565,0.8111269660087609,1,High Risk
3649-JPUGY,72,Two year,88.6,6201.95,DSL,Bank transfer (automatic),High ($65-95),No,5842,0.03351570021541346,0,Very Low Risk
4472-LVYGI,0,Two year,52.55,0.0,DSL,Bank transfer (automatic),Medium ($35-65),No,2578,0.10676114187991641,0,Very Low Risk
3552-CTCYF,63,Two year,104.8,6597.25,Fiber optic,Bank transfer (automatic),Premium (>$95),No,4046,0.09418326182719726,0,Very Low Risk
6778-YSNIH,2,Month-to-month,59.0,114.15,DSL,Electronic check,Medium ($35-65),No,5810,0.5343810159095017,1,Medium Risk
5756-OZRIO,61,One year,64.05,3902.6,DSL,Bank transfer (automatic),Medium ($35-65),No,4001,0.1406092534557103,0,Very Low Risk
6579-JPICP,1,Month-to-month,20.4,20.4,No,Mailed check,Low (<$35),No,2968,0.5474315577608606,1,Medium Risk
4134-BSXLX,28,Month-to-month,60.9,1785.65,DSL,Mailed check,Medium ($35-65),No,3851,0.11157948297727639,0,Very Low Risk
0505-SPOOW,70,Two year,19.8,1397.65,No,Bank transfer (automatic),Low (<$35),No,4500,0.014530935872457651,0,Very Low Risk
4374-YMUSQ,34,One year,116.25,3899.05,Fiber optic,Credit card (automatic),Premium (>$95),No,4022,0.1710915644744289,0,Very Low Risk
4513-CXYIX,71,Two year,80.7,5676.0,Fiber optic,Credit card (automatic),High ($65-95),No,4583,0.10755166659561226,0,Very Low Risk
3957-HHLMR,70,One year,65.2,4543.15,DSL,Bank transfer (automatic),High ($65-95),No,6316,0.08800766923460783,0,Very Low Risk
7803-XOCCZ,52,Month-to-month,84.05,4326.8,Fiber optic,Bank transfer (automatic),High ($65-95),No,6099,0.05123904232637622,0,Very Low Risk
5736-YEJAX,69,Two year,79.45,5502.55,DSL,Credit card (automatic),High ($65-95),No,5189,0.03713469200931656,0,Very Low Risk
8981-FJGLA,11,Month-to-month,78.0,851.8,Fiber optic,Mailed check,High ($65-95),No,4886,0.320590140131574,0,Low Risk
1135-LMECX,1,Month-to-month,19.85,19.85,No,Mailed check,Low (<$35),No,4905,0.5637209953320378,1,Medium Risk
4332-MUOEZ,20,One year,94.3,1818.3,Fiber optic,Credit card (automatic),High ($65-95),No,2574,0.23572178882491712,0,Very Low Risk
8535-SFUTN,61,Month-to-month,106.45,6300.15,Fiber optic,Electronic check,Premium (>$95),No,4842,0.4364590715659839,0,Low Risk
8677-HDZEE,56,Month-to-month,105.45,5916.95,Fiber optic,Bank transfer (automatic),Premium (>$95),No,4212,0.3805174855891499,0,Low Risk
2475-MROZF,30,Month-to-month,95.0,2852.4,Fiber optic,Credit card (automatic),High ($65-95),No,3597,0.23168608158607704,0,Very Low Risk
3482-ABPKK,28,One year,54.3,1546.3,DSL,Mailed check,Medium ($35-65),No,5271,0.05206151763115494,0,Very Low Risk
6705-LXORM,5,Month-to-month,70.05,302.6,Fiber optic,Electronic check,High ($65-95),No,2064,0.7289194719149727,1,Medium Risk
7531-GQHME,12,Month-to-month,20.05,265.45,No,Credit card (automatic),Low (<$35),No,4996,0.179582629326514,0,Very Low Risk
5174-ITUMV,67,One year,105.4,6989.45,Fiber optic,Electronic check,Premium (>$95),No,5666,0.1574698419398135,0,Very Low Risk
4109-CYRBD,29,Month-to-month,51.6,1442.0,DSL,Electronic check,Medium ($35-65),No,5495,0.5005582348702966,1,Medium Risk
0913-XWSCN,55,Month-to-month,85.5,4713.4,Fiber optic,Bank transfer (automatic),High ($65-95),No,6411,0.1330452288369613,0,Very Low Risk
0750-EBAIU,52,One year,91.25,4738.3,Fiber optic,Electronic check,High ($65-95),No,4770,0.23786379949055977,0,Very Low Risk
8606-CIQUL,72,Two year,115.75,8399.15,Fiber optic,Credit card (automatic),Premium (>$95),No,5168,0.010369384675770232,0,Very Low Risk
3571-DPYUH,58,One year,94.7,5430.35,Fiber optic,Credit card (automatic),High ($65-95),No,5653,0.08025938071241391,0,Very Low Risk
7601-GNDYK,35,Two year,19.6,686.95,No,Mailed check,Low (<$35),No,3764,0.00251265063144579,0,Very Low Risk
0356-OBMAC,56,Two year,99.9,5706.3,Fiber optic,Bank transfer (automatic),Premium (>$95),No,5840,0.11247930144638131,0,Very Low Risk
8067-NIOYM,24,Two year,21.1,490.65,No,Credit card (automatic),Low (<$35),No,4368,0.009918074004033134,0,Very Low Risk
1403-GYAFU,70,Two year,20.05,1360.25,No,Credit card (automatic),Low (<$35),No,4485,0.001020577726577793,0,Very Low Risk
4234-XTNEA,2,Month-to-month,79.95,174.45,Fiber optic,Electronic check,High ($65-95),No,5213,0.8808170422587105,1,High Risk
1297-VQDRP,68,One year,107.15,7379.8,Fiber optic,Credit card (automatic),Premium (>$95),No,4324,0.1112281826732371,0,Very Low Risk
5348-CAGXB,12,Month-to-month,89.55,1021.75,Fiber optic,Electronic check,High ($65-95),No,2325,0.8416433278235842,1,High Risk
0621-HJWXJ,63,Month-to-month,81.55,5029.05,Fiber optic,Bank transfer (automatic),High ($65-95),No,4980,0.3859999446723053,0,Low Risk
5844-QVTAT,33,One year,58.45,1955.4,DSL,Mailed check,Medium ($35-65),No,4276,0.13443177248818566,0,Very Low Risk
8905-IAZPF,69,One year,95.65,6744.2,Fiber optic,Credit card (automatic),Premium (>$95),No,5251,0.3020666191805925,0,Low Risk
5394-MEITZ,60,Two year,80.6,4946.7,DSL,Bank transfer (automatic),High ($65-95),No,5667,0.04212232291565421,0,Very Low Risk
6859-QNXIQ,72,Two year,113.1,8248.5,Fiber optic,Bank transfer (automatic),Premium (>$95),No,5308,0.015672002208644904,0,Very Low Risk
2782-LFZVW,11,Month-to-month,58.95,601.6,DSL,Mailed check,Medium ($35-65),No,3880,0.5680086371597411,1,Medium Risk
2866-IKBTM,1,Month-to-month,19.55,19.55,No,Mailed check,Low (<$35),No,3968,0.5474657505351191,1,Medium Risk
7129-AZJDE,34,One year,78.95,2647.2,Fiber optic,Bank transfer (automatic),High ($65-95),No,2074,0.10215983800641261,0,Very Low Risk
2560-PPCHE,65,One year,105.05,6744.25,Fiber optic,Bank transfer (automatic),Premium (>$95),No,5742,0.3131316719619073,0,Low Risk
4676-MQUEA,50,One year,101.9,5265.5,Fiber optic,Bank transfer (automatic),Premium (>$95),No,4184,0.19984161984665136,0,Very Low Risk
8138-EALND,15,Month-to-month,19.75,311.6,No,Mailed check,Low (<$35),No,4123,0.19810366581341632,0,Very Low Risk
3580-HYCSP,72,Two year,110.3,7966.9,Fiber optic,Bank transfer (automatic),Premium (>$95),No,5780,0.037261401092960326,0,Very Low Risk
1352-HNSAW,72,Two year,115.6,8220.4,Fiber optic,Bank transfer (automatic),Premium (>$95),No,5633,0.015575485341028292,0,Very Low Risk
2075-PUEPR,55,Two year,19.35,1153.25,No,Bank transfer (automatic),Low (<$35),No,5248,0.010708321164887978,0,Very Low Risk
1982-FEBTD,23,Two year,25.6,514.75,No,Credit card (automatic),Low (<$35),No,5939,0.013094020305731929,0,Very Low Risk
5791-KAJFD,56,One year,68.75,3808.0,DSL,Bank transfer (automatic),High ($65-95),No,6198,0.10775485601492565,0,Very Low Risk
2654-VBVPB,1,Month-to-month,19.9,19.9,No,Bank transfer (automatic),Low (<$35),No,2010,0.3930158638082844,0,Low Risk
1154-HYWWO,38,One year,70.6,2708.2,DSL,Mailed check,High ($65-95),No,4993,0.08514622034550104,0,Very Low Risk
2501-XWWTZ,11,Month-to-month,70.2,760.05,Fiber optic,Electronic check,High ($65-95),No,2535,0.6610722946776509,1,Medium Risk
3716-UVSPD,1,Month-to-month,49.3,49.3,DSL,Electronic check,Medium ($35-65),No,4209,0.6246828518886098,1,Medium Risk
6815-ABQFQ,56,One year,107.25,6033.3,Fiber optic,Electronic check,Premium (>$95),No,5800,0.49980850209535255,0,Low Risk
7343-EOBEU,3,Month-to-month,23.6,89.05,No,Mailed check,Low (<$35),No,5587,0.24756983541624844,0,Very Low Risk
3701-SFMUH,7,Month-to-month,69.7,516.15,DSL,Credit card (automatic),High ($65-95),No,4326,0.10003814919823192,0,Very Low Risk
6103-LIANB,59,Two year,99.5,5861.75,Fiber optic,Credit card (automatic),Premium (>$95),No,4583,0.05598695517686573,0,Very Low Risk
7319-VENRZ,7,Month-to-month,64.3,445.95,DSL,Bank transfer (automatic),Medium ($35-65),No,4010,0.27132687992879934,0,Low Risk
5846-NEQVZ,71,Two year,70.85,4973.4,DSL,Credit card (automatic),High ($65-95),No,5328,0.035501414328122254,0,Very Low Risk
6967-QIQRV,15,One year,101.9,1667.25,Fiber optic,Electronic check,Premium (>$95),No,3707,0.14220612878579822,0,Very Low Risk
5781-RFZRP,71,Two year,73.5,5357.75,DSL,Credit card (automatic),High ($65-95),No,5431,0.030518058589750634,0,Very Low Risk
0308-IVGOK,11,One year,40.4,422.6,DSL,Credit card (automatic),Medium ($35-65),No,2133,0.20628253975455738,0,Very Low Risk
7293-LSCDV,60,Two year,19.25,1103.25,No,Credit card (automatic),Low (<$35),No,6134,0.004631345189671703,0,Very Low Risk
7025-WCBNE,47,Two year,59.6,2754.0,DSL,Bank transfer (automatic),Medium ($35-65),No,3155,0.10819471709276156,0,Very Low Risk
5756-JYOJT,11,One year,64.9,697.25,DSL,Credit card (automatic),Medium ($35-65),No,3206,0.13199413539555876,0,Very Low Risk
6030-REHUX,28,Month-to-month,110.85,3204.4,Fiber optic,Electronic check,Premium (>$95),No,3906,0.6192818798252604,1,Medium Risk
9548-LIGTA,61,Two year,81.05,4747.65,DSL,Mailed check,High ($65-95),No,4072,0.029275874988750346,0,Very Low Risk
5150-LJNSR,31,One year,98.05,3082.1,Fiber optic,Bank transfer (automatic),Premium (>$95),No,4524,0.04628611569827759,0,Very Low Risk
8270-RKSAP,9,Month-to-month,70.5,597.9,Fiber optic,Electronic check,High ($65-95),No,3198,0.8410383624808396,1,High Risk
6522-YRBXD,35,Month-to-month,94.55,3365.4,Fiber optic,Electronic check,High ($65-95),No,2631,0.474238779959964,0,Low Risk
2640-LYMOV,2,Month-to-month,19.65,38.8,No,Mailed check,Low (<$35),No,3007,0.2884024109244635,0,Low Risk
1423-BMPBQ,1,Month-to-month,19.0,19.0,No,Mailed check,Low (<$35),No,2400,0.3177003114095749,0,Low Risk
2393-DIVAI,3,Month-to-month,20.0,61.7,No,Mailed check,Low (<$35),No,5575,0.3113191777386932,0,Low Risk
4568-KNYWR,52,Two year,63.25,3342.45,DSL,Credit card (automatic),Medium ($35-65),No,6471,0.054603121649337415,0,Very Low Risk
8752-IMQOS,5,One year,20.1,85.1,No,Mailed check,Low (<$35),No,2894,0.10453214297928609,0,Very Low Risk
0742-LAFQK,72,Two year,99.15,7422.1,Fiber optic,Electronic check,Premium (>$95),No,5152,0.11577710981744685,0,Very Low Risk
0795-LAFGP,71,Two year,90.4,6668.05,DSL,Electronic check,High ($65-95),No,5633,0.023457481346588215,0,Very Low Risk
0619-OLYUR,72,Two year,111.9,8071.05,Fiber optic,Credit card (automatic),Premium (>$95),No,6437,0.12456215305943497,0,Very Low Risk
5512-IDZEI,46,One year,24.9,1174.8,No,Electronic check,Low (<$35),No,2026,0.04106811915061697,0,Very Low Risk
0459-SPZHJ,63,Two year,83.5,5435.0,DSL,Credit card (automatic),High ($65-95),No,4652,0.037476046276276175,0,Very Low Risk
0215-BQKGS,30,Month-to-month,84.3,2438.6,Fiber optic,Credit card (automatic),High ($65-95),No,5393,0.3138856210904062,0,Low Risk
9244-ZVAPM,1,Month-to-month,45.6,45.6,DSL,Mailed check,Medium ($35-65),No,2352,0.6503446059534754,1,Medium Risk
8208-EUMTE,16,Two year,54.85,916.15,DSL,Mailed check,Medium ($35-65),No,2136,0.06580943006749361,0,Very Low Risk
5172-MIGPM,4,Month-to-month,65.55,237.2,DSL,Mailed check,High ($65-95),No,5707,0.34241435150053706,0,Low Risk
1710-RCXUS,51,One year,90.35,4614.55,Fiber optic,Credit card (automatic),High ($65-95),No,4965,0.29070924930578257,0,Low Risk
0374-FIUCA,65,Two year,20.4,1414.45,No,Credit card (automatic),Low (<$35),No,5368,0.01696204424766482,0,Very Low Risk
5839-SUYVZ,16,Month-to-month,74.55,1170.5,Fiber optic,Credit card (automatic),High ($65-95),No,2893,0.4075237854521083,0,Low Risk
5173-ZXXXL,2,One year,19.95,47.7,No,Mailed check,Low (<$35),No,3488,0.11108163925521888,0,Very Low Risk
1096-ADRUX,66,One year,74.25,4859.25,Fiber optic,Bank transfer (automatic),High ($65-95),No,4395,0.06615610381408797,0,Very Low Risk
2001-MCUUW,46,Two year,108.65,4903.2,Fiber optic,Electronic check,Premium (>$95),No,4210,0.2901037059453262,0,Low Risk
2731-GJRDG,32,One year,109.55,3608.0,Fiber optic,Bank transfer (automatic),Premium (>$95),No,5076,0.3456096704391652,0,Low Risk
4723-BEGSG,72,Two year,86.65,6094.25,DSL,Credit card (automatic),High ($65-95),No,5483,0.024567286530482443,0,Very Low Risk
6516-NKQBO,38,Two year,81.0,3084.9,DSL,Credit card (automatic),High ($65-95),No,3067,0.04647058183816738,0,Very Low Risk
8672-OAUPW,51,One year,47.85,2356.75,DSL,Credit card (automatic),Medium ($35-65),No,4138,0.06798595378268747,0,Very Low Risk
8207-DMRVL,72,Two year,114.55,8306.05,Fiber optic,Bank transfer (automatic),Premium (>$95),No,6158,0.013153606229995013,0,Very Low Risk
2804-ETQDK,66,Two year,20.55,1357.1,No,Mailed check,Low (<$35),No,4101,0.013209609589361565,0,Very Low Risk
6689-VRRTK,44,One year,109.8,4860.35,Fiber optic,Credit card (automatic),Premium (>$95),No,5720,0.268929211233317,0,Low Risk
7138-GIRSH,50,Two year,69.5,3418.2,DSL,Bank transfer (automatic),High ($65-95),No,4145,0.035796855905001486,0,Very Low Risk
9396-ZSFLL,15,Month-to-month,48.85,631.4,DSL,Mailed check,Medium ($35-65),No,3762,0.3727220838664639,0,Low Risk
6464-KEXXH,8,Month-to-month,25.25,186.3,DSL,Credit card (automatic),Low (<$35),No,2372,0.4070440879514091,0,Low Risk
7134-MJPDY,66,One year,102.85,6976.75,Fiber optic,Credit card (automatic),Premium (>$95),No,5569,0.3850728237070924,0,Low Risk
5240-CAOYT,57,Month-to-month,87.55,4884.85,Fiber optic,Bank transfer (automatic),High ($65-95),No,4882,0.1729554875688672,0,Very Low Risk
4059-IIEBK,7,Month-to-month,78.55,522.95,Fiber optic,Bank transfer (automatic),High ($65-95),No,4025,0.696356527236519,1,Medium Risk
4881-JVQOD,10,Month-to-month,34.55,362.6,DSL,Bank transfer (automatic),Low (<$35),No,5248,0.23348018972052312,0,Very Low Risk
0516-UXRMT,62,One year,92.05,5755.8,Fiber optic,Electronic check,High ($65-95),No,5801,0.1951179832368532,0,Very Low Risk
4851-BQDNX,40,One year,85.05,3355.65,Fiber optic,Electronic check,High ($65-95),No,5904,0.11312500538942462,0,Very Low Risk
5148-HKFIR,20,Two year,19.7,406.95,No,Mailed check,Low (<$35),No,4404,0.05082667794614772,0,Very Low Risk
3003-CMDUU,25,Month-to-month,95.15,2395.7,Fiber optic,Electronic check,Premium (>$95),No,3273,0.6060460671958747,1,Medium Risk
5016-IBERQ,23,Month-to-month,84.25,1968.1,Fiber optic,Electronic check,High ($65-95),No,2781,0.5654023059247922,1,Medium Risk
6797-UCJHZ,66,One year,104.6,6819.45,Fiber optic,Credit card (automatic),Premium (>$95),No,5722,0.2299310781513723,0,Very Low Risk
2469-DTSGX,72,Two year,111.65,7943.45,Fiber optic,Electronic check,Premium (>$95),No,5388,0.09220509825531094,0,Very Low Risk
9931-KGHOA,46,Month-to-month,55.0,2473.95,DSL,Bank transfer (automatic),Medium ($35-65),No,5928,0.1893456919855123,0,Very Low Risk
1775-KWJKQ,72,Two year,89.85,6562.9,DSL,Credit card (automatic),High ($65-95),No,6046,0.010717067039586043,0,Very Low Risk
7665-VIGUD,10,One year,20.35,176.3,No,Mailed check,Low (<$35),No,4745,0.06860693184725357,0,Very Low Risk
9411-TPQQV,40,One year,54.55,2236.2,DSL,Bank transfer (automatic),Medium ($35-65),No,3533,0.1113548174947654,0,Very Low Risk
7954-MLBUN,31,Two year,99.45,3109.9,Fiber optic,Bank transfer (automatic),Premium (>$95),No,2021,0.14070760780872532,0,Very Low Risk
2077-DDHJK,68,Two year,70.9,4911.35,DSL,Credit card (automatic),High ($65-95),No,4114,0.04696989627218729,0,Very Low Risk
9574-BOSMD,68,Two year,25.4,1620.2,No,Bank transfer (automatic),Low (<$35),No,5668,0.0014038809381905738,0,Very Low Risk
4908-XAXAY,49,One year,89.85,4287.2,Fiber optic,Bank transfer (automatic),High ($65-95),No,5982,0.23384033982245228,0,Very Low Risk
8404-VLQFB,15,Month-to-month,25.25,394.85,No,Electronic check,Low (<$35),No,4667,0.10389684727378587,0,Very Low Risk
2391-IPLOP,50,One year,69.65,3442.15,DSL,Electronic check,High ($65-95),No,4706,0.21223198764260087,0,Very Low Risk
3509-GWQGF,24,Month-to-month,70.0,1732.6,Fiber optic,Credit card (automatic),High ($65-95),No,5242,0.36248204354681896,0,Low Risk
5845-BZZIB,35,Two year,20.1,655.3,No,Mailed check,Low (<$35),No,4517,0.0020729343193890528,0,Very Low Risk
1140-UKVZG,17,Month-to-month,24.8,475.25,No,Mailed check,Low (<$35),No,5208,0.15741949009908884,0,Very Low Risk
5183-SNMJQ,10,Month-to-month,95.1,865.1,Fiber optic,Credit card (automatic),Premium (>$95),No,5787,0.5174543948560659,1,Medium Risk
8100-PNJMH,68,Two year,88.85,6132.7,DSL,Credit card (automatic),High ($65-95),No,5228,0.019161799607490985,0,Very Low Risk
7838-LAZFO,45,One year,78.8,3597.5,DSL,Bank transfer (automatic),High ($65-95),No,4192,0.14496959552011765,0,Very Low Risk
2085-JVGAD,37,Month-to-month,20.35,697.65,No,Bank transfer (automatic),Low (<$35),No,3078,0.12693626909944514,0,Very Low Risk
8095-WANWK,10,Month-to-month,45.25,428.7,DSL,Mailed check,Medium ($35-65),No,5369,0.4039081845793945,0,Low Risk
3030-ZKIWL,1,Month-to-month,20.05,20.05,No,Mailed check,Low (<$35),No,2798,0.589119826960006,1,Medium Risk
9565-FLVCG,65,Two year,69.55,4459.15,DSL,Mailed check,High ($65-95),No,5420,0.044899594493027085,0,Very Low Risk
8755-OGKNA,57,Two year,19.5,1167.6,No,Bank transfer (automatic),Low (<$35),No,5864,0.004289596206350936,0,Very Low Risk
2800-VEQXM,3,Month-to-month,74.75,238.1,Fiber optic,Mailed check,High ($65-95),No,3319,0.7634808511985153,1,High Risk
5533-RJFTJ,49,Month-to-month,30.2,1453.1,DSL,Bank transfer (automatic),Low (<$35),No,5214,0.3083391577907012,0,Low Risk
0214-JHPFW,70,Two year,57.8,4039.3,DSL,Bank transfer (automatic),Medium ($35-65),No,5640,0.025530893622594548,0,Very Low Risk
5642-MHDQT,53,One year,19.85,1039.45,No,Bank transfer (automatic),Low (<$35),No,4836,0.08901684320606465,0,Very Low Risk
3088-FVYWK,53,Two year,25.55,1336.1,No,Credit card (automatic),Low (<$35),No,5794,0.026932553540064803,0,Very Low Risk
9092-GDZKO,22,Month-to-month,24.85,493.4,No,Credit card (automatic),Low (<$35),No,3534,0.11795495374118388,0,Very Low Risk
3729-OWRVL,65,Two year,110.35,7246.15,Fiber optic,Electronic check,Premium (>$95),No,4295,0.2294660091751526,0,Very Low Risk
2324-AALNO,48,One year,24.55,1203.95,No,Bank transfer (automatic),Low (<$35),No,5517,0.058938097775816024,0,Very Low Risk
5760-IFJOZ,3,Month-to-month,107.95,313.6,Fiber optic,Mailed check,Premium (>$95),No,3449,0.5587323468124858,1,Medium Risk
2826-UWHIS,45,Month-to-month,81.4,3775.85,Fiber optic,Bank transfer (automatic),High ($65-95),No,5602,0.382023589398649,0,Low Risk
7501-IWUNG,61,Two year,73.8,4616.05,DSL,Bank transfer (automatic),High ($65-95),No,6301,0.045288637660959974,0,Very Low Risk
4957-TREIR,3,Month-to-month,64.4,195.65,DSL,Credit card (automatic),Medium ($35-65),No,5645,0.2602048659619442,0,Low Risk
7251-LJBQN,40,One year,103.75,4188.4,Fiber optic,Credit card (automatic),Premium (>$95),No,3568,0.36801744638431844,0,Low Risk
8040-MNRTF,1,Month-to-month,71.1,71.1,Fiber optic,Mailed check,High ($65-95),No,3029,0.7811462167111827,1,High Risk
1536-HBSWP,1,Month-to-month,49.9,49.9,DSL,Electronic check,Medium ($35-65),No,4667,0.6700947167568191,1,Medium Risk
5313-FPXWG,51,One year,24.6,1266.4,No,Bank transfer (automatic),Low (<$35),No,4886,0.06846779372971072,0,Very Low Risk
0946-FKYTX,52,One year,30.1,1623.4,DSL,Mailed check,Low (<$35),No,6290,0.167898255794844,0,Very Low Risk
5076-YVXCM,51,Month-to-month,83.4,4149.45,Fiber optic,Bank transfer (automatic),High ($65-95),No,4191,0.4041461808017839,0,Low Risk
8262-COGGB,1,Month-to-month,20.45,20.45,No,Mailed check,Low (<$35),No,5384,0.5381896015953556,1,Medium Risk
6663-JOCQO,31,One year,75.25,2344.5,DSL,Bank transfer (automatic),High ($65-95),No,4258,0.11215563963413278,0,Very Low Risk
9620-QJREV,47,One year,20.55,1013.05,No,Credit card (automatic),Low (<$35),No,3313,0.0263906057562878,0,Very Low Risk
2682-KEVRP,22,One year,20.05,417.0,No,Mailed check,Low (<$35),No,4327,0.03844700328657687,0,Very Low Risk
2480-JZOSN,1,Month-to-month,20.65,20.65,No,Mailed check,Low (<$35),No,4517,0.49206771854155223,0,Low Risk
0078-XZMHT,72,Two year,85.15,6316.2,DSL,Bank transfer (automatic),High ($65-95),No,6322,0.03449911459986306,0,Very Low Risk
9978-HYCIN,47,One year,84.95,4018.05,Fiber optic,Bank transfer (automatic),High ($65-95),No,3384,0.06855279322026173,0,Very Low Risk
8338-QIUNR,72,Two year,66.5,4811.6,DSL,Credit card (automatic),High ($65-95),No,4397,0.05938174077159636,0,Very Low Risk
1525-LNLOJ,66,Two year,63.3,4189.7,DSL,Bank transfer (automatic),Medium ($35-65),No,4186,0.12240866613890741,0,Very Low Risk
9450-TRJUU,35,Month-to-month,83.15,2848.45,Fiber optic,Electronic check,High ($65-95),No,2332,0.6199627520674484,1,Medium Risk
1766-GKNMI,29,Month-to-month,84.9,2516.2,Fiber optic,Electronic check,High ($65-95),No,4388,0.8007345271496322,1,High Risk
6942-LBFDP,2,Month-to-month,20.55,33.6,No,Mailed check,Low (<$35),No,5629,0.27176845841011893,0,Low Risk
1456-TWCGB,4,Month-to-month,49.25,208.45,DSL,Mailed check,Medium ($35-65),No,3272,0.4967768431208884,0,Low Risk
7596-ZYWBB,65,Two year,59.6,3739.8,DSL,Mailed check,Medium ($35-65),No,4372,0.032798447192933025,0,Very Low Risk
8329-UTMVM,27,One year,104.65,2964.0,Fiber optic,Bank transfer (automatic),Premium (>$95),No,3104,0.3331693042695732,0,Low Risk
3014-WJKSM,29,Month-to-month,75.3,2263.4,Fiber optic,Credit card (automatic),High ($65-95),No,4910,0.43377971724657505,0,Low Risk
3347-YJZZE,29,Month-to-month,80.1,2211.8,DSL,Credit card (automatic),High ($65-95),No,4558,0.0736618614380305,0,Very Low Risk
7929-DMBCV,20,Month-to-month,81.0,1683.7,Fiber optic,Mailed check,High ($65-95),No,4741,0.4569761657568062,0,Low Risk
9661-JALZV,58,Two year,24.7,1519.0,No,Credit card (automatic),Low (<$35),No,5138,0.016583075105708722,0,Very Low Risk
5433-KYGHE,14,Month-to-month,86.0,1164.05,Fiber optic,Mailed check,High ($65-95),No,5494,0.1996982869826882,0,Very Low Risk
4312-KFRXN,72,Two year,25.4,1710.9,No,Mailed check,Low (<$35),No,5512,0.008373741979495414,0,Very Low Risk
5575-TPIZQ,46,Month-to-month,89.15,4245.55,Fiber optic,Credit card (automatic),High ($65-95),No,5593,0.3519166627401528,0,Low Risk
0114-IGABW,71,Two year,58.25,4145.9,DSL,Bank transfer (automatic),Medium ($35-65),No,5224,0.023880180798721434,0,Very Low Risk
9944-AEXBM,32,Month-to-month,85.65,2664.3,Fiber optic,Bank transfer (automatic),High ($65-95),No,2383,0.5763044210521047,1,Medium Risk
1853-ARAAQ,26,Month-to-month,50.35,1277.5,DSL,Credit card (automatic),Medium ($35-65),No,2510,0.38718273054765284,0,Low Risk
6952-OMNWB,68,Month-to-month,80.35,5589.3,Fiber optic,Credit card (automatic),High ($65-95),No,5581,0.3363985904744491,0,Low Risk
4697-LUPSU,2,One year,20.2,34.75,No,Mailed check,Low (<$35),No,3866,0.1101202867674052,0,Very Low Risk
8434-VGEQQ,61,Two year,20.55,1305.95,No,Credit card (automatic),Low (<$35),No,4446,0.008622005395601061,0,Very Low Risk
6549-YMFAW,9,Month-to-month,21.25,204.55,No,Mailed check,Low (<$35),No,2302,0.2676902720832579,0,Low Risk
4950-HKQTE,22,Two year,26.25,605.9,No,Mailed check,Low (<$35),No,5676,0.043963250865719956,0,Very Low Risk
6786-OBWQR,5,Month-to-month,80.85,356.1,Fiber optic,Electronic check,High ($65-95),No,5109,0.3330496154355604,0,Low Risk
2753-JMMCV,65,Two year,74.2,4805.65,DSL,Credit card (automatic),High ($65-95),No,4774,0.05133338834390089,0,Very Low Risk
6621-YOBKI,5,Month-to-month,20.35,92.75,No,Mailed check,Low (<$35),No,2303,0.2920029593253332,0,Low Risk
1216-JWVUX,25,Month-to-month,75.5,1901.05,Fiber optic,Electronic check,High ($65-95),No,5985,0.23982053076184473,0,Very Low Risk
7564-GHCVB,72,Two year,79.05,5730.7,Fiber optic,Bank transfer (automatic),High ($65-95),No,4689,0.06039626465270342,0,Very Low Risk
1173-NOEYG,27,Month-to-month,90.15,2423.4,Fiber optic,Bank transfer (automatic),High ($65-95),No,5750,0.4547320885727631,0,Low Risk
7595-EHCDL,32,Month-to-month,50.6,1653.45,DSL,Credit card (automatic),Medium ($35-65),No,3087,0.11067480927882584,0,Very Low Risk
6647-ZEDXT,30,One year,110.45,3327.05,Fiber optic,Credit card (automatic),Premium (>$95),No,4983,0.2193169999048744,0,Very Low Risk
2521-NPUZR,70,Two year,101.0,7085.5,Fiber optic,Credit card (automatic),Premium (>$95),No,5025,0.0525179598058802,0,Very Low Risk
1307-TVUFB,42,Month-to-month,79.35,3344.1,Fiber optic,Bank transfer (automatic),High ($65-95),No,2399,0.5041051348872205,1,Medium Risk
7503-MIOGA,72,Two year,89.85,6697.35,DSL,Bank transfer (automatic),High ($65-95),No,5881,0.024876666824150392,0,Very Low Risk
4381-MHQDC,47,Two year,65.0,2879.9,DSL,Mailed check,Medium ($35-65),No,3286,0.053053747310663715,0,Very Low Risk
6923-JHPMP,2,Month-to-month,80.45,137.1,Fiber optic,Electronic check,High ($65-95),No,5602,0.6318494186135369,1,Medium Risk
4018-PPNDW,61,Two year,24.1,1551.6,No,Mailed check,Low (<$35),No,5970,0.02870854298554166,0,Very Low Risk
1635-FJFCC,5,Month-to-month,44.05,202.15,DSL,Credit card (automatic),Medium ($35-65),No,5846,0.5917075050633733,1,Medium Risk
2499-AJYUA,72,Two year,110.8,7882.25,Fiber optic,Credit card (automatic),Premium (>$95),No,5933,0.08631700648279839,0,Very Low Risk
6919-ELBGL,72,Two year,114.95,8196.4,Fiber optic,Bank transfer (automatic),Premium (>$95),No,6268,0.04449667631604484,0,Very Low Risk
3966-HRMZA,3,Month-to-month,75.05,202.9,Fiber optic,Mailed check,High ($65-95),No,3545,0.690166110573433,1,Medium Risk
6425-JWTDV,48,Two year,19.25,855.1,No,Mailed check,Low (<$35),No,2282,0.026630956536887372,0,Very Low Risk
8405-IGQFX,63,One year,90.05,5817.0,Fiber optic,Credit card (automatic),High ($65-95),No,4039,0.15927197511715385,0,Very Low Risk
8224-IVVPA,27,Month-to-month,56.7,1652.95,DSL,Mailed check,Medium ($35-65),No,4472,0.2453384364153728,0,Very Low Risk
9477-LGWQI,70,Two year,80.15,5600.15,DSL,Credit card (automatic),High ($65-95),No,5715,0.03208172802019822,0,Very Low Risk
1410-RSCMR,7,Month-to-month,71.35,515.75,DSL,Credit card (automatic),High ($65-95),No,3459,0.09855046944210176,0,Very Low Risk
3115-CZMZD,0,Two year,20.25,0.0,No,Mailed check,Low (<$35),No,5504,0.24783403483984515,0,Very Low Risk
0139-IVFJG,2,Month-to-month,90.35,190.5,Fiber optic,Electronic check,High ($65-95),No,5361,0.42126356518952734,0,Low Risk
5730-DBDSI,66,Two year,19.7,1253.8,No,Bank transfer (automatic),Low (<$35),No,4601,0.030328416794128718,0,Very Low Risk
0030-FNXPP,3,Month-to-month,19.85,57.2,No,Mailed check,Low (<$35),No,5634,0.3555311714239691,0,Low Risk
5684-FJVYR,72,Two year,90.35,6563.4,Fiber optic,Bank transfer (automatic),High ($65-95),No,5794,0.04357788443527753,0,Very Low Risk
4013-GUXND,1,Month-to-month,20.8,20.8,No,Mailed check,Low (<$35),No,3678,0.5479988230079336,1,Medium Risk
1266-NZYUI,72,Two year,66.85,4758.8,DSL,Bank transfer (automatic),High ($65-95),No,6264,0.05964593812730418,0,Very Low Risk
7969-FFOWG,65,Two year,19.9,1292.6,No,Mailed check,Low (<$35),No,6312,0.021158393764452804,0,Very Low Risk
4718-DHSMV,11,Month-to-month,35.8,363.15,DSL,Mailed check,Medium ($35-65),No,2534,0.5500572245997861,1,Medium Risk
5175-WLYXL,22,Month-to-month,78.85,1600.25,Fiber optic,Mailed check,High ($65-95),No,2444,0.5309114253647202,1,Medium Risk
7817-OMJNA,14,One year,20.4,275.7,No,Bank transfer (automatic),Low (<$35),No,5068,0.11438427684449966,0,Very Low Risk
8728-SKJLR,41,Month-to-month,74.25,3089.1,Fiber optic,Electronic check,High ($65-95),No,3277,0.5647594433391909,1,Medium Risk
3137-NYQQI,17,One year,64.8,1175.6,DSL,Mailed check,Medium ($35-65),No,3546,0.10933261676909188,0,Very Low Risk
7706-DZNKK,11,Month-to-month,20.45,237.3,No,Credit card (automatic),Low (<$35),No,2642,0.11987206356837517,0,Very Low Risk
8823-RLPWL,72,Two year,110.65,8065.65,Fiber optic,Credit card (automatic),Premium (>$95),No,4259,0.07009461984588825,0,Very Low Risk
9505-SQFSW,3,Month-to-month,40.3,92.5,DSL,Mailed check,Medium ($35-65),No,5651,0.25945110181114656,0,Low Risk
3758-CKOQL,59,One year,107.0,6152.3,Fiber optic,Credit card (automatic),Premium (>$95),No,4620,0.18777496566737287,0,Very Low Risk
5676-CFLYY,71,Two year,73.35,5154.5,DSL,Credit card (automatic),High ($65-95),No,5124,0.046782092719051434,0,Very Low Risk
7521-AFHAB,5,Month-to-month,44.8,220.45,DSL,Mailed check,Medium ($35-65),No,2492,0.268754254520419,0,Low Risk
0285-INHLN,27,Month-to-month,54.75,1510.3,DSL,Credit card (automatic),Medium ($35-65),No,3519,0.0897515638981588,0,Very Low Risk
5125-CNDSP,63,One year,40.6,2588.95,DSL,Bank transfer (automatic),Medium ($35-65),No,6406,0.056243249496538625,0,Very Low Risk
4992-LTJNE,72,Two year,55.3,3983.6,DSL,Bank transfer (automatic),Medium ($35-65),No,6259,0.03592815139982373,0,Very Low Risk
2202-OUTMO,34,Month-to-month,60.85,2003.6,DSL,Bank transfer (automatic),Medium ($35-65),No,3012,0.14715979677982324,0,Very Low Risk
0810-BDHAW,24,One year,78.4,1832.4,DSL,Electronic check,High ($65-95),No,2506,0.1448215304206209,0,Very Low Risk
0229-LFJAF,72,Two year,69.65,4908.25,DSL,Bank transfer (automatic),High ($65-95),No,4262,0.019948822314685425,0,Very Low Risk
7131-ZQZNK,60,Two year,59.85,3590.2,DSL,Credit card (automatic),Medium ($35-65),No,5790,0.02571018853090077,0,Very Low Risk
3442-ZHHCC,68,One year,76.9,5023.0,DSL,Credit card (automatic),High ($65-95),No,5355,0.2179076174655132,0,Very Low Risk
5726-CVNYA,8,Two year,19.85,146.6,No,Mailed check,Low (<$35),No,3260,0.09344814648965072,0,Very Low Risk
9871-ELEYA,34,Two year,67.65,2339.3,DSL,Credit card (automatic),High ($65-95),No,4263,0.06516530820783342,0,Very Low Risk
4257-GAESD,6,Month-to-month,45.0,298.7,DSL,Credit card (automatic),Medium ($35-65),No,2270,0.38514865947415605,0,Low Risk
5173-WXOQV,2,Month-to-month,64.2,143.65,DSL,Mailed check,Medium ($35-65),No,4369,0.31925916327026943,0,Low Risk
2040-OBMLJ,31,One year,81.7,2548.65,Fiber optic,Credit card (automatic),High ($65-95),No,4850,0.14283440798386507,0,Very Low Risk
6286-ZHAOK,20,Month-to-month,25.55,507.4,No,Bank transfer (automatic),Low (<$35),No,3235,0.06592006861675333,0,Very Low Risk
3807-XHCJH,1,Month-to-month,20.0,20.0,No,Electronic check,Low (<$35),No,2358,0.2723532788927189,0,Low Risk
5671-RQRLP,70,Two year,75.65,5411.4,Fiber optic,Credit card (automatic),High ($65-95),No,4181,0.17728756456798553,0,Very Low Risk
8859-AXJZP,39,Two year,23.8,903.8,No,Mailed check,Low (<$35),No,3970,0.08877404900782901,0,Very Low Risk
3174-AKMAS,46,Two year,64.2,3009.5,DSL,Credit card (automatic),Medium ($35-65),No,4699,0.10034724966088503,0,Very Low Risk
9926-PJHDQ,72,Two year,76.8,5468.45,DSL,Bank transfer (automatic),High ($65-95),No,5120,0.14059945903887755,0,Very Low Risk
7382-DFJTU,18,Month-to-month,55.2,1058.1,DSL,Credit card (automatic),Medium ($35-65),No,2110,0.24169821534125088,0,Very Low Risk
2798-NYLMZ,71,Two year,108.55,7616.0,Fiber optic,Credit card (automatic),Premium (>$95),No,4111,0.22740740657085012,0,Very Low Risk
8098-TDCBU,42,Two year,25.25,1108.2,No,Electronic check,Low (<$35),No,3052,0.024138272645306828,0,Very Low Risk
3551-GAEGL,34,One year,30.4,938.65,DSL,Bank transfer (automatic),Low (<$35),No,4697,0.18343295648427585,0,Very Low Risk
4785-NKHCX,5,Month-to-month,20.05,94.15,No,Bank transfer (automatic),Low (<$35),No,2154,0.27172215034294533,0,Low Risk
3196-NVXLZ,25,Month-to-month,84.6,2088.05,Fiber optic,Mailed check,High ($65-95),No,4874,0.5946213197315298,1,Medium Risk
0036-IHMOT,55,One year,103.7,5656.75,Fiber optic,Bank transfer (automatic),Premium (>$95),No,5892,0.06142498757575538,0,Very Low Risk
4178-EGMON,70,Two year,88.0,5986.45,Fiber optic,Credit card (automatic),High ($65-95),No,4867,0.055913261740180416,0,Very Low Risk
4220-TINQT,61,Month-to-month,106.35,6751.35,Fiber optic,Electronic check,Premium (>$95),No,5632,0.502718635487415,1,Medium Risk
5318-YKDPV,43,Two year,79.15,3566.6,DSL,Credit card (automatic),High ($65-95),No,3716,0.04842650315138264,0,Very Low Risk
7975-TZMLR,47,One year,103.1,4889.3,Fiber optic,Electronic check,Premium (>$95),No,5029,0.4673356629979743,0,Low Risk
0295-QVKPB,5,Month-to-month,63.95,318.1,DSL,Credit card (automatic),Medium ($35-65),No,3099,0.3474203419312842,0,Low Risk
4335-BSMJS,62,Two year,25.8,1563.95,No,Credit card (automatic),Low (<$35),No,6201,0.021950083592635564,0,Very Low Risk
9146-JRIOX,14,Month-to-month,25.55,372.45,No,Mailed check,Low (<$35),No,2080,0.08420703678133186,0,Very Low Risk
5337-IIWKZ,34,Month-to-month,44.85,1442.6,DSL,Electronic check,Medium ($35-65),No,5569,0.09287098034961178,0,Very Low Risk
9650-VBUOG,38,Two year,25.05,963.95,No,Credit card (automatic),Low (<$35),No,3772,0.0008922965822246808,0,Very Low Risk
3487-EARAT,70,One year,74.1,5222.3,DSL,Credit card (automatic),High ($65-95),No,6325,0.1513619180591339,0,Very Low Risk
2672-TGEFF,37,Month-to-month,88.8,3340.55,Fiber optic,Electronic check,High ($65-95),No,3746,0.19709666968064357,0,Very Low Risk
4250-WAROZ,60,Month-to-month,93.25,5774.55,Fiber optic,Electronic check,High ($65-95),No,4353,0.10260210382241201,0,Very Low Risk
8184-WMOFI,62,One year,71.4,4487.3,DSL,Credit card (automatic),High ($65-95),No,5327,0.0911295190189782,0,Very Low Risk
6092-QZVPP,36,Month-to-month,79.2,2854.95,DSL,Credit card (automatic),High ($65-95),No,4830,0.17076253164041624,0,Very Low Risk
4625-LAMOB,44,Two year,20.4,905.55,No,Credit card (automatic),Low (<$35),No,2404,0.020691851227425066,0,Very Low Risk
0392-BZIUW,72,Two year,105.0,7589.8,Fiber optic,Credit card (automatic),Premium (>$95),No,5678,0.1098691135341819,0,Very Low Risk
6549-NNDYT,13,Month-to-month,30.85,394.1,DSL,Bank transfer (automatic),Low (<$35),No,2444,0.3581585643418708,0,Low Risk
0422-OHQHQ,15,One year,20.55,295.95,No,Mailed check,Low (<$35),No,3009,0.05359377837900775,0,Very Low Risk
6916-HIJSE,65,Two year,84.85,5459.2,DSL,Bank transfer (automatic),High ($65-95),No,5434,0.024093236628280067,0,Very Low Risk
2316-ESMLS,12,One year,33.15,444.75,DSL,Credit card (automatic),Low (<$35),No,3882,0.15443868598289312,0,Very Low Risk
9778-OGKQZ,72,Two year,92.0,6782.15,DSL,Credit card (automatic),High ($65-95),No,5883,0.010982466836179745,0,Very Low Risk
7408-OFWXJ,72,Two year,89.8,6510.45,DSL,Credit card (automatic),High ($65-95),No,5762,0.00762278977917343,0,Very Low Risk
6007-TCTST,72,Two year,115.8,8476.5,Fiber optic,Bank transfer (automatic),Premium (>$95),No,5841,0.015575485341028292,0,Very Low Risk
2252-NKNSI,52,Two year,85.15,4461.85,DSL,Mailed check,High ($65-95),No,4322,0.02577598671113447,0,Very Low Risk
8713-IGZSO,2,Month-to-month,24.85,62.0,No,Mailed check,Low (<$35),No,5983,0.245465688719618,0,Very Low Risk
7905-TVXTA,5,Month-to-month,64.35,352.65,DSL,Electronic check,Medium ($35-65),No,4771,0.4299624631508956,0,Low Risk
7695-PKLCZ,68,Two year,20.5,1424.9,No,Credit card (automatic),Low (<$35),No,4201,0.00940802454029512,0,Very Low Risk
8374-UULRV,72,Two year,86.05,6309.65,DSL,Credit card (automatic),High ($65-95),No,5965,0.01973212890397109,0,Very Low Risk
3224-DFQNQ,66,One year,89.0,5898.6,Fiber optic,Electronic check,High ($65-95),No,4488,0.13185908759637247,0,Very Low Risk
5275-PMFUT,72,Two year,64.8,4719.75,DSL,Credit card (automatic),Medium ($35-65),No,4036,0.007663988229349247,0,Very Low Risk
4795-UXVCJ,26,One year,19.8,457.3,No,Credit card (automatic),Low (<$35),No,5823,0.030140612773674382,0,Very Low Risk
9777-IQHWP,64,Two year,93.4,5822.3,Fiber optic,Bank transfer (automatic),High ($65-95),No,6249,0.047316855672678695,0,Very Low Risk
0979-MOZQI,62,Two year,39.0,2337.45,DSL,Bank transfer (automatic),Medium ($35-65),No,4987,0.037450123976917354,0,Very Low Risk
2732-ISEZX,5,Month-to-month,20.5,104.3,No,Mailed check,Low (<$35),No,5263,0.2524761941068596,0,Low Risk
0323-XWWTN,3,Two year,26.4,121.25,No,Mailed check,Low (<$35),No,4315,0.045330390490887267,0,Very Low Risk
1937-OTUKY,72,Two year,98.2,7015.9,Fiber optic,Bank transfer (automatic),Premium (>$95),No,4332,0.06743349326646926,0,Very Low Risk
1573-LGXBA,57,One year,97.55,5598.0,Fiber optic,Credit card (automatic),Premium (>$95),No,5833,0.08828715439922118,0,Very Low Risk
1764-VUUMT,66,Two year,19.95,1269.1,No,Credit card (automatic),Low (<$35),No,6382,0.007730159977198035,0,Very Low Risk
4713-ZBURT,45,Two year,99.7,4634.35,Fiber optic,Bank transfer (automatic),Premium (>$95),No,3333,0.07998734999861973,0,Very Low Risk
3050-GBUSH,3,Month-to-month,34.8,113.95,DSL,Credit card (automatic),Low (<$35),No,2496,0.5351058792135901,1,Medium Risk
7876-AEHIG,51,One year,60.15,3077.0,DSL,Bank transfer (automatic),Medium ($35-65),No,5404,0.060223810881711054,0,Very Low Risk
7945-HLKEA,60,One year,64.75,4039.5,DSL,Electronic check,Medium ($35-65),No,6408,0.06910576035159681,0,Very Low Risk
9342-VNIMQ,33,Month-to-month,54.65,1665.2,DSL,Bank transfer (automatic),Medium ($35-65),No,5201,0.3654279750248538,0,Low Risk
3523-BRGUW,26,One year,19.3,504.2,No,Credit card (automatic),Low (<$35),No,2269,0.02132303514702227,0,Very Low Risk
3199-NPKCN,67,One year,111.25,7511.65,Fiber optic,Electronic check,Premium (>$95),No,5649,0.23464101897391448,0,Very Low Risk
5170-PTRKA,49,One year,35.8,1782.0,DSL,Credit card (automatic),Medium ($35-65),No,4865,0.07961628130199366,0,Very Low Risk
4661-NJEUX,1,Month-to-month,20.05,20.05,No,Mailed check,Low (<$35),No,5368,0.655332755568719,1,Medium Risk
2123-AGEEN,7,Month-to-month,84.35,609.65,Fiber optic,Electronic check,High ($65-95),No,2107,0.8335007939133655,1,High Risk
1258-YMZNM,27,One year,110.5,2857.6,Fiber optic,Bank transfer (automatic),Premium (>$95),No,4997,0.3026472438609571,0,Low Risk
0048-LUMLS,37,One year,91.2,3247.55,Fiber optic,Credit card (automatic),High ($65-95),No,5263,0.059107895583445334,0,Very Low Risk
5898-IGSLP,31,Month-to-month,89.3,2823.0,Fiber optic,Electronic check,High ($65-95),No,2132,0.08229680696260853,0,Very Low Risk
6259-WJQLC,32,Month-to-month,81.1,2619.25,Fiber optic,Credit card (automatic),High ($65-95),No,2143,0.4234824786087964,0,Low Risk
7997-EASSD,63,One year,81.2,4965.1,Fiber optic,Credit card (automatic),High ($65-95),No,6063,0.19780951994166493,0,Very Low Risk
0730-KOAVE,30,Month-to-month,94.3,2679.7,Fiber optic,Credit card (automatic),High ($65-95),No,4219,0.3839426548274627,0,Low Risk
8975-SKGRX,71,Two year,116.1,8310.55,Fiber optic,Bank transfer (automatic),Premium (>$95),No,5027,0.09539413225011643,0,Very Low Risk
0678-RLHVP,53,Two year,105.55,5682.25,Fiber optic,Electronic check,Premium (>$95),No,5731,0.22425869758346803,0,Very Low Risk
2267-FPIMA,50,Month-to-month,94.4,4914.9,Fiber optic,Credit card (automatic),High ($65-95),No,5548,0.3297889568747102,0,Low Risk
1051-GEJLJ,2,Month-to-month,19.5,27.55,No,Mailed check,Low (<$35),No,4836,0.3519559856346895,0,Low Risk
5285-MVEHD,56,One year,105.6,6068.65,Fiber optic,Credit card (automatic),Premium (>$95),No,4196,0.25319589699953465,0,Low Risk
0379-DJQHR,67,Two year,81.35,5398.6,DSL,Credit card (automatic),High ($65-95),No,4219,0.03761323941653017,0,Very Low Risk
5543-QDCRY,4,Month-to-month,56.4,234.85,DSL,Electronic check,Medium ($35-65),No,5344,0.6873621256920983,1,Medium Risk
0297-RBCSG,19,One year,65.35,1231.85,DSL,Bank transfer (automatic),High ($65-95),No,2051,0.294968426076732,0,Low Risk
4694-PHWFW,8,Month-to-month,19.95,170.9,No,Mailed check,Low (<$35),No,5919,0.14802203279591547,0,Very Low Risk
0835-JKADZ,71,Two year,111.25,7984.15,Fiber optic,Electronic check,Premium (>$95),No,4361,0.13312183951237844,0,Very Low Risk
7508-SMHXL,15,Month-to-month,89.0,1288.3,Fiber optic,Credit card (automatic),High ($65-95),No,4452,0.42970822279759247,0,Low Risk
3865-YIOTT,72,One year,106.1,7848.5,Fiber optic,Bank transfer (automatic),Premium (>$95),No,6283,0.07251916354670508,0,Very Low Risk
5993-BQHEA,12,One year,20.05,267.0,No,Credit card (automatic),Low (<$35),No,4018,0.06867250083896947,0,Very Low Risk
6024-RUGGH,72,Two year,25.2,1798.9,No,Bank transfer (automatic),Low (<$35),No,6499,0.01799856646724849,0,Very Low Risk
3956-CJUST,23,Month-to-month,75.4,1643.55,Fiber optic,Bank transfer (automatic),High ($65-95),No,2491,0.41063796772272565,0,Low Risk
4079-WWQQQ,72,Two year,65.55,4807.45,DSL,Bank transfer (automatic),High ($65-95),No,4266,0.012297453490528902,0,Very Low Risk
6103-BOCOU,26,Month-to-month,80.7,2193.0,Fiber optic,Electronic check,High ($65-95),No,4501,0.7511417902747992,1,High Risk
5149-TGWDZ,21,One year,104.55,2239.4,Fiber optic,Mailed check,Premium (>$95),No,3471,0.31685942181693705,0,Low Risk
7471-WNSUF,60,One year,24.15,1505.9,No,Bank transfer (automatic),Low (<$35),No,4501,0.06143330213089073,0,Very Low Risk
8942-DBMHZ,12,Month-to-month,20.45,255.35,No,Mailed check,Low (<$35),No,4883,0.2150049001009671,0,Very Low Risk
4301-VVZKA,16,Month-to-month,75.4,1189.4,Fiber optic,Electronic check,High ($65-95),No,5432,0.8245828077764092,1,High Risk
9199-PWQVC,63,One year,79.7,4786.15,DSL,Credit card (automatic),High ($65-95),No,4010,0.12867724791291704,0,Very Low Risk
4824-GUCBY,22,Month-to-month,81.7,1820.9,Fiber optic,Electronic check,High ($65-95),No,5602,0.32777294926638445,0,Low Risk
5393-HJZSM,32,Month-to-month,76.3,2404.15,DSL,Bank transfer (automatic),High ($65-95),No,5324,0.08214860703386476,0,Very Low Risk
0862-PRCBS,68,Two year,103.75,7039.45,Fiber optic,Credit card (automatic),Premium (>$95),No,4121,0.02933328642387313,0,Very Low Risk
8812-ZRHFP,30,One year,86.45,2538.05,Fiber optic,Electronic check,High ($65-95),No,2923,0.10558324765483602,0,Very Low Risk
5146-CBVOE,16,Month-to-month,75.1,1212.85,Fiber optic,Bank transfer (automatic),High ($65-95),No,5176,0.38712831581424034,0,Low Risk
0454-OKRCT,33,Two year,80.6,2651.1,Fiber optic,Bank transfer (automatic),High ($65-95),No,5542,0.11194249166733043,0,Very Low Risk
5787-KXGIY,72,Two year,19.3,1304.8,No,Credit card (automatic),Low (<$35),No,4035,0.009219190055345706,0,Very Low Risk
4198-VFOEA,12,One year,33.6,435.45,DSL,Mailed check,Low (<$35),No,2990,0.12637097639678918,0,Very Low Risk
6630-UJZMY,4,Month-to-month,83.25,308.05,Fiber optic,Electronic check,High ($65-95),No,5251,0.8634351933984398,1,High Risk
5709-LVOEQ,0,Two year,80.85,0.0,DSL,Mailed check,High ($65-95),No,2048,0.17230875951019275,0,Very Low Risk
2692-AQCPF,65,One year,108.05,7118.9,Fiber optic,Credit card (automatic),Premium (>$95),No,6047,0.25981404469866837,0,Low Risk
0347-UBKUZ,15,Month-to-month,19.9,320.45,No,Mailed check,Low (<$35),No,3366,0.2279717546117573,0,Very Low Risk
0835-DUUIQ,24,One year,21.05,531.55,No,Bank transfer (automatic),Low (<$35),No,2050,0.08981050496174804,0,Very Low Risk
0811-GSDTP,13,Month-to-month,30.15,382.2,DSL,Electronic check,Low (<$35),No,3540,0.18705874341246193,0,Very Low Risk
7567-ECMCM,24,Month-to-month,79.85,2001.0,Fiber optic,Credit card (automatic),High ($65-95),No,5128,0.5049194889116587,1,Medium Risk
6115-ZTBFQ,72,Two year,65.5,4919.7,DSL,Bank transfer (automatic),High ($65-95),No,4119,0.007211740138552298,0,Very Low Risk
6353-BRMMA,54,Month-to-month,104.1,5645.8,Fiber optic,Bank transfer (automatic),Premium (>$95),No,5795,0.13233469929451963,0,Very Low Risk
6231-WFGFH,4,Month-to-month,20.5,77.6,No,Mailed check,Low (<$35),No,5053,0.10985739643339797,0,Very Low Risk
9904-EHEVJ,32,Month-to-month,91.35,2896.55,Fiber optic,Mailed check,High ($65-95),No,2965,0.16174252309392467,0,Very Low Risk
6169-PPETC,35,Two year,20.5,759.35,No,Bank transfer (automatic),Low (<$35),No,2009,0.002653826166060293,0,Very Low Risk
8584-KMVXD,8,Month-to-month,75.6,535.55,Fiber optic,Electronic check,High ($65-95),No,2934,0.5956838930294994,1,Medium Risk
8467-WYNSR,22,Month-to-month,55.1,1253.15,DSL,Mailed check,Medium ($35-65),No,2729,0.16354224295387365,0,Very Low Risk
0851-DFJKB,15,Month-to-month,58.95,955.15,DSL,Electronic check,Medium ($35-65),No,4497,0.31049996152131026,0,Low Risk
5382-SOYZL,22,Month-to-month,95.1,2162.6,Fiber optic,Electronic check,Premium (>$95),No,3729,0.8427626348461336,1,High Risk
3261-CQXOL,71,Two year,25.45,1813.35,No,Bank transfer (automatic),Low (<$35),No,4993,0.002002274290603398,0,Very Low Risk
8388-FYNPZ,4,Month-to-month,56.75,245.15,DSL,Electronic check,Medium ($35-65),No,2401,0.41767771842553914,0,Low Risk
4002-BQWPQ,25,Month-to-month,81.75,2028.8,DSL,Bank transfer (automatic),High ($65-95),No,5917,0.1653665765852171,0,Very Low Risk
5651-YLPRD,32,Month-to-month,86.1,2723.75,Fiber optic,Electronic check,High ($65-95),No,4970,0.18611626757119948,0,Very Low Risk
2826-DXLQO,7,Month-to-month,29.8,220.45,DSL,Bank transfer (automatic),Low (<$35),No,2587,0.35276392946641894,0,Low Risk
4378-BZYFP,17,One year,20.5,365.8,No,Mailed check,Low (<$35),No,2259,0.04346132274629543,0,Very Low Risk
9489-UTFKA,8,Month-to-month,60.9,551.95,DSL,Bank transfer (automatic),Medium ($35-65),No,2136,0.2860890710380408,0,Low Risk
4849-PYRLQ,56,Two year,73.25,4054.2,DSL,Bank transfer (automatic),High ($65-95),No,4011,0.0386433974000298,0,Very Low Risk
7764-BDPEE,3,Month-to-month,20.85,60.65,No,Mailed check,Low (<$35),No,5868,0.14327440868368949,0,Very Low Risk
3429-IFLEM,71,Two year,77.35,5550.1,DSL,Credit card (automatic),High ($65-95),No,4846,0.02615588150340069,0,Very Low Risk
5002-GCQFH,49,Month-to-month,93.85,4733.1,Fiber optic,Bank transfer (automatic),High ($65-95),No,5698,0.28075110085812566,0,Low Risk
0556-FJEGU,58,Two year,70.1,4048.95,DSL,Bank transfer (automatic),High ($65-95),No,4474,0.022845923819203105,0,Very Low Risk
0604-THJFP,59,Two year,75.95,4542.35,DSL,Credit card (automatic),High ($65-95),No,5446,0.04670560348448623,0,Very Low Risk
5879-SESNB,11,Month-to-month,75.25,888.65,Fiber optic,Electronic check,High ($65-95),No,5902,0.6813987363561174,1,Medium Risk
6461-PPAXN,35,One year,54.95,1916.0,DSL,Bank transfer (automatic),Medium ($35-65),No,4858,0.08602541213205483,0,Very Low Risk
3318-ISQFQ,20,Month-to-month,19.5,413.0,No,Bank transfer (automatic),Low (<$35),No,5409,0.21323596611759693,0,Very Low Risk
1106-HRLKZ,40,Two year,19.6,808.95,No,Mailed check,Low (<$35),No,2630,0.00251265063144579,0,Very Low Risk
2483-XSSMZ,39,One year,47.85,1886.4,DSL,Electronic check,Medium ($35-65),No,5531,0.1807609397738376,0,Very Low Risk
8165-ZJRNM,72,Two year,23.75,1679.25,No,Bank transfer (automatic),Low (<$35),No,4923,0.001953689091598423,0,Very Low Risk
2604-XVDAM,12,Month-to-month,43.8,540.95,DSL,Bank transfer (automatic),Medium ($35-65),No,5706,0.40206035154755326,0,Low Risk
3717-OFRTN,1,Month-to-month,19.75,19.75,No,Bank transfer (automatic),Low (<$35),No,3595,0.3881808060598889,0,Low Risk
9046-JBFWA,27,Month-to-month,19.15,537.35,No,Mailed check,Low (<$35),No,4004,0.038170935863155384,0,Very Low Risk
3280-NMUVX,34,One year,19.6,678.8,No,Credit card (automatic),Low (<$35),No,4669,0.025540979443461377,0,Very Low Risk
1206-EHBDD,56,Two year,80.3,4513.65,Fiber optic,Bank transfer (automatic),High ($65-95),No,6203,0.06896425718404635,0,Very Low Risk
8361-LBRDI,58,Two year,24.35,1423.85,No,Credit card (automatic),Low (<$35),No,6190,0.028909631719019595,0,Very Low Risk
4883-KCPZJ,22,Two year,25.25,555.4,No,Credit card (automatic),Low (<$35),No,4386,0.012099965896043294,0,Very Low Risk
9108-EQPNQ,10,Two year,26.1,225.55,No,Credit card (automatic),Low (<$35),No,3179,0.03450007704034074,0,Very Low Risk
7277-KAMWT,13,Two year,20.0,268.45,No,Credit card (automatic),Low (<$35),No,3037,0.054299463611729104,0,Very Low Risk
2545-LXYVJ,72,Two year,20.7,1492.1,No,Bank transfer (automatic),Low (<$35),No,6317,0.011909435032011507,0,Very Low Risk
3234-VKACU,2,Month-to-month,70.3,132.4,DSL,Electronic check,High ($65-95),No,4799,0.43856224680615613,0,Low Risk
8120-JDCAM,4,Month-to-month,69.55,284.9,Fiber optic,Mailed check,High ($65-95),No,3708,0.37759841934699523,0,Low Risk
8917-FAEMR,37,Two year,19.85,784.25,No,Mailed check,Low (<$35),No,3408,0.03362073310822526,0,Very Low Risk
7047-YXDMZ,21,Month-to-month,20.0,417.7,No,Mailed check,Low (<$35),No,2366,0.1625110017251111,0,Very Low Risk
2858-EIMXH,53,One year,95.85,5016.25,Fiber optic,Credit card (automatic),Premium (>$95),No,5325,0.37099105379589,0,Low Risk
6419-ZTTLE,23,One year,20.75,485.2,No,Electronic check,Low (<$35),No,3418,0.0462676282893934,0,Very Low Risk
0929-HYQEW,3,Month-to-month,50.15,160.85,DSL,Mailed check,Medium ($35-65),No,2085,0.4767534626240218,0,Low Risk
6614-YOLAC,71,Two year,58.65,4145.25,DSL,Mailed check,Medium ($35-65),No,4151,0.00902028920990527,0,Very Low Risk
7426-RHZGU,9,Month-to-month,95.9,827.45,Fiber optic,Bank transfer (automatic),Premium (>$95),No,5017,0.5900781419455122,1,Medium Risk
4065-JJAVA,1,Month-to-month,49.5,49.5,DSL,Electronic check,Medium ($35-65),No,5262,0.5347883746177817,1,Medium Risk
7649-SIJJF,71,Two year,80.1,5585.4,DSL,Mailed check,High ($65-95),No,6045,0.014213330406667488,0,Very Low Risk
9361-YNQWJ,64,One year,24.4,1601.2,No,Bank transfer (automatic),Low (<$35),No,5887,0.04556666675735348,0,Very Low Risk
3748-FVMZZ,4,Month-to-month,40.05,162.45,DSL,Electronic check,Medium ($35-65),No,2664,0.5544543324296672,1,Medium Risk
9391-TTOYH,23,Month-to-month,19.5,470.2,No,Mailed check,Low (<$35),No,5652,0.19414641712786607,0,Very Low Risk
1452-XRSJV,39,Month-to-month,51.05,2066.0,DSL,Credit card (automatic),Medium ($35-65),No,3154,0.08912881656745951,0,Very Low Risk
3422-WJOYD,28,One year,54.35,1426.45,DSL,Mailed check,Medium ($35-65),No,5105,0.06086522960030396,0,Very Low Risk
8242-SOQUO,5,Month-to-month,84.7,392.5,Fiber optic,Electronic check,High ($65-95),No,2660,0.7896377169164533,1,High Risk
7460-ITWWP,45,Month-to-month,86.1,3861.45,Fiber optic,Electronic check,High ($65-95),No,2701,0.6783189714852914,1,Medium Risk
7147-AYBAA,37,Month-to-month,70.35,2552.9,Fiber optic,Mailed check,High ($65-95),No,5402,0.5184042351874067,1,Medium Risk
7868-TMWMZ,60,Two year,110.0,6668.35,Fiber optic,Bank transfer (automatic),Premium (>$95),No,4953,0.07443990952361791,0,Very Low Risk
6732-FZUGP,47,One year,94.9,4615.25,Fiber optic,Credit card (automatic),High ($65-95),No,4510,0.15990310498277277,0,Very Low Risk
8329-GWVPJ,50,Month-to-month,69.75,3557.7,Fiber optic,Bank transfer (automatic),High ($65-95),No,4539,0.13669401328967573,0,Very Low Risk
1352-VHKAJ,27,Month-to-month,71.6,1957.1,DSL,Bank transfer (automatic),High ($65-95),No,3773,0.07931031422255562,0,Very Low Risk
2632-TACXW,62,Two year,23.65,1416.75,No,Bank transfer (automatic),Low (<$35),No,4671,0.014363045808537202,0,Very Low Risk
8146-QQKZH,71,Two year,81.85,5924.4,DSL,Bank transfer (automatic),High ($65-95),No,4090,0.02449344760605116,0,Very Low Risk
1767-CJKBA,66,Two year,25.1,1697.7,No,Mailed check,Low (<$35),No,6025,0.014034097170966936,0,Very Low Risk
6445-TNRXS,68,Two year,114.7,7849.85,Fiber optic,Bank transfer (automatic),Premium (>$95),No,5671,0.03764179610042321,0,Very Low Risk
4581-LNWUM,13,Month-to-month,49.15,649.4,DSL,Electronic check,Medium ($35-65),No,3000,0.5292864473024951,1,Medium Risk
4869-EPIUS,56,One year,80.9,4557.5,Fiber optic,Electronic check,High ($65-95),No,5344,0.3656630063581144,0,Low Risk
1915-OAKWD,16,One year,19.3,360.35,No,Bank transfer (automatic),Low (<$35),No,2870,0.08768816628329434,0,Very Low Risk
7296-PIXQY,14,Month-to-month,70.2,1046.5,Fiber optic,Electronic check,High ($65-95),No,5819,0.24353214461385586,0,Very Low Risk
3354-OADJP,8,One year,54.25,447.75,DSL,Bank transfer (automatic),Medium ($35-65),No,2237,0.1179553849732814,0,Very Low Risk
3524-WQDSG,43,Month-to-month,99.3,4209.95,Fiber optic,Bank transfer (automatic),Premium (>$95),No,3280,0.19860826357413935,0,Very Low Risk
0810-DHDBD,52,One year,74.0,3877.65,DSL,Credit card (automatic),High ($65-95),No,5806,0.06104695355816331,0,Very Low Risk
4026-SKKHW,3,Month-to-month,50.25,152.3,DSL,Mailed check,Medium ($35-65),No,2166,0.43625889435268655,0,Low Risk
2829-HYVZP,29,One year,19.8,572.2,No,Mailed check,Low (<$35),No,5696,0.0490100030946729,0,Very Low Risk
3845-JHAMY,16,Month-to-month,35.5,552.7,DSL,Credit card (automatic),Medium ($35-65),No,2069,0.16157222808757277,0,Very Low Risk
7013-PSXHK,40,One year,80.75,3208.65,DSL,Mailed check,High ($65-95),No,2047,0.1840038435680135,0,Very Low Risk
3486-NPGST,36,One year,19.55,620.75,No,Mailed check,Low (<$35),No,2691,0.038635538173428616,0,Very Low Risk
6100-FJZDG,26,One year,20.05,505.9,No,Bank transfer (automatic),Low (<$35),No,2403,0.041635718647623755,0,Very Low Risk
4829-ZLJTK,72,Two year,112.4,8046.85,Fiber optic,Electronic check,Premium (>$95),No,6144,0.094739582854642,0,Very Low Risk
1730-VFMWO,34,Month-to-month,50.2,1815.3,DSL,Bank transfer (automatic),Medium ($35-65),No,4352,0.2130078864780793,0,Very Low Risk
7143-BQIBA,10,Month-to-month,62.25,612.95,DSL,Bank transfer (automatic),Medium ($35-65),No,3415,0.22734702398247986,0,Very Low Risk
3800-LYTRK,14,One year,55.7,795.15,DSL,Mailed check,Medium ($35-65),No,4978,0.08026935820191193,0,Very Low Risk
9646-NMHXE,47,Two year,19.65,973.1,No,Mailed check,Low (<$35),No,2021,0.02691822413579593,0,Very Low Risk
7030-NJVDP,24,Month-to-month,89.25,2210.2,Fiber optic,Electronic check,High ($65-95),No,5436,0.4640108026511762,0,Low Risk
8883-GRDWQ,20,One year,54.0,1055.9,DSL,Mailed check,Medium ($35-65),No,5090,0.1174403205884928,0,Very Low Risk
7771-ZONAT,22,Two year,56.75,1304.85,DSL,Bank transfer (automatic),Medium ($35-65),No,4574,0.08934919310386925,0,Very Low Risk
2111-DWYHN,1,Month-to-month,21.1,21.1,No,Mailed check,Low (<$35),No,2810,0.5019370737797468,1,Medium Risk
4194-WHFCB,59,Month-to-month,96.65,5580.8,Fiber optic,Bank transfer (automatic),Premium (>$95),No,5266,0.07994661896249479,0,Very Low Risk
4121-AGSIN,58,One year,24.5,1497.9,No,Credit card (automatic),Low (<$35),No,4455,0.0524849195249977,0,Very Low Risk
9845-PEEKO,59,Two year,79.2,4590.35,Fiber optic,Credit card (automatic),High ($65-95),No,5400,0.14053147991155515,0,Very Low Risk
0455-XFASS,3,Month-to-month,69.55,200.2,Fiber optic,Electronic check,High ($65-95),No,5998,0.3851509687279199,0,Low Risk
0301-KOBTQ,32,Two year,20.05,614.45,No,Bank transfer (automatic),Low (<$35),No,3398,0.03008455004834437,0,Very Low Risk
1751-NCDLI,46,Month-to-month,98.85,4564.9,Fiber optic,Electronic check,Premium (>$95),No,2641,0.7891729100994068,1,High Risk
4367-NUYAO,0,Two year,25.75,0.0,No,Mailed check,Low (<$35),No,4950,0.028181603995688878,0,Very Low Risk
9170-ARBTB,52,One year,19.6,1012.4,No,Credit card (automatic),Low (<$35),No,4848,0.045760503312810584,0,Very Low Risk
7241-AJHFS,32,Month-to-month,87.65,2766.4,Fiber optic,Bank transfer (automatic),High ($65-95),No,2426,0.19607553627202698,0,Very Low Risk
4546-FOKWR,16,Month-to-month,74.75,1129.35,Fiber optic,Credit card (automatic),High ($65-95),No,3574,0.6048749670252633,1,Medium Risk
9036-CSKBW,51,One year,107.45,5680.9,Fiber optic,Bank transfer (automatic),Premium (>$95),No,5446,0.2055398052195935,0,Very Low Risk
5832-TRLPB,29,One year,75.35,2243.9,DSL,Bank transfer (automatic),High ($65-95),No,4422,0.23143463372251127,0,Very Low Risk
8590-YFFQO,70,Two year,64.95,4523.25,DSL,Credit card (automatic),Medium ($35-65),No,5669,0.040501421488755414,0,Very Low Risk
8659-IOOPU,71,Two year,100.45,7159.7,Fiber optic,Electronic check,Premium (>$95),No,6171,0.01530020931800559,0,Very Low Risk
1338-CECEE,41,One year,68.5,2839.95,DSL,Bank transfer (automatic),High ($65-95),No,3877,0.11512170725187934,0,Very Low Risk
7439-DKZTW,1,Month-to-month,80.55,80.55,Fiber optic,Electronic check,High ($65-95),No,3154,0.8887155279161344,1,High Risk
4646-QZXTF,7,Month-to-month,81.25,580.1,DSL,Bank transfer (automatic),High ($65-95),No,5928,0.24492255884170597,0,Very Low Risk
9742-XOKTS,67,One year,89.55,6038.55,Fiber optic,Electronic check,High ($65-95),No,6194,0.04627087406337841,0,Very Low Risk
6921-OZMFH,5,Month-to-month,55.7,259.4,DSL,Mailed check,Medium ($35-65),No,3598,0.20789988524606415,0,Very Low Risk
9578-FOMUK,15,Month-to-month,24.8,324.15,No,Electronic check,Low (<$35),No,3965,0.098337245877127,0,Very Low Risk
4712-UYOOI,20,Month-to-month,20.0,417.65,No,Electronic check,Low (<$35),No,3402,0.11268738576206988,0,Very Low Risk
7722-CVFXN,54,One year,105.2,5637.85,Fiber optic,Electronic check,Premium (>$95),No,5546,0.13523937561566257,0,Very Low Risk
8717-VCTXJ,42,One year,19.55,839.4,No,Mailed check,Low (<$35),No,5293,0.04711060377945157,0,Very Low Risk
7363-QTBIW,9,Month-to-month,79.75,769.1,Fiber optic,Electronic check,High ($65-95),No,4654,0.8489537238877289,1,High Risk
4159-NAAIX,63,Two year,97.45,6253.0,Fiber optic,Bank transfer (automatic),Premium (>$95),No,4769,0.09257733895514746,0,Very Low Risk
0971-QIFJK,69,Two year,24.25,1641.8,No,Bank transfer (automatic),Low (<$35),No,4884,0.018093727072438056,0,Very Low Risk
9397-TZSHA,69,Two year,24.6,1678.05,No,Credit card (automatic),Low (<$35),No,5294,0.01112260439356554,0,Very Low Risk
3391-JSQEW,40,Month-to-month,50.15,2058.5,DSL,Mailed check,Medium ($35-65),No,2454,0.3309243652062688,0,Low Risk
0343-QLUZP,60,Two year,39.6,2424.5,DSL,Bank transfer (automatic),Medium ($35-65),No,5544,0.028159530294287527,0,Very Low Risk
2176-LVPNX,71,Two year,89.85,6293.45,DSL,Mailed check,High ($65-95),No,4994,0.038390546144645765,0,Very Low Risk
3312-UUMZW,32,Month-to-month,98.85,3145.9,Fiber optic,Credit card (automatic),Premium (>$95),No,3981,0.5747551773549407,1,Medium Risk
1271-UODNO,39,Two year,53.85,2200.7,DSL,Credit card (automatic),Medium ($35-65),No,2380,0.1564914610451546,0,Very Low Risk
8461-EFQYM,38,One year,24.25,914.4,No,Electronic check,Low (<$35),No,2997,0.024359732263822185,0,Very Low Risk
6900-RBKER,52,Two year,89.45,4577.75,Fiber optic,Credit card (automatic),High ($65-95),No,5386,0.17804111625485963,0,Very Low Risk
6891-JPYFF,48,Month-to-month,105.25,4997.5,Fiber optic,Credit card (automatic),Premium (>$95),No,4275,0.13184469575849297,0,Very Low Risk
1459-QNFQT,70,Two year,59.5,4144.8,DSL,Bank transfer (automatic),Medium ($35-65),No,4031,0.02362756363135256,0,Very Low Risk
1047-NNCBF,20,Month-to-month,70.55,1493.55,Fiber optic,Credit card (automatic),High ($65-95),No,5790,0.3781559000213828,0,Low Risk
3696-XRIEN,50,One year,82.5,4179.1,DSL,Credit card (automatic),High ($65-95),No,5258,0.10956311787556432,0,Very Low Risk
0074-HDKDG,25,One year,61.6,1611.0,DSL,Bank transfer (automatic),Medium ($35-65),No,3807,0.14708032681354127,0,Very Low Risk
8791-GFXLZ,12,Month-to-month,49.05,593.05,DSL,Bank transfer (automatic),Medium ($35-65),No,4244,0.4366850758636087,0,Low Risk
9330-DHBFL,23,One year,66.25,1533.8,DSL,Mailed check,High ($65-95),No,2072,0.09420572694638947,0,Very Low Risk
0098-BOWSO,27,Month-to-month,19.4,529.8,No,Electronic check,Low (<$35),No,3792,0.12926423430119596,0,Very Low Risk
3452-ABWRL,47,Month-to-month,86.05,3865.6,Fiber optic,Credit card (automatic),High ($65-95),No,5527,0.48850311707593996,0,Low Risk
5859-HZYLF,26,Two year,19.15,515.75,No,Credit card (automatic),Low (<$35),No,4347,0.009999291530007209,0,Very Low Risk
3156-QLHBO,2,Month-to-month,19.25,48.35,No,Mailed check,Low (<$35),No,4725,0.15193516849169622,0,Very Low Risk
2208-NQBCT,26,Month-to-month,81.95,2070.05,Fiber optic,Electronic check,High ($65-95),No,2817,0.14109633991509443,0,Very Low Risk
1779-PWPMG,72,Two year,114.65,8333.95,Fiber optic,Bank transfer (automatic),Premium (>$95),No,5408,0.04353451463596944,0,Very Low Risk
6621-NRZAK,63,Two year,20.0,1209.25,No,Credit card (automatic),Low (<$35),No,5975,0.0008494024491565028,0,Very Low Risk
0831-JNISG,71,Two year,19.8,1396.25,No,Mailed check,Low (<$35),No,5406,0.002622749358281971,0,Very Low Risk
0774-IFUVM,11,Month-to-month,65.15,723.35,DSL,Bank transfer (automatic),High ($65-95),No,5942,0.1263981033804127,0,Very Low Risk
3082-WQRVY,14,One year,19.65,228.65,No,Mailed check,Low (<$35),No,2962,0.11188287952261568,0,Very Low Risk
9553-DLCLU,13,Two year,88.95,1161.75,DSL,Credit card (automatic),High ($65-95),No,5407,0.06849508818573105,0,Very Low Risk
1641-BYBTK,6,Month-to-month,20.2,98.35,No,Mailed check,Low (<$35),No,3478,0.10153494150415802,0,Very Low Risk
2460-NGXBJ,11,Month-to-month,75.2,775.3,Fiber optic,Credit card (automatic),High ($65-95),No,5193,0.18333400514745107,0,Very Low Risk
2446-ZKVAF,18,Month-to-month,56.8,1074.65,DSL,Credit card (automatic),Medium ($35-65),No,5558,0.2778165182178298,0,Low Risk
3522-CDKHF,32,Month-to-month,75.5,2324.7,Fiber optic,Bank transfer (automatic),High ($65-95),No,3131,0.40982229149354166,0,Low Risk
1430-SFQSA,29,One year,35.6,1072.6,DSL,Mailed check,Medium ($35-65),No,3898,0.06831178310039704,0,Very Low Risk
0411-EZJZE,3,Month-to-month,60.25,170.5,DSL,Electronic check,Medium ($35-65),No,4830,0.6595850404552389,1,Medium Risk
8807-ARQET,41,Month-to-month,40.35,1677.85,DSL,Electronic check,Medium ($35-65),No,2454,0.42642441369899275,0,Low Risk
8992-CEUEN,1,Month-to-month,18.85,18.85,No,Electronic check,Low (<$35),No,5084,0.41694348252855673,0,Low Risk
4320-QMLLA,7,Month-to-month,54.85,370.4,DSL,Mailed check,Medium ($35-65),No,3481,0.44147267200301515,0,Low Risk
8777-PVYGU,52,One year,64.3,3410.6,DSL,Mailed check,Medium ($35-65),No,4405,0.10906264908994436,0,Very Low Risk
8292-ITGYJ,45,Two year,24.65,1138.8,No,Bank transfer (automatic),Low (<$35),No,3043,0.01692720885325817,0,Very Low Risk
6870-ZWMNX,70,Two year,76.1,5264.25,DSL,Credit card (automatic),High ($65-95),No,5115,0.037591873809687856,0,Very Low Risk
0621-CXBKL,53,Two year,18.7,1005.7,No,Mailed check,Low (<$35),No,4116,0.042215257389748934,0,Very Low Risk
5268-DSMNQ,62,One year,97.95,5936.55,Fiber optic,Credit card (automatic),Premium (>$95),No,5428,0.21641983415483185,0,Very Low Risk
5334-JLAXU,60,Month-to-month,94.1,5475.9,Fiber optic,Credit card (automatic),High ($65-95),No,5267,0.32755539031906056,0,Low Risk
6242-MBHPK,23,Month-to-month,95.1,2326.05,Fiber optic,Electronic check,Premium (>$95),No,4025,0.6253320375623713,1,Medium Risk
9359-UGBTK,67,One year,72.35,4991.5,DSL,Bank transfer (automatic),High ($65-95),No,4910,0.12170107440180242,0,Very Low Risk
4782-OSFXZ,71,Two year,82.7,5831.2,DSL,Bank transfer (automatic),High ($65-95),No,5089,0.021827745181610635,0,Very Low Risk
6479-OAUSD,25,One year,19.9,510.8,No,Credit card (automatic),Low (<$35),No,2130,0.036498319745351934,0,Very Low Risk
7129-ACFOG,5,Month-to-month,53.8,283.95,DSL,Electronic check,Medium ($35-65),No,2182,0.543483013184073,1,Medium Risk
4189-NAKJS,26,One year,51.55,1295.4,DSL,Credit card (automatic),Medium ($35-65),No,3130,0.22941494408919297,0,Very Low Risk
5562-BETPV,1,One year,19.65,19.65,No,Mailed check,Low (<$35),No,2539,0.23091607467444372,0,Very Low Risk
1282-IHQAC,70,One year,44.05,3011.65,DSL,Credit card (automatic),Medium ($35-65),No,4022,0.12125730254661074,0,Very Low Risk
9127-FHJBZ,72,Two year,114.0,8093.15,Fiber optic,Electronic check,Premium (>$95),No,4558,0.01657874315704165,0,Very Low Risk
1641-RQDAY,32,Month-to-month,100.4,3217.65,Fiber optic,Electronic check,Premium (>$95),No,4848,0.2433625809249784,0,Very Low Risk
6994-ORCWG,14,One year,54.25,773.2,DSL,Mailed check,Medium ($35-65),No,4423,0.2784290409371502,0,Low Risk
1346-UFHAX,13,Month-to-month,80.0,1029.35,Fiber optic,Credit card (automatic),High ($65-95),No,5577,0.4510248573571711,0,Low Risk
2933-XEUJM,46,Two year,79.2,3593.8,DSL,Mailed check,High ($65-95),No,2007,0.07068146422863379,0,Very Low Risk
5461-QKNTN,43,Month-to-month,94.3,3953.15,Fiber optic,Electronic check,High ($65-95),No,2040,0.5817527431038841,1,Medium Risk
4835-YSJMR,39,Two year,49.8,1971.15,DSL,Bank transfer (automatic),Medium ($35-65),No,2202,0.13933413932022745,0,Very Low Risk
3164-YAXFY,57,Month-to-month,53.75,3196.0,DSL,Electronic check,Medium ($35-65),No,5594,0.29306454919461794,0,Low Risk
0887-WBJVH,53,One year,93.45,4872.2,Fiber optic,Electronic check,High ($65-95),No,4700,0.2762290355159362,0,Low Risk
4660-IRIBM,18,Month-to-month,87.9,1500.5,Fiber optic,Mailed check,High ($65-95),No,5192,0.20114323157381483,0,Very Low Risk
7670-ZBPOQ,58,One year,61.05,3478.75,DSL,Bank transfer (automatic),Medium ($35-65),No,4411,0.05746019362434817,0,Very Low Risk
8089-UZWLX,71,Two year,104.05,7413.55,Fiber optic,Bank transfer (automatic),Premium (>$95),No,4113,0.16608242955695995,0,Very Low Risk
0080-OROZO,35,One year,99.25,3532.0,Fiber optic,Electronic check,Premium (>$95),No,3244,0.4921943434769642,0,Low Risk
3916-NRPAP,3,Month-to-month,85.7,256.75,Fiber optic,Credit card (automatic),High ($65-95),No,5806,0.5370233202134752,1,Medium Risk
6807-SIWJI,38,One year,104.85,3887.25,Fiber optic,Electronic check,Premium (>$95),No,2709,0.32646046984099975,0,Low Risk
8221-HVAYI,35,Two year,69.15,2490.15,DSL,Credit card (automatic),High ($65-95),No,3945,0.042489501227982486,0,Very Low Risk
5232-NXPAY,47,Two year,74.45,3510.3,DSL,Mailed check,High ($65-95),No,3459,0.06945344135208922,0,Very Low Risk
8967-SZQAS,14,Month-to-month,50.45,765.45,DSL,Electronic check,Medium ($35-65),No,3185,0.3623080493808212,0,Low Risk
4468-KAZHE,20,Month-to-month,60.0,1259.35,DSL,Electronic check,Medium ($35-65),No,2399,0.47171579226134597,0,Low Risk
0455-ENTCR,66,Two year,85.25,5538.35,DSL,Electronic check,High ($65-95),No,5012,0.0515574702319827,0,Very Low Risk
8944-AILEF,15,Month-to-month,19.45,340.85,No,Credit card (automatic),Low (<$35),No,2483,0.14809907686571683,0,Very Low Risk
5542-NKVRU,42,Two year,20.75,844.45,No,Bank transfer (automatic),Low (<$35),No,2574,0.029068795727993497,0,Very Low Risk
7126-RBHSD,17,Month-to-month,78.9,1348.95,Fiber optic,Electronic check,High ($65-95),No,2362,0.5007283652437329,1,Medium Risk
5370-IIVVL,37,One year,104.5,3778.0,Fiber optic,Credit card (automatic),Premium (>$95),No,4812,0.3388199734189465,0,Low Risk
6789-HJBWG,12,Month-to-month,49.4,611.65,DSL,Electronic check,Medium ($35-65),No,5007,0.4982984885811728,0,Low Risk
9087-EYCPR,60,Two year,25.0,1505.05,No,Mailed check,Low (<$35),No,6355,0.012431994844746658,0,Very Low Risk
6791-YBNAK,18,Month-to-month,25.55,467.85,DSL,Credit card (automatic),Low (<$35),No,4134,0.16165204736963404,0,Very Low Risk
6077-BDPXA,3,Month-to-month,70.15,194.2,Fiber optic,Electronic check,High ($65-95),No,2228,0.8647976442415896,1,High Risk
0013-MHZWF,9,Month-to-month,69.4,571.45,DSL,Credit card (automatic),High ($65-95),No,5108,0.27550856665018836,0,Low Risk
8268-YDIXR,56,One year,93.15,5253.95,Fiber optic,Electronic check,High ($65-95),No,4778,0.26939856438459,0,Low Risk
4291-SHSBH,7,Month-to-month,69.55,521.35,Fiber optic,Electronic check,High ($65-95),No,4704,0.8534898656536233,1,High Risk
6980-IMXXE,69,Two year,20.2,1412.65,No,Bank transfer (automatic),Low (<$35),No,5267,0.002707817596250822,0,Very Low Risk
0040-HALCW,54,Two year,20.4,1090.6,No,Credit card (automatic),Low (<$35),No,6393,0.0013628258938327483,0,Very Low Risk
0784-GTUUK,62,One year,23.75,1446.8,No,Credit card (automatic),Low (<$35),No,4811,0.02777098363362426,0,Very Low Risk
2294-DMMUS,62,Month-to-month,70.45,4300.45,DSL,Credit card (automatic),High ($65-95),No,5057,0.11175289719650248,0,Very Low Risk
0872-JCPIB,17,Month-to-month,65.75,1111.2,DSL,Bank transfer (automatic),High ($65-95),No,3921,0.22965104876873085,0,Very Low Risk
3055-MJDSB,9,Month-to-month,24.6,190.1,DSL,Mailed check,Low (<$35),No,2323,0.5387669484172608,1,Medium Risk
9091-WTUUY,64,Two year,69.25,4447.75,DSL,Mailed check,High ($65-95),No,4226,0.03714649474974561,0,Very Low Risk
7115-IRDHS,72,Two year,24.65,1830.05,No,Bank transfer (automatic),Low (<$35),No,5065,0.008918561564058812,0,Very Low Risk
8496-DMZUK,30,One year,90.4,2820.65,Fiber optic,Bank transfer (automatic),High ($65-95),No,3171,0.12584178943898539,0,Very Low Risk
2040-VZIKE,49,Month-to-month,100.85,4847.35,Fiber optic,Mailed check,Premium (>$95),No,5417,0.3841704570022006,0,Low Risk
9068-VPWQQ,61,Two year,75.35,4729.3,DSL,Credit card (automatic),High ($65-95),No,6466,0.043553361824454996,0,Very Low Risk
0178-SZBHO,47,Month-to-month,87.2,4017.45,Fiber optic,Electronic check,High ($65-95),No,3760,0.152364313371944,0,Very Low Risk
0384-RVBPI,20,Month-to-month,64.4,1398.6,DSL,Credit card (automatic),Medium ($35-65),No,2120,0.2031026767790452,0,Very Low Risk
1299-AURJA,70,Two year,24.7,1685.9,No,Bank transfer (automatic),Low (<$35),No,5907,0.0021078741136248548,0,Very Low Risk
4525-VZCZG,54,One year,105.85,5826.65,Fiber optic,Electronic check,Premium (>$95),No,5915,0.10418124276500434,0,Very Low Risk
1543-LLLFT,61,One year,98.3,6066.55,Fiber optic,Mailed check,Premium (>$95),No,5413,0.19610729968422658,0,Very Low Risk
2788-CJQAQ,13,One year,19.45,270.2,No,Mailed check,Low (<$35),No,3799,0.03565349924183998,0,Very Low Risk
0319-QZTCO,3,Month-to-month,58.7,168.6,DSL,Credit card (automatic),Medium ($35-65),No,3654,0.24712646400001653,0,Very Low Risk
2120-SMPEX,25,Month-to-month,20.15,536.35,No,Mailed check,Low (<$35),No,3848,0.18289901975193168,0,Very Low Risk
0096-FCPUF,30,Month-to-month,64.5,1888.45,DSL,Mailed check,Medium ($35-65),No,5039,0.22383844775072365,0,Very Low Risk
0668-OGMHD,21,Month-to-month,28.5,629.35,DSL,Electronic check,Low (<$35),No,3766,0.4457031506029975,0,Low Risk
6507-ZJSUR,23,Month-to-month,90.45,2117.25,Fiber optic,Electronic check,High ($65-95),No,5272,0.7715869514560143,1,High Risk
9408-HRXRK,45,Month-to-month,105.15,4730.9,Fiber optic,Electronic check,Premium (>$95),No,5915,0.15229446700055277,0,Very Low Risk
5593-SUAOO,24,One year,83.15,2033.05,Fiber optic,Bank transfer (automatic),High ($65-95),No,2404,0.061226318447428874,0,Very Low Risk
6766-HFKLA,56,Two year,103.2,5744.35,Fiber optic,Bank transfer (automatic),Premium (>$95),No,4534,0.14700191258258063,0,Very Low Risk
7617-EYGLW,1,Month-to-month,19.45,19.45,No,Electronic check,Low (<$35),No,5820,0.3392588837460378,0,Low Risk
9220-ZNKJI,55,Two year,88.8,4805.3,Fiber optic,Credit card (automatic),High ($65-95),No,4291,0.12830612089386093,0,Very Low Risk
2226-ICFDO,72,Two year,85.9,6110.75,DSL,Credit card (automatic),High ($65-95),No,6361,0.018465215667638587,0,Very Low Risk
0723-VSOBE,45,One year,34.2,1596.6,DSL,Electronic check,Low (<$35),No,5715,0.22935099918466534,0,Very Low Risk
5529-GIBVH,47,Two year,20.15,1046.2,No,Mailed check,Low (<$35),No,2618,0.03342041259540475,0,Very Low Risk
9992-UJOEL,2,Month-to-month,50.3,92.75,DSL,Mailed check,Medium ($35-65),No,5870,0.6426087186945507,1,Medium Risk
4741-WWJQZ,2,Month-to-month,80.15,194.55,Fiber optic,Electronic check,High ($65-95),No,5251,0.5639517103483781,1,Medium Risk
6625-UTXEW,12,Month-to-month,51.25,612.1,DSL,Electronic check,Medium ($35-65),No,3097,0.4849877889297479,0,Low Risk
6244-BESBM,69,Two year,95.2,6671.7,Fiber optic,Credit card (automatic),Premium (>$95),No,6166,0.03305525765605453,0,Very Low Risk
1004-NOZNR,56,One year,94.8,5264.3,Fiber optic,Credit card (automatic),High ($65-95),No,5693,0.07229742299617409,0,Very Low Risk
1251-STYSZ,4,Month-to-month,80.25,303.7,Fiber optic,Electronic check,High ($65-95),No,3828,0.6377948096041998,1,Medium Risk
2612-PHGOX,64,Two year,76.1,4818.8,DSL,Bank transfer (automatic),High ($65-95),No,4222,0.044012081091299574,0,Very Low Risk
8480-PPONV,62,Two year,115.55,7159.05,Fiber optic,Bank transfer (automatic),Premium (>$95),No,6349,0.03361797198321596,0,Very Low Risk
8780-IHCRN,63,Two year,24.65,1574.5,No,Credit card (automatic),Low (<$35),No,4392,0.005562997645089139,0,Very Low Risk
4598-ZADCK,53,One year,53.6,2879.2,DSL,Electronic check,Medium ($35-65),No,5183,0.10199921577290665,0,Very Low Risk
1257-SXUXQ,5,Month-to-month,19.45,86.05,No,Mailed check,Low (<$35),No,4573,0.13907630588963107,0,Very Low Risk
9681-KYGYB,49,Month-to-month,88.2,4159.45,Fiber optic,Electronic check,High ($65-95),No,5987,0.3745566020581932,0,Low Risk
7182-OVLBJ,62,Two year,101.15,6638.35,Fiber optic,Bank transfer (automatic),Premium (>$95),No,5735,0.058712025379625776,0,Very Low Risk
5095-ETBRJ,55,Two year,56.8,3112.05,DSL,Mailed check,Medium ($35-65),No,4702,0.017592504937428043,0,Very Low Risk
7005-CYUIL,71,Two year,99.4,7168.25,Fiber optic,Electronic check,Premium (>$95),No,4964,0.057468796974530514,0,Very Low Risk
4821-WQOYN,72,Two year,20.1,1326.25,No,Credit card (automatic),Low (<$35),No,4603,0.0017256237623425015,0,Very Low Risk
4730-AWNAU,36,One year,60.7,2234.55,DSL,Credit card (automatic),Medium ($35-65),No,3671,0.0789066996495344,0,Very Low Risk
3452-FLHYD,25,One year,20.95,495.15,No,Bank transfer (automatic),Low (<$35),No,5682,0.043536117298722775,0,Very Low Risk
2388-LAESQ,72,Two year,114.85,8317.95,Fiber optic,Bank transfer (automatic),Premium (>$95),No,4796,0.04060381698164228,0,Very Low Risk
9531-NSBMR,36,One year,19.25,679.8,No,Bank transfer (automatic),Low (<$35),No,4904,0.04042656154607509,0,Very Low Risk
6260-ONULR,1,Month-to-month,62.8,62.8,DSL,Mailed check,Medium ($35-65),No,2438,0.6402671647777641,1,Medium Risk
4389-UEFCZ,72,Two year,105.5,7544.0,Fiber optic,Electronic check,Premium (>$95),No,5551,0.1705213715134292,0,Very Low Risk
8711-LOBKY,59,Two year,19.85,1188.25,No,Mailed check,Low (<$35),No,6144,0.003053151733183314,0,Very Low Risk
8985-OOPOS,1,One year,74.1,74.1,DSL,Credit card (automatic),High ($65-95),No,2900,0.2724537630291627,0,Low Risk
8800-ZKRFW,30,Month-to-month,107.5,3242.5,Fiber optic,Electronic check,Premium (>$95),No,3094,0.1942186522986292,0,Very Low Risk
2616-FLVQC,64,Two year,19.55,1240.15,No,Mailed check,Low (<$35),No,6036,0.03569335690798185,0,Very Low Risk
9968-FFVVH,63,One year,68.8,4111.35,DSL,Bank transfer (automatic),High ($65-95),No,5082,0.06209576367718293,0,Very Low Risk
3108-PCCGG,72,Two year,84.45,5899.85,DSL,Credit card (automatic),High ($65-95),No,5856,0.04569496166882669,0,Very Low Risk
8390-FESFV,62,Two year,84.5,5193.2,DSL,Bank transfer (automatic),High ($65-95),No,5466,0.01811794102470223,0,Very Low Risk
3022-BEXHZ,67,Two year,111.2,7530.8,Fiber optic,Bank transfer (automatic),Premium (>$95),No,6060,0.054219003028838746,0,Very Low Risk
6248-TKCQV,70,Two year,80.6,5460.2,DSL,Bank transfer (automatic),High ($65-95),No,5880,0.054396208005542256,0,Very Low Risk
6729-GDNGC,20,Month-to-month,80.7,1614.2,Fiber optic,Bank transfer (automatic),High ($65-95),No,3111,0.4836610730299338,0,Low Risk
6198-ZFIOJ,5,Month-to-month,75.6,402.5,Fiber optic,Electronic check,High ($65-95),No,3469,0.7558511193218898,1,High Risk
5989-OMNJE,24,One year,57.6,1367.75,DSL,Electronic check,Medium ($35-65),No,5623,0.25524095182018713,0,Low Risk
1291-CUOCY,72,Two year,110.6,7962.2,Fiber optic,Credit card (automatic),Premium (>$95),No,5444,0.12437879063142802,0,Very Low Risk
9795-SHUHB,66,Two year,58.2,3810.8,DSL,Credit card (automatic),Medium ($35-65),No,5313,0.04130384736214376,0,Very Low Risk
3230-IUALN,45,Two year,81.0,3533.6,DSL,Mailed check,High ($65-95),No,2934,0.04996321760531114,0,Very Low Risk
0042-RLHYP,69,Two year,19.7,1396.9,No,Bank transfer (automatic),Low (<$35),No,4131,0.0037873630507962762,0,Very Low Risk
4945-RVMTE,28,Month-to-month,59.55,1646.45,DSL,Bank transfer (automatic),Medium ($35-65),No,3354,0.40864673766845633,0,Low Risk
1866-NXPSP,36,One year,75.55,2680.15,DSL,Mailed check,High ($65-95),No,3235,0.11848603200599438,0,Very Low Risk
3941-XTSKM,42,One year,45.1,2049.05,DSL,Credit card (automatic),Medium ($35-65),No,3844,0.2399788432778741,0,Very Low Risk
1661-CZBAU,48,One year,70.95,3629.2,DSL,Bank transfer (automatic),High ($65-95),No,2667,0.09806290407867324,0,Very Low Risk
5158-RIVOP,11,Two year,20.9,202.3,No,Credit card (automatic),Low (<$35),No,5359,0.02966182823111756,0,Very Low Risk
9788-YTFGE,7,Month-to-month,19.95,147.5,No,Mailed check,Low (<$35),No,3331,0.23662968747801433,0,Very Low Risk
9277-JOOMO,3,Month-to-month,24.6,86.35,No,Mailed check,Low (<$35),No,5756,0.24670625485202544,0,Very Low Risk
1907-YLNYW,8,Month-to-month,66.7,579.0,DSL,Electronic check,High ($65-95),No,4490,0.43874145990779617,0,Low Risk
8947-YRTDV,32,One year,94.8,3131.55,Fiber optic,Mailed check,High ($65-95),No,5288,0.0524003069647096,0,Very Low Risk
3161-ONRWK,60,One year,65.85,3928.3,DSL,Bank transfer (automatic),High ($65-95),No,4053,0.07353668774317253,0,Very Low Risk
0114-RSRRW,10,Month-to-month,19.95,187.75,No,Bank transfer (automatic),Low (<$35),No,3831,0.24718712199993947,0,Very Low Risk
4565-NLZBV,71,Two year,24.65,1710.15,No,Bank transfer (automatic),Low (<$35),No,4015,0.011639119319036948,0,Very Low Risk
6682-VCIXC,43,One year,51.25,2151.6,DSL,Bank transfer (automatic),Medium ($35-65),No,5656,0.1051603680955652,0,Very Low Risk
6475-VHUIZ,23,Month-to-month,54.25,1221.55,DSL,Electronic check,Medium ($35-65),No,5140,0.3179946237894654,0,Low Risk
3910-MRQOY,72,Two year,19.4,1496.45,No,Bank transfer (automatic),Low (<$35),No,5398,0.022547642110905097,0,Very Low Risk
0661-WCQNQ,22,One year,56.25,1292.2,DSL,Credit card (automatic),Medium ($35-65),No,3733,0.11490138222058321,0,Very Low Risk
7537-RBWEA,1,Month-to-month,25.15,25.15,DSL,Mailed check,Low (<$35),No,3513,0.7155551720333512,1,Medium Risk
4656-CAURT,69,Two year,23.95,1713.1,No,Bank transfer (automatic),Low (<$35),No,6059,0.019766300933803646,0,Very Low Risk
0121-SNYRK,50,One year,35.4,1748.9,DSL,Mailed check,Medium ($35-65),No,5052,0.07694586423921489,0,Very Low Risk
3733-LSYCE,15,Month-to-month,75.35,1114.55,Fiber optic,Bank transfer (automatic),High ($65-95),No,4891,0.4359869156513389,0,Low Risk
6265-FRMTQ,31,Two year,20.4,609.1,No,Bank transfer (automatic),Low (<$35),No,5363,0.030657173343752696,0,Very Low Risk
1371-DWPAZ,0,Two year,56.05,0.0,DSL,Credit card (automatic),Medium ($35-65),No,4740,0.08620144591605404,0,Very Low Risk
2017-CCBLH,8,Two year,20.0,141.6,No,Mailed check,Low (<$35),No,3087,0.11713617436563428,0,Very Low Risk
7690-KPNCU,64,One year,73.05,4688.65,DSL,Credit card (automatic),High ($65-95),No,4515,0.14269761053611568,0,Very Low Risk
0536-BGFMZ,28,Month-to-month,20.5,563.05,No,Mailed check,Low (<$35),No,5145,0.16425756922516807,0,Very Low Risk
2293-IJWPS,57,One year,100.75,5985.0,Fiber optic,Credit card (automatic),Premium (>$95),No,6354,0.336338132188754,0,Low Risk
5469-NUJUR,19,Two year,19.95,373.5,No,Mailed check,Low (<$35),No,2831,0.047343034258341986,0,Very Low Risk
2625-TRCZQ,51,Month-to-month,49.65,2553.35,DSL,Electronic check,Medium ($35-65),No,5528,0.4566450199016612,0,Low Risk
4102-HLENU,67,Two year,65.65,4322.85,DSL,Mailed check,High ($65-95),No,5441,0.03182846907152559,0,Very Low Risk
7266-GSSJX,11,Month-to-month,20.45,250.8,No,Electronic check,Low (<$35),No,2606,0.10495261996964932,0,Very Low Risk
7722-VJRQD,72,Two year,60.95,4549.05,DSL,Bank transfer (automatic),Medium ($35-65),No,4147,0.019187267885183903,0,Very Low Risk
7073-QETQY,66,One year,20.35,1359.5,No,Electronic check,Low (<$35),No,4845,0.04028381220606984,0,Very Low Risk
5624-RYAMH,9,Month-to-month,19.5,178.85,No,Electronic check,Low (<$35),No,4283,0.19639583881300077,0,Very Low Risk
0196-JTUQI,9,Month-to-month,75.2,633.85,Fiber optic,Credit card (automatic),High ($65-95),No,5841,0.6574590101531176,1,Medium Risk
7130-YXBRO,48,Month-to-month,111.45,5315.1,Fiber optic,Bank transfer (automatic),Premium (>$95),No,2319,0.4101141678146115,0,Low Risk
9272-LSVYH,10,Month-to-month,70.15,735.5,Fiber optic,Mailed check,High ($65-95),No,3963,0.529978056162867,1,Medium Risk
3084-DOWLE,72,Two year,92.0,6474.4,DSL,Bank transfer (automatic),High ($65-95),No,6434,0.007284060195164069,0,Very Low Risk
1084-MNSMJ,51,Two year,85.5,4421.95,DSL,Credit card (automatic),High ($65-95),No,6261,0.023144378332550664,0,Very Low Risk
4238-HFHSN,61,Month-to-month,82.15,4904.85,Fiber optic,Electronic check,High ($65-95),No,4250,0.5549941139877328,1,Medium Risk
6250-CGGUN,54,One year,84.4,4484.05,Fiber optic,Electronic check,High ($65-95),No,4154,0.09459420624707572,0,Very Low Risk
5478-JJVZK,33,Month-to-month,60.9,2033.85,DSL,Mailed check,Medium ($35-65),No,3009,0.21158764247264478,0,Very Low Risk
7596-IIWYC,27,Two year,20.25,538.2,No,Bank transfer (automatic),Low (<$35),No,5250,0.047193199683947286,0,Very Low Risk
9793-WECQC,23,Month-to-month,95.3,2192.9,Fiber optic,Mailed check,Premium (>$95),No,5029,0.39728231871952974,0,Low Risk
4291-HPAXL,1,Month-to-month,19.85,19.85,No,Mailed check,Low (<$35),No,4840,0.43659933492727426,0,Low Risk
8999-YPYBV,45,Two year,84.35,3858.05,DSL,Mailed check,High ($65-95),No,3403,0.04166162188900352,0,Very Low Risk
1839-FBNFR,39,Two year,19.85,854.8,No,Bank transfer (automatic),Low (<$35),No,3032,0.008618534721909215,0,Very Low Risk
3071-MVJCD,72,Two year,82.3,5815.15,DSL,Bank transfer (automatic),High ($65-95),No,4162,0.016166596612306173,0,Very Low Risk
1697-BCSHV,58,Month-to-month,66.8,3970.4,DSL,Bank transfer (automatic),High ($65-95),No,6433,0.0998348364354225,0,Very Low Risk
0562-KBDVM,70,Two year,44.6,3058.15,DSL,Bank transfer (automatic),Medium ($35-65),No,4442,0.01306851382308789,0,Very Low Risk
1131-SUEKT,61,One year,98.45,6145.2,Fiber optic,Bank transfer (automatic),Premium (>$95),No,4000,0.07830923227024206,0,Very Low Risk
3717-OEAUQ,2,Month-to-month,70.7,129.2,Fiber optic,Mailed check,High ($65-95),No,2388,0.7345210920219517,1,Medium Risk
4538-WNTMJ,46,One year,24.95,1165.9,No,Mailed check,Low (<$35),No,3979,0.03666866480387606,0,Very Low Risk
9432-RUVSL,48,Two year,102.5,4904.25,Fiber optic,Credit card (automatic),Premium (>$95),No,3262,0.1254885557596233,0,Very Low Risk
8060-HIWJJ,64,Two year,86.55,5632.55,DSL,Credit card (automatic),High ($65-95),No,4934,0.023707654121412517,0,Very Low Risk
7684-XSZIY,72,Two year,24.3,1643.25,No,Bank transfer (automatic),Low (<$35),No,5160,0.0017208151506567038,0,Very Low Risk
9089-UOWJG,12,Month-to-month,58.35,740.55,DSL,Credit card (automatic),Medium ($35-65),No,5068,0.1651647492801974,0,Very Low Risk
8039-ACLPL,72,Two year,68.75,4888.2,DSL,Credit card (automatic),High ($65-95),No,4505,0.03843066596518126,0,Very Low Risk
9885-AIBVB,29,Month-to-month,85.8,2440.25,Fiber optic,Electronic check,High ($65-95),No,2568,0.697980356370272,1,Medium Risk
1934-MKPXS,33,One year,20.1,620.55,No,Credit card (automatic),Low (<$35),No,3636,0.02591401234766705,0,Very Low Risk
2592-YKDIF,1,Month-to-month,20.35,20.35,No,Mailed check,Low (<$35),No,5774,0.5600947929025458,1,Medium Risk
2272-JKMSI,62,One year,110.8,6840.95,Fiber optic,Electronic check,Premium (>$95),No,4306,0.11132469346367559,0,Very Low Risk
8714-CTZJW,4,Month-to-month,82.85,319.6,Fiber optic,Credit card (automatic),High ($65-95),No,3154,0.6579088402226012,1,Medium Risk
3569-EDBPQ,24,Month-to-month,84.35,1938.05,Fiber optic,Electronic check,High ($65-95),No,2198,0.5329074417158766,1,Medium Risk
3131-NWVFJ,14,One year,19.55,294.5,No,Mailed check,Low (<$35),No,5620,0.057987431484637045,0,Very Low Risk
7521-YXVZY,3,Month-to-month,19.95,58.3,No,Mailed check,Low (<$35),No,4430,0.16670515830601523,0,Very Low Risk
2373-NTKOD,8,Month-to-month,66.25,546.45,DSL,Electronic check,High ($65-95),No,3026,0.6514314940058644,1,Medium Risk
1970-KKFWL,35,Two year,23.3,797.1,No,Bank transfer (automatic),Low (<$35),No,2416,0.05995389523224966,0,Very Low Risk
9337-SRRNI,66,Two year,25.3,1673.8,No,Credit card (automatic),Low (<$35),No,6019,0.013408339819742342,0,Very Low Risk
0895-UADGO,8,Two year,44.55,343.45,DSL,Mailed check,Medium ($35-65),No,5489,0.11176032905987729,0,Very Low Risk
5678-VFNEQ,71,One year,104.1,7412.25,Fiber optic,Credit card (automatic),Premium (>$95),No,4695,0.23371337347806218,0,Very Low Risk
5977-CKHON,43,Month-to-month,92.55,4039.0,Fiber optic,Bank transfer (automatic),High ($65-95),No,3853,0.15118335263914484,0,Very Low Risk
2692-BUCFV,29,Month-to-month,101.45,2948.6,Fiber optic,Bank transfer (automatic),Premium (>$95),No,5285,0.541243994083496,1,Medium Risk
1830-GGFNM,65,Two year,94.55,6078.75,Fiber optic,Credit card (automatic),High ($65-95),No,4603,0.033490282223296426,0,Very Low Risk
5302-BDJNT,35,Month-to-month,95.5,3418.2,Fiber optic,Electronic check,Premium (>$95),No,3715,0.43683526483680013,0,Low Risk
5223-UZAVK,64,One year,100.3,6603.8,Fiber optic,Credit card (automatic),Premium (>$95),No,4986,0.22403110773933385,0,Very Low Risk
4859-ZSRDZ,58,Two year,55.5,3166.9,DSL,Credit card (automatic),Medium ($35-65),No,4080,0.030581382544125946,0,Very Low Risk
5651-WYIPH,18,Month-to-month,49.85,865.75,DSL,Credit card (automatic),Medium ($35-65),No,3283,0.39952840649885124,0,Low Risk
9350-VLHMB,67,Month-to-month,89.55,6373.1,Fiber optic,Bank transfer (automatic),High ($65-95),No,6111,0.1290597572557264,0,Very Low Risk
3498-LZGQZ,63,Two year,19.15,1177.05,No,Mailed check,Low (<$35),No,6373,0.006116199873128957,0,Very Low Risk
8785-CJSHH,60,Month-to-month,99.8,5985.75,Fiber optic,Electronic check,Premium (>$95),No,6213,0.6705089148672261,1,Medium Risk
3870-SPZSI,70,Two year,113.05,7869.05,Fiber optic,Credit card (automatic),Premium (>$95),No,4203,0.023714969759421844,0,Very Low Risk
7560-QRBXH,48,One year,19.95,936.7,No,Mailed check,Low (<$35),No,3396,0.03838118549493325,0,Very Low Risk
7077-XJMET,12,Month-to-month,74.15,741.4,DSL,Electronic check,High ($65-95),No,5426,0.44922929543325063,0,Low Risk
8752-GHJFU,71,One year,92.0,6585.2,Fiber optic,Electronic check,High ($65-95),No,4322,0.16790164598906235,0,Very Low Risk
6896-SRVYQ,44,Month-to-month,73.85,3122.4,Fiber optic,Electronic check,High ($65-95),No,4374,0.48019104605832935,0,Low Risk
4652-ODEVH,45,Two year,24.45,1088.25,No,Mailed check,Low (<$35),No,3586,0.006520771154370829,0,Very Low Risk
6510-UPNKS,23,One year,24.8,615.35,No,Credit card (automatic),Low (<$35),No,4402,0.078802218131787,0,Very Low Risk
6718-BDGHG,43,One year,64.85,2908.2,DSL,Bank transfer (automatic),Medium ($35-65),No,4000,0.1639782408508065,0,Very Low Risk
9046-DQMTP,35,Month-to-month,20.75,739.9,No,Bank transfer (automatic),Low (<$35),No,5876,0.12868452268980937,0,Very Low Risk
6439-LAJXL,9,Month-to-month,68.95,593.85,DSL,Mailed check,High ($65-95),No,2452,0.2181284463811777,0,Very Low Risk
9052-VKDUW,65,Month-to-month,109.4,7227.45,Fiber optic,Credit card (automatic),Premium (>$95),No,4452,0.27734035865838563,0,Low Risk
1666-JZPZT,27,Month-to-month,49.0,1291.35,DSL,Mailed check,Medium ($35-65),No,5428,0.2862267381436746,0,Low Risk
5777-KJIRB,40,One year,50.25,2023.55,DSL,Mailed check,Medium ($35-65),No,2449,0.2480228977117372,0,Very Low Risk
7677-SJJJK,8,One year,19.9,153.95,No,Credit card (automatic),Low (<$35),No,3152,0.08625872170874731,0,Very Low Risk
2480-EJWYP,58,One year,97.8,5458.8,Fiber optic,Bank transfer (automatic),Premium (>$95),No,6019,0.30907471798010366,0,Low Risk
3253-HKOKL,52,One year,100.3,5244.45,Fiber optic,Electronic check,Premium (>$95),No,4811,0.09655723098333166,0,Very Low Risk
7055-HNEOJ,3,Month-to-month,55.8,154.55,DSL,Mailed check,Medium ($35-65),No,2662,0.4077473427872214,0,Low Risk
5514-YQENT,41,Two year,111.15,4507.15,Fiber optic,Electronic check,Premium (>$95),No,5038,0.06748913619794764,0,Very Low Risk
3211-AAPKX,20,Month-to-month,98.55,2031.95,Fiber optic,Mailed check,Premium (>$95),No,3300,0.5480406538289566,1,Medium Risk
8445-DNBAE,1,Month-to-month,50.05,50.05,DSL,Electronic check,Medium ($35-65),No,5523,0.5698066065258142,1,Medium Risk
2958-NHPPS,23,Month-to-month,20.85,473.9,No,Electronic check,Low (<$35),No,4263,0.11898176499649697,0,Very Low Risk
6806-YDEUL,6,Month-to-month,19.5,106.8,No,Bank transfer (automatic),Low (<$35),No,3288,0.3128618249687687,0,Low Risk
1735-XMJVH,8,Month-to-month,19.35,152.6,No,Mailed check,Low (<$35),No,5416,0.0896635715788792,0,Very Low Risk
6890-PFRQX,18,Month-to-month,69.5,1199.4,DSL,Mailed check,High ($65-95),No,4466,0.20603579467842625,0,Very Low Risk
0222-CNVPT,52,Month-to-month,48.8,2555.05,DSL,Credit card (automatic),Medium ($35-65),No,4865,0.20048661700635637,0,Very Low Risk
5899-OUVKV,31,Month-to-month,94.5,2979.2,Fiber optic,Electronic check,High ($65-95),No,3949,0.6567078374789702,1,Medium Risk
8681-ICONS,29,Month-to-month,20.65,654.85,No,Mailed check,Low (<$35),No,4667,0.043457215069226056,0,Very Low Risk
1621-YNCJH,36,Two year,106.05,3834.4,Fiber optic,Credit card (automatic),Premium (>$95),No,4505,0.13639970550645203,0,Very Low Risk
6362-QHAFM,42,One year,108.3,4586.15,Fiber optic,Electronic check,Premium (>$95),No,5106,0.6156723935741871,1,Medium Risk
3070-BDOQC,60,Two year,99.65,5941.05,Fiber optic,Electronic check,Premium (>$95),No,4616,0.28990256294518174,0,Low Risk
6234-PFPXL,22,Month-to-month,95.9,2234.95,Fiber optic,Credit card (automatic),Premium (>$95),No,3207,0.4120525176132011,0,Low Risk
9824-QCJPK,36,One year,20.0,666.75,No,Mailed check,Low (<$35),No,4175,0.024684487969795752,0,Very Low Risk
4283-IVYCI,9,Month-to-month,64.95,547.8,DSL,Mailed check,Medium ($35-65),No,3013,0.20498943906234357,0,Very Low Risk
1866-OBPNR,1,Month-to-month,74.6,74.6,Fiber optic,Credit card (automatic),High ($65-95),No,5494,0.24388564937258603,0,Very Low Risk
8205-MQUGY,12,Month-to-month,49.2,571.15,DSL,Electronic check,Medium ($35-65),No,3582,0.29321497941325364,0,Low Risk
8970-ANWXO,23,One year,73.75,1756.6,DSL,Mailed check,High ($65-95),No,3483,0.20530735026211908,0,Very Low Risk
9480-BQJEI,62,One year,92.3,5731.45,Fiber optic,Bank transfer (automatic),High ($65-95),No,6468,0.2086884985417697,0,Very Low Risk
6979-TNDEU,8,Month-to-month,19.2,156.85,No,Mailed check,Low (<$35),No,2879,0.20568130525190356,0,Very Low Risk
9777-WJJPR,31,Month-to-month,88.65,2683.2,Fiber optic,Credit card (automatic),High ($65-95),No,4821,0.365734409588798,0,Low Risk
9495-SKLKD,45,Month-to-month,95.95,4456.65,Fiber optic,Bank transfer (automatic),Premium (>$95),No,5322,0.1492443087367784,0,Very Low Risk
6048-UWKAL,69,Two year,105.4,6998.95,Fiber optic,Credit card (automatic),Premium (>$95),No,5467,0.08144931727465661,0,Very Low Risk
5067-DGXLL,2,Month-to-month,20.25,36.8,No,Mailed check,Low (<$35),No,5736,0.32955799722654655,0,Low Risk
6281-FKEWS,44,One year,49.05,2265.0,DSL,Electronic check,Medium ($35-65),No,3910,0.34967929489520083,0,Low Risk
8898-KASCD,39,One year,35.55,1309.15,DSL,Mailed check,Medium ($35-65),No,3752,0.10104597157168534,0,Very Low Risk
9242-TKFSV,72,Two year,65.1,4754.3,DSL,Credit card (automatic),High ($65-95),No,4969,0.013753765956855528,0,Very Low Risk
9290-SHCMB,13,Month-to-month,96.85,1235.55,Fiber optic,Electronic check,Premium (>$95),No,3098,0.8106066343977177,1,High Risk
0743-HNPFG,51,One year,69.75,3562.5,DSL,Credit card (automatic),High ($65-95),No,5628,0.09756447629060022,0,Very Low Risk
2277-BKJKN,71,Two year,99.2,7213.75,Fiber optic,Electronic check,Premium (>$95),No,4951,0.2214396900486132,0,Very Low Risk
5035-PGZXH,56,One year,106.8,5914.4,Fiber optic,Electronic check,Premium (>$95),No,6161,0.4418224354456999,0,Low Risk
8695-WDYEA,1,Month-to-month,51.25,51.25,DSL,Mailed check,Medium ($35-65),No,4483,0.44960808549185743,0,Low Risk
6543-JXSOO,23,One year,57.75,1282.85,DSL,Mailed check,Medium ($35-65),No,3794,0.09277924132163198,0,Very Low Risk
8016-ZMGMO,66,One year,70.85,4738.85,DSL,Bank transfer (automatic),High ($65-95),No,5572,0.14725794794343405,0,Very Low Risk
8605-ITULD,1,Month-to-month,19.55,19.55,No,Mailed check,Low (<$35),No,5750,0.5474657505351191,1,Medium Risk
6416-YJTTB,11,Month-to-month,79.5,795.65,Fiber optic,Bank transfer (automatic),High ($65-95),No,2278,0.4271274826389974,0,Low Risk
4472-VESGY,52,Month-to-month,98.15,4993.4,Fiber optic,Bank transfer (automatic),Premium (>$95),No,5123,0.08239627268923877,0,Very Low Risk
3195-TQDZX,3,Month-to-month,20.25,61.45,No,Electronic check,Low (<$35),No,4050,0.15075985026174687,0,Very Low Risk
3128-YOVTD,51,Month-to-month,79.15,4018.55,Fiber optic,Bank transfer (automatic),High ($65-95),No,6321,0.09310761827311465,0,Very Low Risk
1728-CXQBE,64,Month-to-month,94.25,6081.4,Fiber optic,Electronic check,High ($65-95),No,6020,0.5768024012452113,1,Medium Risk
7041-TXQJH,37,Month-to-month,40.2,1478.85,DSL,Credit card (automatic),Medium ($35-65),No,5924,0.3771850721964151,0,Low Risk
5014-GSOUQ,13,Two year,19.95,243.65,No,Mailed check,Low (<$35),No,2884,0.05759003869474679,0,Very Low Risk
5724-BIDBU,49,One year,55.35,2633.95,DSL,Electronic check,Medium ($35-65),No,5601,0.2197778773165179,0,Very Low Risk
0481-SUMCB,45,One year,102.15,4735.35,Fiber optic,Bank transfer (automatic),Premium (>$95),No,5391,0.3552934360843994,0,Low Risk
1769-GRUIK,18,Month-to-month,71.1,1247.75,Fiber optic,Electronic check,High ($65-95),No,4911,0.7776923857637457,1,High Risk
8819-WFGGJ,68,Two year,54.1,3794.5,DSL,Bank transfer (automatic),Medium ($35-65),No,4601,0.08038376514034683,0,Very Low Risk
7427-AUFPY,54,Two year,19.65,1008.7,No,Credit card (automatic),Low (<$35),No,5708,0.034243399539799935,0,Very Low Risk
2811-POVEX,23,Month-to-month,88.45,2130.55,Fiber optic,Bank transfer (automatic),High ($65-95),No,3937,0.1719250753964431,0,Very Low Risk
7898-PDWQE,71,Two year,80.4,5727.15,DSL,Credit card (automatic),High ($65-95),No,5228,0.020206273187818074,0,Very Low Risk
9972-EWRJS,67,Two year,19.25,1372.9,No,Bank transfer (automatic),Low (<$35),No,5154,0.004068230575559335,0,Very Low Risk
9314-IJWSQ,14,Month-to-month,84.8,1203.9,Fiber optic,Electronic check,High ($65-95),No,2452,0.3273492428174139,0,Low Risk
5799-JRCZO,63,Two year,19.5,1215.1,No,Credit card (automatic),Low (<$35),No,4370,0.00789698250750805,0,Very Low Risk
1921-KYSAY,41,One year,68.6,2877.05,DSL,Electronic check,High ($65-95),No,4572,0.19998799843356335,0,Very Low Risk
6198-RTPMF,17,Month-to-month,92.6,1579.7,Fiber optic,Electronic check,High ($65-95),No,4756,0.6791998239280059,1,Medium Risk
2924-KHUVI,56,One year,100.55,5514.95,Fiber optic,Electronic check,Premium (>$95),No,4847,0.35522194756983105,0,Low Risk
1925-GMVBW,5,Month-to-month,20.55,96.1,No,Credit card (automatic),Low (<$35),No,5967,0.2367824308541202,0,Very Low Risk
6184-DYUOB,3,Month-to-month,19.6,55.25,No,Mailed check,Low (<$35),No,2941,0.30704092716912185,0,Low Risk
9207-ZPANB,37,One year,67.45,2443.3,DSL,Electronic check,High ($65-95),No,5042,0.0776095080236601,0,Very Low Risk
9327-QSDED,8,Month-to-month,43.55,335.4,DSL,Mailed check,Medium ($35-65),No,3266,0.4314199866176454,0,Low Risk
1656-DRSMG,63,Month-to-month,109.85,7002.95,Fiber optic,Credit card (automatic),Premium (>$95),No,5775,0.36252798253251656,0,Low Risk
3012-VFFMN,7,Month-to-month,20.65,158.95,No,Mailed check,Low (<$35),No,4058,0.09953768188938464,0,Very Low Risk
2984-AFWNC,3,Month-to-month,95.4,293.15,Fiber optic,Electronic check,Premium (>$95),No,2813,0.6460925650255005,1,Medium Risk
0640-YJTPY,72,Two year,21.0,1493.75,No,Bank transfer (automatic),Low (<$35),No,4974,0.002599052249874342,0,Very Low Risk
8096-LOIST,19,Month-to-month,56.2,1093.4,DSL,Electronic check,Medium ($35-65),No,3384,0.6294057019919291,1,Medium Risk
9764-REAFF,59,Two year,18.4,1057.85,No,Bank transfer (automatic),Low (<$35),No,4375,0.02194854630420783,0,Very Low Risk
7107-UBYKY,35,Month-to-month,25.75,882.55,No,Electronic check,Low (<$35),No,4194,0.04259189229386598,0,Very Low Risk
4881-GQJTW,14,Month-to-month,19.6,300.4,No,Credit card (automatic),Low (<$35),No,2847,0.1518199961908066,0,Very Low Risk
7876-DNYAP,69,Two year,19.8,1436.95,No,Credit card (automatic),Low (<$35),No,5423,0.0007312922129360304,0,Very Low Risk
7905-NJMXS,7,Month-to-month,64.2,475.0,DSL,Electronic check,Medium ($35-65),No,5116,0.2436125869255788,0,Very Low Risk
2882-WDTBA,69,Two year,75.75,5388.15,DSL,Bank transfer (automatic),High ($65-95),No,5839,0.021497500230667876,0,Very Low Risk
2091-GPPIQ,72,Two year,78.95,5730.15,DSL,Electronic check,High ($65-95),No,5050,0.07797632712556721,0,Very Low Risk
5071-FBJFS,4,Month-to-month,50.3,217.1,DSL,Electronic check,Medium ($35-65),No,3147,0.28435665653941045,0,Low Risk
2796-UUZZO,63,Month-to-month,80.3,4896.35,Fiber optic,Credit card (automatic),High ($65-95),No,5157,0.0709240070399965,0,Very Low Risk
2429-AYKKO,72,Two year,19.85,1434.1,No,Bank transfer (automatic),Low (<$35),No,4790,0.022682022932339375,0,Very Low Risk
9798-OPFEM,46,Two year,21.1,937.1,No,Electronic check,Low (<$35),No,4791,0.02262966106401588,0,Very Low Risk
3794-NFNCH,30,Month-to-month,50.0,1474.9,DSL,Mailed check,Medium ($35-65),No,4715,0.33846955179300586,0,Low Risk
5193-QLVZB,63,Two year,104.75,6536.5,Fiber optic,Bank transfer (automatic),Premium (>$95),No,5882,0.2325355907969768,0,Very Low Risk
7114-AEOZE,60,Two year,19.85,1128.1,No,Bank transfer (automatic),Low (<$35),No,6213,0.03029477729015706,0,Very Low Risk
5522-NYKPB,25,Month-to-month,85.9,2199.05,Fiber optic,Electronic check,High ($65-95),No,3153,0.12735489647214845,0,Very Low Risk
9957-YODKZ,6,Month-to-month,80.8,457.1,Fiber optic,Electronic check,High ($65-95),No,5611,0.8469403548015623,1,High Risk
6518-KZXCB,22,Two year,25.25,566.5,No,Mailed check,Low (<$35),No,3403,0.06819514096073397,0,Very Low Risk
2245-ADZFJ,31,Two year,80.55,2471.6,DSL,Bank transfer (automatic),High ($65-95),No,3491,0.07417860220352221,0,Very Low Risk
7776-QGYJC,39,Month-to-month,81.5,3107.3,Fiber optic,Bank transfer (automatic),High ($65-95),No,2042,0.1158946960114522,0,Very Low Risk
9313-QOLTZ,26,Month-to-month,20.9,518.3,No,Mailed check,Low (<$35),No,5895,0.14253064525444933,0,Very Low Risk
4672-FOTSD,12,Month-to-month,67.25,832.3,DSL,Electronic check,High ($65-95),No,4334,0.37871180280771627,0,Low Risk
9818-XQCUV,2,Month-to-month,20.35,45.3,No,Mailed check,Low (<$35),No,5994,0.34199249440388946,0,Low Risk
7338-ERIVA,39,One year,45.05,1790.6,DSL,Bank transfer (automatic),Medium ($35-65),No,4003,0.07690502685180228,0,Very Low Risk
8259-NFJTV,7,Month-to-month,34.65,246.6,DSL,Mailed check,Low (<$35),No,5996,0.1734222200118192,0,Very Low Risk
3223-DWFIO,4,Month-to-month,69.35,261.65,Fiber optic,Electronic check,High ($65-95),No,4140,0.7203901723839248,1,Medium Risk
6968-GMKPR,55,Month-to-month,81.55,4509.5,Fiber optic,Electronic check,High ($65-95),No,5167,0.5150720920325008,1,Medium Risk
4751-ERMAN,72,Two year,75.4,5480.25,DSL,Bank transfer (automatic),High ($65-95),No,4171,0.12304562470962085,0,Very Low Risk
1436-ZMJAN,10,Month-to-month,67.8,653.15,DSL,Credit card (automatic),High ($65-95),No,2709,0.42030996612569926,0,Low Risk
3292-PBZEJ,11,Month-to-month,111.4,1183.05,Fiber optic,Electronic check,Premium (>$95),No,3175,0.659888901211372,1,Medium Risk
0799-DDIHE,15,Month-to-month,46.3,639.45,DSL,Electronic check,Medium ($35-65),No,3103,0.23311340453981486,0,Very Low Risk
3070-FNFZQ,23,Two year,20.4,478.75,No,Bank transfer (automatic),Low (<$35),No,4698,0.0077807046779736315,0,Very Low Risk
2812-SFXMJ,1,Month-to-month,20.05,20.05,No,Mailed check,Low (<$35),No,4221,0.3957534965575195,0,Low Risk
5014-WUQMG,47,One year,96.1,4391.45,Fiber optic,Electronic check,Premium (>$95),No,5793,0.12106384255124433,0,Very Low Risk
5312-TSZVC,15,One year,19.65,270.6,No,Mailed check,Low (<$35),No,4818,0.06541160534277006,0,Very Low Risk
0993-OSGPT,68,One year,60.65,3975.9,DSL,Bank transfer (automatic),Medium ($35-65),No,6418,0.12316269103018357,0,Very Low Risk
7108-DGVUU,21,One year,71.7,1497.05,DSL,Bank transfer (automatic),High ($65-95),No,2784,0.17319147641047156,0,Very Low Risk
2782-JEEBU,21,Month-to-month,36.0,780.15,DSL,Mailed check,Medium ($35-65),No,3378,0.2808519864710623,0,Low Risk
5127-BZENZ,56,One year,65.2,3512.15,DSL,Bank transfer (automatic),High ($65-95),No,4775,0.06414224414832687,0,Very Low Risk
2720-FVBQP,6,Month-to-month,48.95,273.25,DSL,Credit card (automatic),Medium ($35-65),No,3061,0.32649862888202064,0,Low Risk
9906-NHHVC,65,Two year,53.5,3517.9,DSL,Bank transfer (automatic),Medium ($35-65),No,5693,0.18740591676138912,0,Very Low Risk
4522-XRWWI,42,One year,80.45,3375.9,DSL,Credit card (automatic),High ($65-95),No,4397,0.15173458576058205,0,Very Low Risk
3766-EJLFL,68,Two year,109.05,7508.55,Fiber optic,Bank transfer (automatic),Premium (>$95),No,6391,0.05854504666885313,0,Very Low Risk
5939-SXWHM,48,Two year,26.3,1245.05,No,Bank transfer (automatic),Low (<$35),No,2111,0.004867089243617103,0,Very Low Risk
8152-UOBNY,50,One year,106.8,5347.95,Fiber optic,Electronic check,Premium (>$95),No,5746,0.3735617661977242,0,Low Risk
7351-KYHQH,7,Month-to-month,64.95,493.65,DSL,Electronic check,Medium ($35-65),No,4615,0.4583133315094149,0,Low Risk
7643-RCHXS,63,Two year,19.35,1263.85,No,Electronic check,Low (<$35),No,4566,0.005027610817062767,0,Very Low Risk
8246-SHFGA,17,Month-to-month,21.1,385.55,No,Credit card (automatic),Low (<$35),No,2842,0.14766348370230678,0,Very Low Risk
0620-XEFWH,4,Month-to-month,18.85,84.2,No,Mailed check,Low (<$35),No,5279,0.11148471563456656,0,Very Low Risk
6485-QXWWE,62,Two year,26.0,1638.7,No,Bank transfer (automatic),Low (<$35),No,4535,0.0065268903959791805,0,Very Low Risk
7321-VGNKU,2,Month-to-month,70.35,120.25,Fiber optic,Electronic check,High ($65-95),No,4917,0.8337237350271423,1,High Risk
5327-CNLUQ,48,Two year,96.9,4473.45,Fiber optic,Bank transfer (automatic),Premium (>$95),No,2613,0.17579152427886954,0,Very Low Risk
7552-KEYGT,27,Two year,19.55,520.55,No,Bank transfer (automatic),Low (<$35),No,4430,0.04247509467114597,0,Very Low Risk
5816-JMLGY,70,Two year,80.4,5717.85,DSL,Bank transfer (automatic),High ($65-95),No,6367,0.03518832360157633,0,Very Low Risk
2927-QRRQV,46,One year,94.65,4312.5,Fiber optic,Electronic check,High ($65-95),No,4120,0.44180861335258415,0,Low Risk
6265-SXWBU,69,One year,95.75,6511.25,Fiber optic,Credit card (automatic),Premium (>$95),No,5561,0.059579042577794755,0,Very Low Risk
7941-RCJOW,65,Two year,19.55,1218.65,No,Credit card (automatic),Low (<$35),No,4309,0.024186201407909468,0,Very Low Risk
6374-NTQLP,72,Two year,104.1,7447.7,Fiber optic,Credit card (automatic),Premium (>$95),No,5092,0.024585363525761305,0,Very Low Risk
2387-KDZQY,17,One year,20.1,279.5,No,Mailed check,Low (<$35),No,2185,0.040522664243045466,0,Very Low Risk
3584-WKTTW,51,One year,111.55,5720.35,Fiber optic,Electronic check,Premium (>$95),No,4053,0.343258819738784,0,Low Risk
3399-BMLVW,51,Two year,60.5,3121.45,DSL,Credit card (automatic),Medium ($35-65),No,4994,0.027562956345565354,0,Very Low Risk
1971-DTCZB,72,Two year,90.95,6468.6,DSL,Bank transfer (automatic),High ($65-95),No,6091,0.009841186370389405,0,Very Low Risk
3374-PZLXD,34,Month-to-month,19.7,675.6,No,Mailed check,Low (<$35),No,4136,0.13595882616356378,0,Very Low Risk
3813-DHBBB,67,Two year,50.95,3521.7,DSL,Bank transfer (automatic),Medium ($35-65),No,6395,0.025989235911890906,0,Very Low Risk
2812-REYAT,49,One year,20.05,923.1,No,Bank transfer (automatic),Low (<$35),No,5579,0.08375341144447113,0,Very Low Risk
6518-PPLMZ,53,Two year,19.4,1110.35,No,Mailed check,Low (<$35),No,4497,0.01803416999888255,0,Very Low Risk
4939-KYYPY,27,Month-to-month,59.45,1611.65,DSL,Electronic check,Medium ($35-65),No,4818,0.19553106861366906,0,Very Low Risk
5930-GBIWP,69,Two year,81.5,5553.25,DSL,Credit card (automatic),High ($65-95),No,5286,0.02708259810633524,0,Very Low Risk
6022-KOUQO,2,Month-to-month,29.05,44.75,DSL,Bank transfer (automatic),Low (<$35),No,4998,0.25708276222186816,0,Low Risk
2361-UPSND,46,One year,70.6,3231.05,DSL,Mailed check,High ($65-95),No,5433,0.08345781703941205,0,Very Low Risk
6035-RIIOM,54,Two year,97.2,5129.45,Fiber optic,Bank transfer (automatic),Premium (>$95),No,4971,0.18218735429440078,0,Very Low Risk
9504-DSHWM,20,Month-to-month,59.2,1191.2,DSL,Bank transfer (automatic),Medium ($35-65),No,5924,0.1855353869777422,0,Very Low Risk
5035-BVCXS,11,Month-to-month,75.9,866.4,Fiber optic,Mailed check,High ($65-95),No,4278,0.6064753477507582,1,Medium Risk
6267-DCFFZ,30,Month-to-month,90.05,2627.2,Fiber optic,Electronic check,High ($65-95),No,3792,0.6949266131025038,1,Medium Risk
3533-UVMOM,68,Two year,70.95,4741.45,DSL,Bank transfer (automatic),High ($65-95),No,5036,0.02583579167796858,0,Very Low Risk
2439-LYPMQ,38,Month-to-month,102.6,4009.2,Fiber optic,Electronic check,Premium (>$95),No,5469,0.7433828161153339,1,Medium Risk
1478-VPOAD,1,Month-to-month,43.8,43.8,DSL,Electronic check,Medium ($35-65),No,4633,0.6517894385513562,1,Medium Risk
9995-HOTOH,63,Two year,59.0,3707.6,DSL,Electronic check,Medium ($35-65),No,5639,0.19251113118032176,0,Very Low Risk
2988-PLAHS,3,One year,69.95,220.45,DSL,Electronic check,High ($65-95),No,2754,0.5049674214816836,1,Medium Risk
1371-OJCEK,48,One year,24.35,1133.7,No,Bank transfer (automatic),Low (<$35),No,4200,0.058938097775816024,0,Very Low Risk
4999-IEZLT,66,One year,29.45,1983.15,DSL,Credit card (automatic),Low (<$35),No,5112,0.08592159997313445,0,Very Low Risk
8883-ANODQ,68,Two year,84.4,5746.75,Fiber optic,Credit card (automatic),High ($65-95),No,5045,0.02328223876941693,0,Very Low Risk
2351-RRBUE,7,One year,20.65,134.05,No,Mailed check,Low (<$35),No,3575,0.09480177751546248,0,Very Low Risk
5980-BDHPY,72,Two year,87.1,6230.1,DSL,Bank transfer (automatic),High ($65-95),No,5993,0.012656110165905635,0,Very Low Risk
1498-DQNRX,29,Month-to-month,19.85,573.05,No,Mailed check,Low (<$35),No,2712,0.18197050350258465,0,Very Low Risk
9469-WEJBT,37,Month-to-month,90.35,3419.3,Fiber optic,Electronic check,High ($65-95),No,3347,0.5473008029811299,1,Medium Risk
2581-VKIRT,59,One year,65.5,3801.3,DSL,Mailed check,High ($65-95),No,5631,0.05722599849505164,0,Very Low Risk
7426-WEIJX,60,Month-to-month,80.95,4859.1,Fiber optic,Electronic check,High ($65-95),No,6214,0.184005704392527,0,Very Low Risk
2851-MMUTZ,27,Month-to-month,56.15,1439.35,DSL,Mailed check,Medium ($35-65),No,3056,0.2648479990842649,0,Low Risk
3307-TLCUD,17,Month-to-month,34.4,592.75,DSL,Mailed check,Low (<$35),No,4207,0.20949853347415903,0,Very Low Risk
6625-FLENO,58,Two year,20.75,1185.95,No,Mailed check,Low (<$35),No,4927,0.023423321032090036,0,Very Low Risk
2967-MXRAV,1,One year,18.8,18.8,No,Mailed check,Low (<$35),No,5160,0.18555686893629983,0,Very Low Risk
8189-HBVRW,53,Month-to-month,90.8,4921.2,Fiber optic,Electronic check,High ($65-95),No,5249,0.24259151938001902,0,Very Low Risk
4163-KIUHY,35,Month-to-month,25.6,901.25,No,Electronic check,Low (<$35),No,2980,0.06889707556942751,0,Very Low Risk
3500-NSDOA,68,Two year,70.8,4859.95,DSL,Credit card (automatic),High ($65-95),No,5540,0.03636996117387521,0,Very Low Risk
1171-TYKUR,47,Month-to-month,25.4,1139.2,No,Electronic check,Low (<$35),No,3159,0.05707889745509246,0,Very Low Risk
3761-FLYZI,65,Month-to-month,108.8,7082.45,Fiber optic,Bank transfer (automatic),Premium (>$95),No,5225,0.47569812219758595,0,Low Risk
1219-NNDDO,9,Month-to-month,76.85,663.55,Fiber optic,Electronic check,High ($65-95),No,4834,0.8658594864873279,1,High Risk
8388-DMKAE,8,Two year,20.25,174.65,No,Mailed check,Low (<$35),No,2653,0.13012866413730745,0,Very Low Risk
4403-BWPAY,14,One year,24.8,321.7,No,Credit card (automatic),Low (<$35),No,4527,0.05547320979373453,0,Very Low Risk
9659-QEQSY,45,Month-to-month,115.65,5125.5,Fiber optic,Electronic check,Premium (>$95),No,3974,0.430977297115141,0,Low Risk
5405-ZMYXQ,8,Month-to-month,74.6,548.9,Fiber optic,Credit card (automatic),High ($65-95),No,2142,0.6685954953172134,1,Medium Risk
1442-OKRJE,66,One year,103.15,7031.3,Fiber optic,Bank transfer (automatic),Premium (>$95),No,4663,0.07904772191421407,0,Very Low Risk
4737-AQCPU,72,Two year,72.1,5016.65,DSL,Credit card (automatic),High ($65-95),No,4658,0.030866454822311602,0,Very Low Risk
2808-CHTDM,23,Two year,25.1,611.45,No,Mailed check,Low (<$35),No,2267,0.011012989310969827,0,Very Low Risk
0793-TWELN,4,Month-to-month,80.15,319.85,Fiber optic,Electronic check,High ($65-95),No,2841,0.6465247869962307,1,Medium Risk
3283-WCWXT,6,Two year,25.4,153.3,No,Mailed check,Low (<$35),No,2882,0.01985596614012958,0,Very Low Risk
1060-ENTOF,67,One year,105.4,7035.6,Fiber optic,Credit card (automatic),Premium (>$95),No,5703,0.2158094190840961,0,Very Low Risk
0999-QXNSA,7,Month-to-month,45.75,344.2,DSL,Mailed check,Medium ($35-65),No,3779,0.3254264527544002,0,Low Risk
5451-MHQOF,56,One year,24.45,1431.65,No,Mailed check,Low (<$35),No,5623,0.0643319354945011,0,Very Low Risk
4836-WNFNO,72,Two year,25.0,1849.2,No,Credit card (automatic),Low (<$35),No,6126,0.007693276826851975,0,Very Low Risk
9225-BZLNZ,72,Two year,85.25,6083.1,DSL,Electronic check,High ($65-95),No,6275,0.0915751785869425,0,Very Low Risk
0354-VXMJC,23,Two year,19.6,426.65,No,Credit card (automatic),Low (<$35),No,4617,0.005386337259424966,0,Very Low Risk
4422-QVIJA,35,Month-to-month,50.15,1655.35,DSL,Mailed check,Medium ($35-65),No,5879,0.13915528235839392,0,Very Low Risk
9365-SRSZE,27,Month-to-month,70.55,1943.9,Fiber optic,Electronic check,High ($65-95),No,2534,0.7030676516328276,1,Medium Risk
8332-OSJDW,12,One year,26.4,314.95,No,Mailed check,Low (<$35),No,3277,0.11456738871722318,0,Very Low Risk
4735-BJKOU,40,Two year,20.15,804.85,No,Mailed check,Low (<$35),No,3915,0.03351656644155859,0,Very Low Risk
0274-JKUJR,7,Month-to-month,58.85,465.7,DSL,Mailed check,Medium ($35-65),No,3332,0.169783490469602,0,Very Low Risk
5740-YHGTW,70,Month-to-month,97.55,6669.05,Fiber optic,Credit card (automatic),Premium (>$95),No,4551,0.0956863270838176,0,Very Low Risk
8917-SZTTJ,60,Two year,19.65,1161.75,No,Credit card (automatic),Low (<$35),No,6315,0.001482337566567809,0,Very Low Risk
1696-MZVAU,39,One year,25.25,947.75,DSL,Credit card (automatic),Low (<$35),No,4259,0.21145292747913522,0,Very Low Risk
7359-WWYJV,72,Two year,114.45,8375.05,Fiber optic,Credit card (automatic),Premium (>$95),No,6274,0.052848393513773295,0,Very Low Risk
4906-ZHGPK,54,One year,70.7,3770.0,DSL,Electronic check,High ($65-95),No,5276,0.18281266071933797,0,Very Low Risk
3795-GWTRD,63,Two year,75.55,4707.85,DSL,Credit card (automatic),High ($65-95),No,4626,0.035947216919424256,0,Very Low Risk
1298-PHBTI,71,Two year,84.8,6152.4,Fiber optic,Electronic check,High ($65-95),No,5952,0.026467521306874,0,Very Low Risk
6223-DHJGV,42,One year,20.65,958.1,No,Mailed check,Low (<$35),No,5956,0.04619879549715056,0,Very Low Risk
6961-MJKBO,47,Two year,20.45,943.0,No,Bank transfer (automatic),Low (<$35),No,4342,0.02801080091539341,0,Very Low Risk
8158-WPEZG,11,Month-to-month,35.65,425.1,DSL,Electronic check,Medium ($35-65),No,4986,0.4089313035249829,0,Low Risk
4918-FYJNT,55,Month-to-month,90.45,5044.8,Fiber optic,Electronic check,High ($65-95),No,5140,0.2645178911280736,0,Low Risk
0727-BNRLG,69,Two year,97.65,6743.55,Fiber optic,Credit card (automatic),Premium (>$95),No,5709,0.13363525778312982,0,Very Low Risk
4854-CIDCF,3,Month-to-month,73.85,196.4,Fiber optic,Electronic check,High ($65-95),No,2868,0.7112682852157406,1,Medium Risk
3280-MRDOF,30,Two year,69.1,2093.9,DSL,Credit card (automatic),High ($65-95),No,3415,0.13358312094613822,0,Very Low Risk
6435-SRWBJ,5,Month-to-month,82.75,417.75,Fiber optic,Electronic check,High ($65-95),No,5269,0.7045345705283994,1,Medium Risk
9964-WBQDJ,71,Two year,24.4,1725.4,No,Credit card (automatic),Low (<$35),No,4412,0.012812490178997361,0,Very Low Risk
6303-KFWSL,29,One year,55.25,1620.2,DSL,Electronic check,Medium ($35-65),No,5481,0.19760082707043222,0,Very Low Risk
1702-CCFNJ,52,Month-to-month,61.35,3169.55,DSL,Bank transfer (automatic),Medium ($35-65),No,4729,0.11252871767573817,0,Very Low Risk
8932-CZHRQ,68,One year,76.75,5233.25,DSL,Credit card (automatic),High ($65-95),No,5395,0.19053485078465865,0,Very Low Risk
0386-CWRGM,46,Two year,19.4,967.85,No,Mailed check,Low (<$35),No,2320,0.004623911941043745,0,Very Low Risk
5515-RUGKN,8,Month-to-month,54.75,438.05,DSL,Credit card (automatic),Medium ($35-65),No,5317,0.4708260974521141,0,Low Risk
0404-AHASP,72,Two year,19.7,1421.9,No,Credit card (automatic),Low (<$35),No,6436,0.009121890886370635,0,Very Low Risk
7279-NMVJC,17,One year,19.9,323.15,No,Bank transfer (automatic),Low (<$35),No,2093,0.13612995496879296,0,Very Low Risk
2081-VEYEH,3,Month-to-month,107.95,318.6,Fiber optic,Electronic check,Premium (>$95),No,5653,0.6408514591401125,1,Medium Risk
6407-UTSLV,2,Month-to-month,83.8,163.7,Fiber optic,Bank transfer (automatic),High ($65-95),No,2885,0.6796158375594907,1,Medium Risk
9060-HJJRW,51,One year,56.4,2928.5,DSL,Credit card (automatic),Medium ($35-65),No,4380,0.18842382247514092,0,Very Low Risk
2587-YNLES,6,Two year,20.1,100.35,No,Mailed check,Low (<$35),No,5874,0.028270018439013805,0,Very Low Risk
7398-SKNQZ,3,Month-to-month,94.9,273.2,Fiber optic,Electronic check,High ($65-95),No,2330,0.7814469631740194,1,High Risk
5935-FCCNB,17,Month-to-month,94.2,1608.15,Fiber optic,Electronic check,High ($65-95),No,4425,0.8507479237065972,1,High Risk
1958-RNRKS,30,Month-to-month,49.9,1441.95,DSL,Electronic check,Medium ($35-65),No,3712,0.3700986155679452,0,Low Risk
5136-RGMZO,31,Month-to-month,71.05,2168.15,DSL,Electronic check,High ($65-95),No,4443,0.31718890496918783,0,Low Risk
8345-MVDYC,45,Two year,81.65,3618.7,DSL,Bank transfer (automatic),High ($65-95),No,5937,0.04556788623327001,0,Very Low Risk
8226-BXGES,64,One year,89.45,5692.65,Fiber optic,Bank transfer (automatic),High ($65-95),No,5519,0.14541580033162976,0,Very Low Risk
9705-IOVQQ,61,One year,99.0,5969.3,Fiber optic,Electronic check,Premium (>$95),No,5177,0.1053336764044137,0,Very Low Risk
1015-OWJKI,1,Month-to-month,19.05,19.05,No,Mailed check,Low (<$35),No,5279,0.3910731012102336,0,Low Risk
2040-XBAVJ,72,Two year,114.45,8100.55,Fiber optic,Bank transfer (automatic),Premium (>$95),No,4700,0.013153606229995013,0,Very Low Risk
8887-IPQNC,7,Month-to-month,44.25,313.45,DSL,Mailed check,Medium ($35-65),No,5014,0.5250504603320933,1,Medium Risk
8646-JCOMS,66,One year,90.55,6130.95,Fiber optic,Bank transfer (automatic),High ($65-95),No,4958,0.15965050190514712,0,Very Low Risk
1222-KJNZD,40,Month-to-month,20.4,745.3,No,Bank transfer (automatic),Low (<$35),No,5918,0.033753317826930786,0,Very Low Risk
0106-GHRQR,16,Month-to-month,71.4,1212.1,DSL,Bank transfer (automatic),High ($65-95),No,3360,0.4031394553446549,0,Low Risk
3768-VHXQO,67,Two year,24.85,1583.5,No,Credit card (automatic),Low (<$35),No,4833,0.022641228730595972,0,Very Low Risk
8952-WCVCD,41,One year,104.45,4162.05,Fiber optic,Bank transfer (automatic),Premium (>$95),No,2719,0.306537493625275,0,Low Risk
2418-TPEUN,56,Two year,19.8,1119.9,No,Credit card (automatic),Low (<$35),No,4681,0.006917034805304927,0,Very Low Risk
3963-RYFNS,72,Two year,116.45,8013.55,Fiber optic,Bank transfer (automatic),Premium (>$95),No,5567,0.06758683297490836,0,Very Low Risk
8540-ZQGEA,54,Two year,20.05,1102.4,No,Credit card (automatic),Low (<$35),No,4212,0.012262358576242093,0,Very Low Risk
1320-REHCS,52,Month-to-month,110.75,5832.0,Fiber optic,Electronic check,Premium (>$95),No,4993,0.44538851013755304,0,Low Risk
4137-JOPHL,50,Two year,89.7,4304.5,Fiber optic,Bank transfer (automatic),High ($65-95),No,5306,0.14303357191086227,0,Very Low Risk
7801-CEDNV,27,One year,48.7,1421.75,DSL,Credit card (automatic),Medium ($35-65),No,3560,0.13503485148011488,0,Very Low Risk
2057-BOYKM,72,Two year,96.6,6827.5,Fiber optic,Bank transfer (automatic),Premium (>$95),No,5153,0.02728941536431381,0,Very Low Risk
3658-QQJYD,62,One year,74.3,4698.05,DSL,Credit card (automatic),High ($65-95),No,5974,0.11831161114942396,0,Very Low Risk
1803-BGNBD,12,Month-to-month,54.3,654.5,DSL,Electronic check,Medium ($35-65),No,3854,0.4129255630376418,0,Low Risk
0134-XWXCE,44,One year,74.85,3268.05,DSL,Bank transfer (automatic),High ($65-95),No,3253,0.18593932835002294,0,Very Low Risk
6950-TWMYB,54,Two year,79.95,4362.05,Fiber optic,Bank transfer (automatic),High ($65-95),No,4387,0.01686622145192651,0,Very Low Risk
5848-FHRFC,68,Two year,20.05,1386.9,No,Bank transfer (automatic),Low (<$35),No,5740,0.02246317086085666,0,Very Low Risk
2243-FNMMI,20,Month-to-month,19.4,415.4,No,Mailed check,Low (<$35),No,4958,0.13493793020607,0,Very Low Risk
2511-MORQY,50,One year,54.9,2614.1,DSL,Bank transfer (automatic),Medium ($35-65),No,4322,0.13082531266474032,0,Very Low Risk
5356-KZCKT,58,Two year,24.45,1513.6,No,Credit card (automatic),Low (<$35),No,6490,0.03454625690127091,0,Very Low Risk
9470-XCCEM,35,Month-to-month,89.65,3161.6,Fiber optic,Bank transfer (automatic),High ($65-95),No,2622,0.1283649796718651,0,Very Low Risk
6519-CFDBX,2,Month-to-month,45.4,80.95,DSL,Electronic check,Medium ($35-65),No,4964,0.7645020809696578,1,High Risk
3902-MIVLE,63,Two year,75.7,4676.7,DSL,Mailed check,High ($65-95),No,5113,0.026630685715703373,0,Very Low Risk
0409-WTMPL,58,One year,110.65,6526.65,Fiber optic,Credit card (automatic),Premium (>$95),No,4761,0.2299695341210074,0,Very Low Risk
8763-KIAFH,27,One year,20.55,583.3,No,Mailed check,Low (<$35),No,2269,0.08765956991184322,0,Very Low Risk
3669-WHAFY,71,Two year,115.15,8078.1,Fiber optic,Credit card (automatic),Premium (>$95),No,4144,0.06459254801701225,0,Very Low Risk
3055-VTCGS,63,One year,58.55,3503.5,DSL,Credit card (automatic),Medium ($35-65),No,6312,0.09850340661363782,0,Very Low Risk
3144-KMTWZ,71,Month-to-month,93.25,6669.45,Fiber optic,Bank transfer (automatic),High ($65-95),No,6035,0.4287264916584942,0,Low Risk
2007-QVGAW,68,Two year,19.35,1292.65,No,Bank transfer (automatic),Low (<$35),No,6303,0.004068230575559335,0,Very Low Risk
5207-PLSTK,1,Month-to-month,48.75,48.75,DSL,Mailed check,Medium ($35-65),No,5068,0.3699391258597837,0,Low Risk
2307-FYNNL,65,Two year,109.05,7108.2,Fiber optic,Electronic check,Premium (>$95),No,5692,0.259134854859383,0,Low Risk
5605-XNWEN,72,Two year,25.0,1802.55,No,Bank transfer (automatic),Low (<$35),No,4055,0.011584468066754007,0,Very Low Risk
2155-AMQRX,28,Month-to-month,54.9,1505.15,DSL,Credit card (automatic),Medium ($35-65),No,2885,0.3193875376712332,0,Low Risk
6181-AXXYF,72,Two year,24.75,1859.1,No,Credit card (automatic),Low (<$35),No,4185,0.002569486723487472,0,Very Low Risk
5091-HFAZW,2,Month-to-month,91.15,168.5,Fiber optic,Electronic check,High ($65-95),No,2686,0.644867306460775,1,Medium Risk
2519-LBNQL,60,One year,104.35,6339.45,Fiber optic,Electronic check,Premium (>$95),No,4040,0.47176183808338373,0,Low Risk
8623-ULFNQ,26,Month-to-month,66.05,1652.4,DSL,Electronic check,High ($65-95),No,3225,0.4412772014446581,0,Low Risk
1568-LJSZU,68,Two year,92.2,6392.85,DSL,Credit card (automatic),High ($65-95),No,4451,0.021574509336896096,0,Very Low Risk
7789-HKSBS,42,One year,105.2,4599.15,Fiber optic,Bank transfer (automatic),Premium (>$95),No,5573,0.3874776888753208,0,Low Risk
7416-CKTEP,57,Two year,19.6,1134.25,No,Bank transfer (automatic),Low (<$35),No,6064,0.03343639157719372,0,Very Low Risk
2586-CWXVV,54,Month-to-month,30.4,1621.35,DSL,Electronic check,Low (<$35),No,4778,0.3372659270052052,0,Low Risk
2348-KCJLT,44,One year,61.5,2722.2,DSL,Mailed check,Medium ($35-65),No,2059,0.11950282475072521,0,Very Low Risk
8401-EMUWF,42,Month-to-month,69.4,3058.3,DSL,Bank transfer (automatic),High ($65-95),No,4701,0.06585091018332612,0,Very Low Risk
4193-IBKSW,72,Two year,24.75,1769.6,No,Bank transfer (automatic),Low (<$35),No,6232,0.0018636722935138467,0,Very Low Risk
5377-NDTOU,71,Two year,91.05,6293.75,DSL,Mailed check,High ($65-95),No,4644,0.005796001440973248,0,Very Low Risk
2474-LCNUE,23,Month-to-month,73.65,1642.75,DSL,Credit card (automatic),High ($65-95),No,2590,0.29333934782916493,0,Low Risk
0839-QNXME,30,Two year,19.4,578.5,No,Credit card (automatic),Low (<$35),No,3986,0.040999168809170775,0,Very Low Risk
3506-OVLKD,35,One year,26.2,954.9,No,Bank transfer (automatic),Low (<$35),No,4419,0.09176314594353173,0,Very Low Risk
6650-VJONK,1,Month-to-month,43.85,43.85,DSL,Bank transfer (automatic),Medium ($35-65),No,5913,0.6914847887987112,1,Medium Risk
2178-PMGCJ,22,Month-to-month,69.7,1490.4,Fiber optic,Mailed check,High ($65-95),No,4838,0.5448205667998437,1,Medium Risk
7492-TAFJD,7,Two year,38.55,280.0,DSL,Mailed check,Medium ($35-65),No,3345,0.15015017272782946,0,Very Low Risk
2773-MADBQ,36,Two year,53.1,1901.25,DSL,Mailed check,Medium ($35-65),No,2751,0.046054056003299496,0,Very Low Risk
6016-LVTJQ,34,Month-to-month,20.65,716.4,No,Mailed check,Low (<$35),No,5099,0.037385967357601774,0,Very Low Risk
7860-KSUGX,72,Two year,64.45,4720.0,DSL,Credit card (automatic),Medium ($35-65),No,6330,0.03371283713592948,0,Very Low Risk
8966-KZXXA,36,Two year,25.1,930.95,No,Credit card (automatic),Low (<$35),No,3040,0.0008922965822246808,0,Very Low Risk
5149-QYTTU,71,One year,95.15,6770.85,Fiber optic,Credit card (automatic),Premium (>$95),No,5647,0.022000317716645016,0,Very Low Risk
2070-XYMFH,23,Month-to-month,79.35,1835.3,Fiber optic,Mailed check,High ($65-95),No,3558,0.5451637701095909,1,Medium Risk
2085-BOJKI,17,One year,96.65,1588.25,Fiber optic,Bank transfer (automatic),Premium (>$95),No,5228,0.41793136903975137,0,Low Risk
0817-HSUSE,1,Month-to-month,75.5,75.5,DSL,Electronic check,High ($65-95),No,2954,0.4836633604936332,0,Low Risk
5442-PPTJY,12,Two year,19.7,258.35,No,Mailed check,Low (<$35),No,5104,0.008962283325704052,0,Very Low Risk
1927-QEWMY,72,Two year,20.5,1502.25,No,Credit card (automatic),Low (<$35),No,6302,0.005641425776997326,0,Very Low Risk
1663-MHLHE,1,Month-to-month,19.2,19.2,No,Mailed check,Low (<$35),No,4629,0.3910731012102336,0,Low Risk
5663-QBGIS,72,Two year,98.35,6929.4,Fiber optic,Bank transfer (automatic),Premium (>$95),No,6120,0.1314440255825823,0,Very Low Risk
4450-MDZFX,60,Month-to-month,74.35,4453.3,Fiber optic,Bank transfer (automatic),High ($65-95),No,5100,0.10323846039052467,0,Very Low Risk
6701-DHKWQ,61,Two year,51.35,3244.4,DSL,Credit card (automatic),Medium ($35-65),No,4159,0.03129080615669442,0,Very Low Risk
7554-AKDQF,6,Month-to-month,45.65,323.45,DSL,Mailed check,Medium ($35-65),No,4227,0.4104193241250645,0,Low Risk
0794-YVSGE,72,Two year,20.3,1401.15,No,Bank transfer (automatic),Low (<$35),No,5265,0.002486714092981729,0,Very Low Risk
5423-BHIXO,32,Month-to-month,54.2,1739.6,DSL,Electronic check,Medium ($35-65),No,4454,0.37928394586451647,0,Low Risk
6908-VVYHM,65,Month-to-month,90.65,5931.0,Fiber optic,Electronic check,High ($65-95),No,6358,0.5991705374004364,1,Medium Risk
2959-EEXWB,45,Month-to-month,50.9,2333.85,DSL,Bank transfer (automatic),Medium ($35-65),No,3937,0.09249134972460883,0,Very Low Risk
1839-UMACK,42,One year,25.05,949.85,No,Electronic check,Low (<$35),No,3756,0.049603772214837125,0,Very Low Risk
3030-YDNRM,8,Month-to-month,74.85,572.45,Fiber optic,Electronic check,High ($65-95),No,5514,0.870467834001013,1,High Risk
7321-KKSDU,32,Two year,20.5,696.8,No,Mailed check,Low (<$35),No,3114,0.013215234858330302,0,Very Low Risk
3402-XRIUO,22,Month-to-month,63.55,1381.8,DSL,Mailed check,Medium ($35-65),No,2136,0.1835467254352678,0,Very Low Risk
8286-AFUYI,1,Month-to-month,47.95,47.95,DSL,Electronic check,Medium ($35-65),No,5092,0.5654871177064114,1,Medium Risk
8356-WUAOJ,1,Month-to-month,45.0,45.0,DSL,Electronic check,Medium ($35-65),No,5669,0.744306078717289,1,Medium Risk
8058-DMYRU,54,Month-to-month,90.05,4931.8,Fiber optic,Electronic check,High ($65-95),No,5232,0.6039692013622681,1,Medium Risk
9350-ZXYJC,4,Two year,25.3,116.95,No,Credit card (automatic),Low (<$35),No,3808,0.0915913900674553,0,Very Low Risk
8958-JPTRR,56,One year,24.3,1261.7,No,Electronic check,Low (<$35),No,5052,0.09830012945940972,0,Very Low Risk
6959-GQEGV,45,Month-to-month,75.95,3273.8,DSL,Electronic check,High ($65-95),No,2185,0.29007388173665594,0,Low Risk
3173-WSSUE,71,Two year,19.7,1415.85,No,Credit card (automatic),Low (<$35),No,5921,0.0008370713646668759,0,Very Low Risk
1265-HVPZB,59,One year,66.4,3958.2,DSL,Credit card (automatic),High ($65-95),No,6432,0.13997707554440175,0,Very Low Risk
4115-UMJFQ,69,One year,35.75,2492.25,DSL,Bank transfer (automatic),Medium ($35-65),No,4043,0.1782509991344658,0,Very Low Risk
7369-TRPFD,19,One year,18.8,279.2,No,Mailed check,Low (<$35),No,2916,0.02427099254562932,0,Very Low Risk
1098-KFQEC,55,Two year,19.4,1083.0,No,Credit card (automatic),Low (<$35),No,5366,0.0012583899298198838,0,Very Low Risk
7190-XHTWJ,38,One year,19.3,755.5,No,Mailed check,Low (<$35),No,4705,0.03419096629339288,0,Very Low Risk
3537-RYBHH,47,Month-to-month,67.45,3252.0,DSL,Credit card (automatic),High ($65-95),No,4074,0.22053368633499754,0,Very Low Risk
5296-BFCYD,46,Two year,20.1,936.85,No,Mailed check,Low (<$35),No,3392,0.007105336248221826,0,Very Low Risk
9359-JANWS,65,Two year,58.9,3857.1,DSL,Credit card (automatic),Medium ($35-65),No,5657,0.059927526595523445,0,Very Low Risk
3279-DYZQM,71,Two year,19.45,1378.45,No,Mailed check,Low (<$35),No,5497,0.03106317288968332,0,Very Low Risk
0523-VNGTF,52,Month-to-month,50.5,2566.3,DSL,Electronic check,Medium ($35-65),No,5185,0.20641844049792749,0,Very Low Risk
9575-IWCAZ,6,One year,25.1,171.0,No,Mailed check,Low (<$35),No,5161,0.058364186547708606,0,Very Low Risk
7105-MXJLL,26,One year,60.7,1597.4,DSL,Mailed check,Medium ($35-65),No,2502,0.1666403359518314,0,Very Low Risk
7064-FRRSW,48,One year,99.0,4744.35,Fiber optic,Electronic check,Premium (>$95),No,3061,0.41597642526647605,0,Low Risk
7940-UQQUG,64,One year,104.4,6721.6,Fiber optic,Bank transfer (automatic),Premium (>$95),No,5133,0.05757252375724055,0,Very Low Risk
3961-SXAXY,1,Month-to-month,44.05,44.05,DSL,Bank transfer (automatic),Medium ($35-65),No,5925,0.6914847887987112,1,Medium Risk
7010-BRBUU,72,Two year,24.1,1734.65,No,Credit card (automatic),Low (<$35),No,4264,0.001712343866344615,0,Very Low Risk
3566-HJGPK,1,Month-to-month,45.55,45.55,DSL,Mailed check,Medium ($35-65),No,3173,0.7236696232838888,1,Medium Risk
3062-ICYZQ,51,Month-to-month,93.8,4539.35,Fiber optic,Electronic check,High ($65-95),No,5457,0.12086752751770086,0,Very Low Risk
9938-PRCVK,41,Two year,19.7,804.25,No,Bank transfer (automatic),Low (<$35),No,2902,0.0053073824624899945,0,Very Low Risk
0973-KYVNF,72,Two year,70.65,5011.15,DSL,Credit card (automatic),High ($65-95),No,5176,0.03021520484111027,0,Very Low Risk
5129-HHMZC,43,Two year,86.45,3574.5,DSL,Credit card (automatic),High ($65-95),No,3110,0.04929981643399994,0,Very Low Risk
9637-CDTKZ,72,Two year,114.1,8086.4,Fiber optic,Credit card (automatic),Premium (>$95),No,4965,0.05082546080069725,0,Very Low Risk
3946-JEWRQ,47,One year,95.2,4563.0,Fiber optic,Credit card (automatic),Premium (>$95),No,4977,0.3531078000437365,0,Low Risk
7873-CVMAW,72,Two year,88.55,6362.35,DSL,Credit card (automatic),High ($65-95),No,6468,0.012090808303781739,0,Very Low Risk
0463-WZZKO,3,Month-to-month,20.75,67.1,No,Credit card (automatic),Low (<$35),No,2406,0.1644644152793512,0,Very Low Risk
4524-QCSSM,26,Month-to-month,44.65,1156.55,DSL,Bank transfer (automatic),Medium ($35-65),No,4512,0.30424102065545683,0,Low Risk
5832-EXGTT,29,Month-to-month,60.2,1834.15,DSL,Mailed check,Medium ($35-65),No,5517,0.08484317196609452,0,Very Low Risk
2039-JONDJ,27,One year,55.45,1477.65,DSL,Bank transfer (automatic),Medium ($35-65),No,3616,0.10146307761064594,0,Very Low Risk
7217-JYHOQ,24,Month-to-month,70.3,1706.45,DSL,Credit card (automatic),High ($65-95),No,3359,0.0665665398264119,0,Very Low Risk
6695-FRVEC,67,Two year,60.4,3953.7,DSL,Bank transfer (automatic),Medium ($35-65),No,5356,0.02690138118222072,0,Very Low Risk
9894-QMIMJ,23,One year,55.8,1327.85,DSL,Bank transfer (automatic),Medium ($35-65),No,2499,0.13988006963543773,0,Very Low Risk
8069-YQQAJ,14,Month-to-month,31.1,419.7,DSL,Mailed check,Low (<$35),No,3448,0.429447606869513,0,Low Risk
1636-NTNCO,4,Month-to-month,50.95,207.35,DSL,Credit card (automatic),Medium ($35-65),No,2104,0.45019649719164206,0,Low Risk
3466-WAESX,16,Month-to-month,69.1,1083.7,DSL,Electronic check,High ($65-95),No,5172,0.32107551089277897,0,Low Risk
9281-PKKZE,46,Month-to-month,43.95,2007.85,DSL,Electronic check,Medium ($35-65),No,4818,0.5748087322949296,1,Medium Risk
3638-VBZTA,68,Two year,86.5,5882.75,DSL,Bank transfer (automatic),High ($65-95),No,4280,0.03844585856738301,0,Very Low Risk
7459-IMVYU,38,Month-to-month,69.95,2657.55,DSL,Electronic check,High ($65-95),No,5858,0.13984891949705586,0,Very Low Risk
8563-OYMQY,17,Month-to-month,90.95,1612.2,Fiber optic,Credit card (automatic),High ($65-95),No,5687,0.4992797375307642,0,Low Risk
0754-EEBDC,4,Two year,19.9,76.65,No,Mailed check,Low (<$35),No,2347,0.037898551414422686,0,Very Low Risk
5777-ZPQNC,12,One year,20.15,260.7,No,Electronic check,Low (<$35),No,4628,0.13001131511193237,0,Very Low Risk
1951-IEYXM,72,Two year,90.6,6441.85,DSL,Credit card (automatic),High ($65-95),No,4528,0.01102989123494155,0,Very Low Risk
3318-NMQXL,3,Month-to-month,92.0,266.8,Fiber optic,Electronic check,High ($65-95),No,4345,0.883139646393494,1,High Risk
1022-RKXDR,41,One year,24.85,962.25,No,Mailed check,Low (<$35),No,3089,0.0392941526949856,0,Very Low Risk
2361-FJWNO,40,One year,36.0,1382.9,DSL,Credit card (automatic),Medium ($35-65),No,5323,0.13951657131074494,0,Very Low Risk
2272-UOINI,7,Month-to-month,78.5,571.05,DSL,Electronic check,High ($65-95),No,3601,0.38148337717521186,0,Low Risk
8232-UTFOZ,69,Two year,19.95,1399.35,No,Credit card (automatic),Low (<$35),No,4328,0.014285239354842128,0,Very Low Risk
3750-YHRYO,7,One year,20.65,150.0,No,Mailed check,Low (<$35),No,2874,0.0680226552057004,0,Very Low Risk
6637-KYRCV,5,Month-to-month,30.5,167.2,DSL,Electronic check,Low (<$35),No,5973,0.24706112615475287,0,Very Low Risk
5668-MEISB,72,Two year,106.1,7657.4,Fiber optic,Credit card (automatic),Premium (>$95),No,5146,0.008205268593248063,0,Very Low Risk
0129-QMPDR,44,One year,20.5,865.05,No,Bank transfer (automatic),Low (<$35),No,3093,0.034417094331020345,0,Very Low Risk
7188-CBBBA,65,One year,95.5,6153.85,Fiber optic,Electronic check,Premium (>$95),No,6153,0.38728293554471177,0,Low Risk
5356-CSVSQ,3,Month-to-month,64.6,174.2,DSL,Electronic check,Medium ($35-65),No,5277,0.4835150660168442,0,Low Risk
3221-CJMSG,24,Month-to-month,51.1,1269.6,DSL,Credit card (automatic),Medium ($35-65),No,2515,0.31494686643076125,0,Low Risk
3219-JQRSL,72,Two year,89.1,6352.4,DSL,Credit card (automatic),High ($65-95),No,4627,0.029698467372290524,0,Very Low Risk
2801-NISEI,24,Month-to-month,54.95,1348.5,DSL,Electronic check,Medium ($35-65),No,3407,0.30024331722789077,0,Low Risk
4623-ZKHLY,22,Month-to-month,20.45,471.55,No,Bank transfer (automatic),Low (<$35),No,3727,0.13542572722605428,0,Very Low Risk
6732-VAILE,70,Two year,85.95,5931.75,DSL,Credit card (automatic),High ($65-95),No,6354,0.036296459305501745,0,Very Low Risk
8201-AAXCB,25,Month-to-month,60.35,1404.65,DSL,Electronic check,Medium ($35-65),No,3192,0.16336572958604972,0,Very Low Risk
7696-CFTAT,37,Two year,19.8,726.1,No,Bank transfer (automatic),Low (<$35),No,2745,0.002981204321224418,0,Very Low Risk
1845-CSBRZ,22,Month-to-month,85.35,1961.6,Fiber optic,Bank transfer (automatic),High ($65-95),No,2656,0.19166547077581852,0,Very Low Risk
2123-VSCOT,59,Two year,72.1,4194.85,DSL,Bank transfer (automatic),High ($65-95),No,6225,0.0531396417405398,0,Very Low Risk
2018-QKYGT,1,Month-to-month,81.05,81.05,Fiber optic,Electronic check,High ($65-95),No,4396,0.381681459149467,0,Low Risk
2792-VPPET,3,Month-to-month,20.5,76.95,No,Electronic check,Low (<$35),No,5296,0.12874803037753263,0,Very Low Risk
7409-JURKQ,53,One year,111.8,5809.75,Fiber optic,Bank transfer (automatic),Premium (>$95),No,5713,0.27957313541511036,0,Low Risk
3247-MHJKM,1,Month-to-month,20.2,20.2,No,Mailed check,Low (<$35),No,3586,0.5759525599867135,1,Medium Risk
1964-SVLEA,20,One year,19.7,415.9,No,Mailed check,Low (<$35),No,2860,0.038170217125862015,0,Very Low Risk
7297-DVYGA,51,One year,19.85,996.95,No,Bank transfer (automatic),Low (<$35),No,5089,0.06911059825960174,0,Very Low Risk
2239-CGBUZ,51,One year,60.5,3145.15,DSL,Bank transfer (automatic),Medium ($35-65),No,4207,0.0558479596604575,0,Very Low Risk
0854-UYHZD,13,Two year,19.55,265.3,No,Mailed check,Low (<$35),No,2816,0.010367360879089037,0,Very Low Risk
7243-LCGGZ,1,Month-to-month,20.9,20.9,No,Mailed check,Low (<$35),No,3901,0.5709876630838134,1,Medium Risk
8267-KFGYD,1,Month-to-month,21.05,21.05,No,Mailed check,Low (<$35),No,3389,0.2400493959618725,0,Very Low Risk
4890-VMUAV,63,One year,71.5,4576.3,DSL,Electronic check,High ($65-95),No,5342,0.08071196313658953,0,Very Low Risk
9261-WDCAF,3,Month-to-month,54.65,189.1,DSL,Mailed check,Medium ($35-65),No,2168,0.5474611340178493,1,Medium Risk
3764-MNMOI,46,Two year,19.2,908.15,No,Credit card (automatic),Low (<$35),No,2776,0.018603401228742114,0,Very Low Risk
7442-YGZFK,1,Month-to-month,49.8,49.8,DSL,Credit card (automatic),Medium ($35-65),No,4796,0.6048635887567602,1,Medium Risk
8229-BUJHX,71,Two year,20.5,1500.95,No,Bank transfer (automatic),Low (<$35),No,4941,0.002614246593185968,0,Very Low Risk
7449-HVPIV,55,Month-to-month,90.4,5099.15,Fiber optic,Credit card (automatic),High ($65-95),No,4603,0.10774048698701566,0,Very Low Risk
5504-WSIUR,70,One year,90.25,6385.95,Fiber optic,Bank transfer (automatic),High ($65-95),No,5327,0.15890019814591305,0,Very Low Risk
8466-PZBLH,67,Two year,104.6,6885.75,Fiber optic,Bank transfer (automatic),Premium (>$95),No,4743,0.038801309290862236,0,Very Low Risk
8735-IJJEG,14,Month-to-month,50.2,668.85,DSL,Credit card (automatic),Medium ($35-65),No,4253,0.2791475267717859,0,Low Risk
0564-MUUQK,20,Month-to-month,95.5,1916.2,Fiber optic,Bank transfer (automatic),Premium (>$95),No,3186,0.149243911189693,0,Very Low Risk
0701-RFGFI,49,Month-to-month,95.4,4613.95,Fiber optic,Bank transfer (automatic),Premium (>$95),No,6136,0.20378754311461203,0,Very Low Risk
0019-EFAEP,72,Two year,101.3,7261.25,Fiber optic,Bank transfer (automatic),Premium (>$95),No,5513,0.07420039949200571,0,Very Low Risk
5619-PTMIK,46,Month-to-month,53.1,2459.8,DSL,Electronic check,Medium ($35-65),No,3358,0.27378771120413037,0,Low Risk
3737-XBQDD,24,Month-to-month,84.85,2048.8,Fiber optic,Bank transfer (automatic),High ($65-95),No,2941,0.5311356542951069,1,Medium Risk
5882-CMAZQ,5,Month-to-month,34.25,163.55,DSL,Electronic check,Low (<$35),No,5100,0.18504195241649607,0,Very Low Risk
5846-QFDFI,33,Month-to-month,88.6,2888.7,Fiber optic,Credit card (automatic),High ($65-95),No,3648,0.10146206641253737,0,Very Low Risk
4445-KWOKW,42,One year,60.15,2421.6,DSL,Bank transfer (automatic),Medium ($35-65),No,5988,0.12884624925948396,0,Very Low Risk
3511-APPBJ,23,One year,99.95,2292.75,Fiber optic,Credit card (automatic),Premium (>$95),No,3515,0.27002332129905243,0,Low Risk
7967-HYCDE,8,Month-to-month,70.7,553.4,Fiber optic,Bank transfer (automatic),High ($65-95),No,4946,0.564219891226404,1,Medium Risk
2430-RRYUW,66,One year,54.8,3465.7,DSL,Mailed check,Medium ($35-65),No,4621,0.08834744370036308,0,Very Low Risk
3723-BFBGR,24,Month-to-month,54.8,1291.3,DSL,Credit card (automatic),Medium ($35-65),No,4330,0.29254002763354103,0,Low Risk
5447-WZAFP,53,One year,100.3,5200.8,Fiber optic,Mailed check,Premium (>$95),No,5377,0.3157556745316798,0,Low Risk
5110-CHOPY,60,Two year,53.6,3237.05,DSL,Electronic check,Medium ($35-65),No,4173,0.190945929472981,0,Very Low Risk
4425-OWHWB,20,One year,19.35,433.75,No,Credit card (automatic),Low (<$35),No,5811,0.05161195627096586,0,Very Low Risk
7892-QVYKW,23,Month-to-month,85.6,1868.4,Fiber optic,Electronic check,High ($65-95),No,3513,0.19699025220103877,0,Very Low Risk
9675-ICXCT,72,Two year,80.8,5728.55,DSL,Electronic check,High ($65-95),No,4689,0.08898844826009919,0,Very Low Risk
4703-MQYKT,21,Two year,19.6,390.4,No,Mailed check,Low (<$35),No,4562,0.044864661254842966,0,Very Low Risk
5692-ICXLW,31,Month-to-month,90.7,2845.15,Fiber optic,Electronic check,High ($65-95),No,3493,0.7115354013963584,1,Medium Risk
0602-DDUML,57,Two year,69.75,3894.4,DSL,Mailed check,High ($65-95),No,4487,0.027804326132584264,0,Very Low Risk
2208-MPXIO,45,Two year,20.0,886.4,No,Bank transfer (automatic),Low (<$35),No,5169,0.008618534721909215,0,Very Low Risk
1960-UYCNN,10,Month-to-month,95.25,1021.55,Fiber optic,Electronic check,Premium (>$95),No,4810,0.7877895399905103,1,High Risk
3190-FZATL,14,Month-to-month,19.95,268.4,No,Mailed check,Low (<$35),No,5770,0.08988732594096879,0,Very Low Risk
7336-RLLRH,27,One year,80.85,2204.35,DSL,Mailed check,High ($65-95),No,4732,0.11607583324262405,0,Very Low Risk
7710-JSYOA,69,Two year,93.3,6398.05,Fiber optic,Bank transfer (automatic),High ($65-95),No,5205,0.02905157412953867,0,Very Low Risk
9885-MFVSU,35,Two year,46.35,1662.05,DSL,Credit card (automatic),Medium ($35-65),No,4577,0.0627050743265262,0,Very Low Risk
0607-MVMGC,45,One year,78.75,3600.65,DSL,Credit card (automatic),High ($65-95),No,2595,0.1571586780739207,0,Very Low Risk
3365-SAIGS,17,Month-to-month,83.55,1329.15,Fiber optic,Electronic check,High ($65-95),No,5564,0.7553875064078465,1,High Risk
8022-BECSI,22,One year,19.6,422.5,No,Mailed check,Low (<$35),No,2203,0.0796826957288725,0,Very Low Risk
9993-LHIEB,67,Two year,67.85,4627.65,DSL,Mailed check,High ($65-95),No,4792,0.02976442076747625,0,Very Low Risk
0266-CLZKZ,67,Two year,105.65,6717.9,Fiber optic,Bank transfer (automatic),Premium (>$95),No,6383,0.049517182921960744,0,Very Low Risk
7020-OZKXZ,9,Month-to-month,75.5,637.4,Fiber optic,Credit card (automatic),High ($65-95),No,3021,0.433893287371686,0,Low Risk
3977-QCRSL,5,Month-to-month,20.15,117.95,No,Mailed check,Low (<$35),No,5020,0.3504023861155749,0,Low Risk
0017-DINOC,54,Two year,45.2,2460.55,DSL,Credit card (automatic),Medium ($35-65),No,5435,0.02964776689693685,0,Very Low Risk
7639-OPLNG,70,Two year,79.25,5731.85,DSL,Bank transfer (automatic),High ($65-95),No,5085,0.023756355726929607,0,Very Low Risk
1492-QGCLU,53,Month-to-month,85.7,4616.1,DSL,Electronic check,High ($65-95),No,5957,0.10318679984607117,0,Very Low Risk
7328-OWMOM,31,One year,20.1,589.25,No,Credit card (automatic),Low (<$35),No,3086,0.039948595526353416,0,Very Low Risk
4418-LZMSV,13,Month-to-month,61.8,750.1,DSL,Bank transfer (automatic),Medium ($35-65),No,4749,0.10384711129314068,0,Very Low Risk
5155-AZQPB,28,Month-to-month,49.9,1410.25,DSL,Mailed check,Medium ($35-65),No,5250,0.12237227455717851,0,Very Low Risk
1087-GRUYI,38,Two year,20.4,743.5,No,Bank transfer (automatic),Low (<$35),No,3756,0.02287609786211647,0,Very Low Risk
2546-KZAAT,52,One year,75.4,3865.45,DSL,Mailed check,High ($65-95),No,5211,0.12737317321883154,0,Very Low Risk
0181-RITDD,62,Two year,108.15,6825.65,Fiber optic,Mailed check,Premium (>$95),No,5298,0.06916193695173443,0,Very Low Risk
5989-PGKJB,16,Month-to-month,86.25,1340.1,Fiber optic,Electronic check,High ($65-95),No,3511,0.7494015822045111,1,Medium Risk
8272-ONJLV,12,One year,95.7,1184.0,Fiber optic,Electronic check,Premium (>$95),No,5527,0.44954418246426026,0,Low Risk
1488-PBLJN,72,Two year,116.85,8477.7,Fiber optic,Bank transfer (automatic),Premium (>$95),No,4055,0.017664544172834043,0,Very Low Risk
0308-GIQJT,71,One year,105.75,7382.85,Fiber optic,Bank transfer (automatic),Premium (>$95),No,4921,0.2848415733039258,0,Low Risk
3778-FOAQW,24,One year,20.15,456.85,No,Mailed check,Low (<$35),No,3573,0.042573608735892714,0,Very Low Risk
4452-ROHMO,15,Two year,19.6,331.6,No,Mailed check,Low (<$35),No,2722,0.07609160648992075,0,Very Low Risk
3090-LETTY,2,Month-to-month,60.95,134.6,DSL,Bank transfer (automatic),Medium ($35-65),No,3172,0.21262708060188662,0,Very Low Risk
5349-AZPEW,5,Month-to-month,25.05,125.5,DSL,Mailed check,Low (<$35),No,2071,0.23515095298671287,0,Very Low Risk
9720-JJJOR,41,One year,60.3,2511.3,DSL,Bank transfer (automatic),Medium ($35-65),No,4565,0.1415892676666396,0,Very Low Risk
8100-HZZLJ,43,Month-to-month,63.95,2737.05,DSL,Electronic check,Medium ($35-65),No,4205,0.12521411510181463,0,Very Low Risk
8775-ERLNB,1,Month-to-month,74.3,74.3,Fiber optic,Electronic check,High ($65-95),No,2968,0.7789458918079898,1,High Risk
8309-IEYJD,1,Month-to-month,70.6,70.6,Fiber optic,Mailed check,High ($65-95),No,2576,0.7947005359154928,1,High Risk
7398-HPYZQ,71,Two year,90.55,6404.0,DSL,Bank transfer (automatic),High ($65-95),No,5007,0.01172227092547988,0,Very Low Risk
3546-GHEAE,7,Two year,19.45,165.35,No,Mailed check,Low (<$35),No,2600,0.08069697979932672,0,Very Low Risk
7361-YPXFS,28,Month-to-month,64.45,1867.6,DSL,Bank transfer (automatic),Medium ($35-65),No,3820,0.17152231846504892,0,Very Low Risk
6557-BZXLQ,16,Month-to-month,69.65,1043.3,Fiber optic,Electronic check,High ($65-95),No,5610,0.6334104970154353,1,Medium Risk
2550-QHZGP,7,One year,19.5,128.6,No,Mailed check,Low (<$35),No,4271,0.07250573514391587,0,Very Low Risk
7519-JTWQH,69,Two year,110.5,7455.45,Fiber optic,Bank transfer (automatic),Premium (>$95),No,4803,0.14290392482680886,0,Very Low Risk
2538-OIMXF,1,Month-to-month,24.7,24.7,DSL,Mailed check,Low (<$35),No,3065,0.32204732675427405,0,Low Risk
8543-MSDMF,3,Month-to-month,77.4,206.15,DSL,Electronic check,High ($65-95),No,5528,0.463347544667426,0,Low Risk
1170-SASML,69,Month-to-month,85.4,5869.4,Fiber optic,Bank transfer (automatic),High ($65-95),No,5976,0.39017876861325057,0,Low Risk
4872-JCVCA,71,Two year,47.6,3377.8,DSL,Bank transfer (automatic),Medium ($35-65),No,4795,0.015621506533280025,0,Very Low Risk
5346-BZCHP,69,Two year,19.4,1346.2,No,Mailed check,Low (<$35),No,6408,0.003706197261679435,0,Very Low Risk
2038-LLMLM,48,Month-to-month,103.85,4946.05,Fiber optic,Electronic check,Premium (>$95),No,4304,0.6294954123968585,1,Medium Risk
1216-BGTSP,45,Month-to-month,108.45,4964.7,Fiber optic,Credit card (automatic),Premium (>$95),No,5093,0.35131892877976717,0,Low Risk
4138-NAXED,51,Month-to-month,81.0,4085.75,Fiber optic,Bank transfer (automatic),High ($65-95),No,4121,0.3065532409315366,0,Low Risk
0744-BIKKF,72,Two year,86.65,6224.8,DSL,Bank transfer (automatic),High ($65-95),No,4621,0.009274945930842986,0,Very Low Risk
7483-IQWIB,37,Month-to-month,92.95,3415.25,Fiber optic,Electronic check,High ($65-95),No,3462,0.1770421872247853,0,Very Low Risk
5248-KWLAR,71,Two year,90.35,6325.25,DSL,Electronic check,High ($65-95),No,6483,0.023457481346588215,0,Very Low Risk
7996-MHXLW,66,Two year,25.15,1683.6,No,Credit card (automatic),Low (<$35),No,6141,0.023538963462765433,0,Very Low Risk
7833-PKIHD,51,One year,76.4,3966.3,DSL,Bank transfer (automatic),High ($65-95),No,6385,0.10280043956671539,0,Very Low Risk
7061-OVMIM,30,One year,19.55,608.5,No,Bank transfer (automatic),Low (<$35),No,5203,0.1010844915901929,0,Very Low Risk
5153-RTHKF,34,Month-to-month,85.35,2896.6,Fiber optic,Electronic check,High ($65-95),No,3818,0.6190354232706538,1,Medium Risk
1852-QSWCD,64,Two year,24.8,1514.85,No,Mailed check,Low (<$35),No,6281,0.006715182865269287,0,Very Low Risk
4832-VRBMR,65,One year,103.15,6792.45,Fiber optic,Bank transfer (automatic),Premium (>$95),No,6441,0.33590838433371784,0,Low Risk
9079-LWTFD,47,Month-to-month,100.75,4669.2,Fiber optic,Mailed check,Premium (>$95),No,2508,0.20328921525879098,0,Very Low Risk
3392-EHMNK,67,Two year,94.1,6302.8,Fiber optic,Credit card (automatic),High ($65-95),No,4803,0.020486060806923178,0,Very Low Risk
5986-WWXDV,39,One year,19.35,779.2,No,Bank transfer (automatic),Low (<$35),No,2607,0.03579536649243994,0,Very Low Risk
3061-BCKYI,14,Month-to-month,19.9,283.75,No,Mailed check,Low (<$35),No,3854,0.1912558051883755,0,Very Low Risk
7901-TBKJX,56,Month-to-month,101.05,5594.0,Fiber optic,Electronic check,Premium (>$95),No,5514,0.7351009281422936,1,Medium Risk
7228-PAQPD,14,One year,59.1,772.85,DSL,Credit card (automatic),Medium ($35-65),No,5718,0.17824586217784372,0,Very Low Risk
7746-QYVCO,16,One year,55.85,857.8,DSL,Mailed check,Medium ($35-65),No,2464,0.13079447921405715,0,Very Low Risk
5804-HYIEZ,70,Month-to-month,106.05,7554.05,Fiber optic,Electronic check,Premium (>$95),No,4583,0.13757164022570273,0,Very Low Risk
9919-FZDED,72,Two year,84.1,5981.65,DSL,Credit card (automatic),High ($65-95),No,4671,0.050604171044193284,0,Very Low Risk
5934-TSSAU,23,Month-to-month,75.3,1702.9,Fiber optic,Credit card (automatic),High ($65-95),No,5903,0.15558703566643436,0,Very Low Risk
3486-KHMLI,21,Month-to-month,24.7,467.15,No,Mailed check,Low (<$35),No,5403,0.058413094029603485,0,Very Low Risk
6784-XYJAE,36,One year,55.8,1941.5,DSL,Electronic check,Medium ($35-65),No,4770,0.21091770929285114,0,Very Low Risk
3933-DQPWX,50,Two year,39.7,1932.75,DSL,Credit card (automatic),Medium ($35-65),No,5174,0.04664448638891509,0,Very Low Risk
6661-EIPZC,48,Month-to-month,29.5,1423.05,DSL,Credit card (automatic),Low (<$35),No,3194,0.15338433181227523,0,Very Low Risk
8957-THMOA,50,Two year,20.15,970.85,No,Credit card (automatic),Low (<$35),No,4263,0.010467670197076355,0,Very Low Risk
2251-PYLPB,72,Two year,79.55,5810.9,DSL,Credit card (automatic),High ($65-95),No,4766,0.021003239662237813,0,Very Low Risk
5555-RNPGT,10,Month-to-month,24.8,223.9,No,Credit card (automatic),Low (<$35),No,5212,0.10289732848035324,0,Very Low Risk
1057-FOGLZ,18,Month-to-month,19.65,391.7,No,Mailed check,Low (<$35),No,4333,0.18708041181130053,0,Very Low Risk
8087-LGYHQ,9,Month-to-month,94.05,811.65,Fiber optic,Electronic check,High ($65-95),No,3475,0.8285761102523337,1,High Risk
4137-BTIKL,2,Month-to-month,90.75,174.75,Fiber optic,Mailed check,High ($65-95),No,4766,0.4198615630770799,0,Low Risk
2190-BCXEC,40,Month-to-month,78.85,3126.85,Fiber optic,Credit card (automatic),High ($65-95),No,5257,0.4688965785637429,0,Low Risk
6227-FBDXH,69,One year,99.5,6841.45,Fiber optic,Bank transfer (automatic),Premium (>$95),No,4237,0.26003665603633314,0,Low Risk
2911-WDXMV,18,Month-to-month,80.55,1406.65,Fiber optic,Credit card (automatic),High ($65-95),No,5334,0.20757050611567113,0,Very Low Risk
7206-PQBBZ,11,Month-to-month,70.2,834.7,Fiber optic,Electronic check,High ($65-95),No,2848,0.7901342314328039,1,High Risk
4547-FZJWE,55,One year,59.45,3157.0,DSL,Credit card (automatic),Medium ($35-65),No,5712,0.11088734254685778,0,Very Low Risk
7422-WNBTY,33,Month-to-month,93.35,3092.0,Fiber optic,Electronic check,High ($65-95),No,3348,0.6816396161264783,1,Medium Risk
0842-IWYCP,46,Month-to-month,44.95,2168.9,DSL,Bank transfer (automatic),Medium ($35-65),No,2626,0.3196701912339509,0,Low Risk
3521-HTQTV,34,Two year,26.1,980.35,No,Bank transfer (automatic),Low (<$35),No,2026,0.052578749027904624,0,Very Low Risk
3744-ZBHON,3,Month-to-month,20.2,65.95,No,Electronic check,Low (<$35),No,4369,0.3524087538582984,0,Low Risk
3373-DIUUN,30,Two year,21.25,711.9,No,Mailed check,Low (<$35),No,3047,0.003656860892356944,0,Very Low Risk
8383-SGHJU,33,One year,59.4,1952.8,DSL,Electronic check,Medium ($35-65),No,2853,0.11285514517879956,0,Very Low Risk
7607-QKKTJ,45,One year,95.0,4368.85,Fiber optic,Credit card (automatic),High ($65-95),No,2719,0.06666091156356811,0,Very Low Risk
7707-PYBBH,40,Month-to-month,61.9,2647.1,DSL,Mailed check,Medium ($35-65),No,2520,0.1271332665408766,0,Very Low Risk
8984-HPEMB,71,Two year,118.65,8477.6,Fiber optic,Electronic check,Premium (>$95),No,4296,0.0990575719598208,0,Very Low Risk
4139-DETXS,72,Two year,64.45,4528.0,DSL,Bank transfer (automatic),Medium ($35-65),No,5265,0.008343559400320754,0,Very Low Risk
9779-DPNEJ,22,Month-to-month,80.15,1790.65,Fiber optic,Electronic check,High ($65-95),No,4732,0.26548157286160307,0,Low Risk
9805-FILKB,46,One year,20.2,845.6,No,Bank transfer (automatic),Low (<$35),No,2325,0.036280593079626694,0,Very Low Risk
5793-YOLJN,55,Two year,21.0,1210.3,No,Mailed check,Low (<$35),No,5046,0.0020033666307697987,0,Very Low Risk
0673-IGUQO,1,Month-to-month,20.45,20.45,No,Mailed check,Low (<$35),No,4845,0.5428327035743564,1,Medium Risk
4123-FCVCB,12,One year,75.85,854.45,DSL,Mailed check,High ($65-95),No,5942,0.25642864083184697,0,Low Risk
8819-IMISP,31,Month-to-month,80.45,2429.1,Fiber optic,Electronic check,High ($65-95),No,4684,0.704769949288412,1,Medium Risk
8311-UEUAB,67,Two year,75.5,5229.45,DSL,Electronic check,High ($65-95),No,5420,0.19729559966780058,0,Very Low Risk
5858-EAFCZ,1,Month-to-month,44.45,44.45,DSL,Mailed check,Medium ($35-65),No,3498,0.6406564014066882,1,Medium Risk
1163-ONYEY,41,Month-to-month,74.55,3023.55,DSL,Credit card (automatic),High ($65-95),No,2748,0.06059847932323606,0,Very Low Risk
5656-MJEFC,42,Two year,48.15,2032.3,DSL,Credit card (automatic),Medium ($35-65),No,2673,0.04097514379050897,0,Very Low Risk
6082-OQFBA,23,One year,19.65,436.9,No,Mailed check,Low (<$35),No,5460,0.022259819796905868,0,Very Low Risk
8974-OVACP,1,Month-to-month,20.15,20.15,No,Mailed check,Low (<$35),No,3167,0.41296850475504143,0,Low Risk
4010-YLMVT,56,Month-to-month,106.6,5893.95,Fiber optic,Credit card (automatic),Premium (>$95),No,5056,0.3315404398909997,0,Low Risk
1379-FRVEB,15,Month-to-month,91.0,1430.05,Fiber optic,Electronic check,High ($65-95),No,4602,0.46956574339189366,0,Low Risk
8612-GXIDD,12,Two year,25.4,313.0,No,Bank transfer (automatic),Low (<$35),No,2219,0.0213710397511365,0,Very Low Risk
6288-CHQJB,54,Two year,69.95,3871.85,DSL,Bank transfer (automatic),High ($65-95),No,5077,0.027290042721877517,0,Very Low Risk
8160-HOWOX,7,Month-to-month,66.85,458.1,DSL,Electronic check,High ($65-95),No,4858,0.6671596539056737,1,Medium Risk
6648-INWPS,16,Month-to-month,20.15,341.35,No,Electronic check,Low (<$35),No,5271,0.13088959715769147,0,Very Low Risk
4223-BKEOR,21,One year,64.85,1336.8,DSL,Mailed check,Medium ($35-65),No,3302,0.13478816386981612,0,Very Low Risk
4079-VTGLK,30,Two year,74.85,2181.75,DSL,Electronic check,High ($65-95),No,5610,0.25025145567142293,0,Low Risk
1763-WQFUK,3,Month-to-month,50.5,147.75,DSL,Mailed check,Medium ($35-65),No,5258,0.43625889435268655,0,Low Risk
1391-UBDAR,11,Month-to-month,72.9,818.45,Fiber optic,Electronic check,High ($65-95),No,3042,0.5815098301136985,1,Medium Risk
8894-JVDCV,62,One year,115.05,7133.45,Fiber optic,Credit card (automatic),Premium (>$95),No,6494,0.2648097020871723,0,Low Risk
2023-VQFDL,18,Month-to-month,19.0,348.8,No,Electronic check,Low (<$35),No,5379,0.1741013739276576,0,Very Low Risk
1345-GKDZZ,6,Month-to-month,19.55,128.6,No,Mailed check,Low (<$35),No,2309,0.12493358084500235,0,Very Low Risk
2014-MKGMH,46,One year,101.1,4674.4,Fiber optic,Electronic check,Premium (>$95),No,4883,0.5534930568268058,1,Medium Risk
5628-FCGYG,21,Month-to-month,84.1,1737.45,Fiber optic,Electronic check,High ($65-95),No,4649,0.8382852961578626,1,High Risk
2560-WBWXF,68,Two year,24.15,1498.85,No,Bank transfer (automatic),Low (<$35),No,5987,0.020414655340250977,0,Very Low Risk
0248-IPDFW,1,Month-to-month,50.1,50.1,DSL,Electronic check,Medium ($35-65),No,5617,0.7571390822059415,1,High Risk
7978-DKUQH,25,Month-to-month,74.6,1797.75,Fiber optic,Electronic check,High ($65-95),No,4591,0.6967124208161174,1,Medium Risk
4335-UPJSI,24,Two year,19.75,498.1,No,Mailed check,Low (<$35),No,2639,0.022183163697600712,0,Very Low Risk
1784-EZDKJ,51,One year,106.8,5498.8,Fiber optic,Bank transfer (automatic),Premium (>$95),No,4640,0.3592543695684995,0,Low Risk
9297-FVVDH,57,Two year,84.5,4845.4,DSL,Electronic check,High ($65-95),No,5928,0.0629657812930367,0,Very Low Risk
8007-YYPWD,15,Two year,25.05,369.1,No,Bank transfer (automatic),Low (<$35),No,5218,0.10300595974237824,0,Very Low Risk
7101-HRBLJ,72,Two year,83.7,6096.9,DSL,Bank transfer (automatic),High ($65-95),No,4592,0.007019781592202434,0,Very Low Risk
6635-CPNUN,28,Month-to-month,96.6,2684.35,Fiber optic,Credit card (automatic),Premium (>$95),No,5530,0.35637010300067223,0,Low Risk
5453-YBTWV,70,Two year,101.1,6994.8,Fiber optic,Credit card (automatic),Premium (>$95),No,4226,0.011071163228316796,0,Very Low Risk
5039-LZRQT,13,One year,20.2,273.25,No,Mailed check,Low (<$35),No,2953,0.07390114282636169,0,Very Low Risk
2931-VUVJN,59,One year,94.05,5483.9,Fiber optic,Electronic check,High ($65-95),No,5061,0.14829218134285346,0,Very Low Risk
6418-PIQSP,62,Two year,81.0,4985.9,DSL,Mailed check,High ($65-95),No,4684,0.021472087381203014,0,Very Low Risk
8220-OCUFY,21,One year,60.25,1258.35,DSL,Electronic check,Medium ($35-65),No,4870,0.20118971502589678,0,Very Low Risk
3995-WFCSM,2,Month-to-month,60.85,111.4,DSL,Electronic check,Medium ($35-65),No,3796,0.586080604258417,1,Medium Risk
1895-QTKDO,1,Month-to-month,43.95,43.95,DSL,Credit card (automatic),Medium ($35-65),No,5684,0.5453142154240118,1,Medium Risk
2038-OEQZH,4,Month-to-month,86.05,308.1,Fiber optic,Electronic check,High ($65-95),No,3653,0.6995816242267433,1,Medium Risk
1178-PZGAB,19,One year,20.25,383.65,No,Credit card (automatic),Low (<$35),No,5586,0.09518167425497405,0,Very Low Risk
2626-VEEWG,67,Two year,19.4,1284.2,No,Credit card (automatic),Low (<$35),No,4890,0.003568094249501938,0,Very Low Risk
2878-RMWXY,72,Two year,102.65,7550.3,Fiber optic,Credit card (automatic),Premium (>$95),No,4680,0.08003544332713869,0,Very Low Risk
1657-DYMBM,53,Two year,19.9,1110.05,No,Credit card (automatic),Low (<$35),No,4157,0.027003896160737985,0,Very Low Risk
7311-MQJCH,5,One year,19.55,99.6,No,Electronic check,Low (<$35),No,2575,0.19986127800062,0,Very Low Risk
7375-WMVMT,71,Two year,95.5,6707.15,Fiber optic,Credit card (automatic),Premium (>$95),No,6412,0.13160776424525625,0,Very Low Risk
1136-XGEQU,50,One year,84.15,4164.4,DSL,Credit card (automatic),High ($65-95),No,4625,0.15225717924806592,0,Very Low Risk
2530-FMFXO,56,Two year,103.2,5873.75,Fiber optic,Electronic check,Premium (>$95),No,4478,0.08098705188976506,0,Very Low Risk
6844-DZKRF,2,Month-to-month,50.2,109.25,DSL,Credit card (automatic),Medium ($35-65),No,4697,0.4624341631250639,0,Low Risk
5970-GHJAW,46,Two year,19.95,862.4,No,Credit card (automatic),Low (<$35),No,3574,0.0011079466275348794,0,Very Low Risk
8879-XUAHX,71,Two year,116.25,8564.75,Fiber optic,Electronic check,Premium (>$95),No,6124,0.06664013075773564,0,Very Low Risk
3689-MOZGR,29,Month-to-month,31.2,926.2,DSL,Electronic check,Low (<$35),No,4761,0.37259751232003685,0,Low Risk
4195-PNGZS,69,Two year,24.45,1718.2,No,Bank transfer (automatic),Low (<$35),No,5295,0.002069581453471313,0,Very Low Risk
5003-XZWWO,71,Two year,84.2,5956.85,DSL,Credit card (automatic),High ($65-95),No,4753,0.02332854067096153,0,Very Low Risk
7622-FWGEW,56,Two year,85.65,4824.45,DSL,Bank transfer (automatic),High ($65-95),No,6500,0.04235691135591822,0,Very Low Risk
6922-NCEDI,56,One year,21.2,1238.65,No,Mailed check,Low (<$35),No,6473,0.06483555235743435,0,Very Low Risk
9891-NQDBD,28,One year,25.55,672.2,No,Mailed check,Low (<$35),No,3493,0.05235643964764645,0,Very Low Risk
6131-IUNXN,19,Month-to-month,20.2,382.2,No,Mailed check,Low (<$35),No,3636,0.059777234189000474,0,Very Low Risk
8548-AWOFC,66,Month-to-month,63.85,4264.6,DSL,Electronic check,Medium ($35-65),No,5956,0.1844818863423565,0,Very Low Risk
9798-DRYDS,17,One year,61.95,1070.7,DSL,Mailed check,Medium ($35-65),No,4759,0.19824682582112613,0,Very Low Risk
8532-UEFWH,52,Two year,25.75,1345.85,No,Mailed check,Low (<$35),No,4676,0.006668469481169382,0,Very Low Risk
6296-DDOOR,19,One year,58.2,1045.25,DSL,Electronic check,Medium ($35-65),No,4033,0.18187337999136566,0,Very Low Risk
7951-VRDVK,36,One year,85.85,3003.55,DSL,Bank transfer (automatic),High ($65-95),No,4898,0.15351802598715258,0,Very Low Risk
4815-YOSUK,72,One year,104.9,7537.5,Fiber optic,Credit card (automatic),Premium (>$95),No,4927,0.046941532112745626,0,Very Low Risk
0380-NEAVX,34,One year,99.85,3343.15,Fiber optic,Electronic check,Premium (>$95),No,5626,0.40340523724514105,0,Low Risk
4365-MSDYN,8,Month-to-month,19.55,161.15,No,Bank transfer (automatic),Low (<$35),No,4909,0.19486511939163445,0,Very Low Risk
7036-TYDEC,69,Two year,104.0,7028.5,Fiber optic,Electronic check,Premium (>$95),No,5902,0.25642476352758115,0,Low Risk
5802-ADBRC,50,One year,104.4,5232.9,Fiber optic,Mailed check,Premium (>$95),No,6100,0.3019043062614347,0,Low Risk
8076-FEZKJ,10,One year,19.5,225.85,No,Mailed check,Low (<$35),No,5039,0.06547104855138663,0,Very Low Risk
5197-YPYBZ,12,Two year,25.25,274.7,No,Credit card (automatic),Low (<$35),No,2646,0.018767434644517272,0,Very Low Risk
4312-GVYNH,70,Two year,49.85,3370.2,DSL,Bank transfer (automatic),Medium ($35-65),No,5460,0.023751837339295562,0,Very Low Risk
8495-LJDFO,64,Month-to-month,108.95,7111.3,Fiber optic,Bank transfer (automatic),Premium (>$95),No,5780,0.3041893894901313,0,Low Risk
0839-JTCUD,66,Two year,89.9,5958.85,DSL,Credit card (automatic),High ($65-95),No,4082,0.023378054713480183,0,Very Low Risk
5494-WOZRZ,71,Two year,82.0,5999.85,DSL,Credit card (automatic),High ($65-95),No,5770,0.025940954507255892,0,Very Low Risk
1302-UHBDD,20,Month-to-month,89.95,1648.45,Fiber optic,Electronic check,High ($65-95),No,4812,0.6692227977573423,1,Medium Risk
2234-EOFPT,72,Two year,79.35,5753.25,DSL,Bank transfer (automatic),High ($65-95),No,4278,0.03163600721332819,0,Very Low Risk
8619-IJNDK,71,Two year,64.05,4492.9,DSL,Credit card (automatic),Medium ($35-65),No,4374,0.04095343349086736,0,Very Low Risk
8378-LKJAF,38,Month-to-month,101.15,3956.7,Fiber optic,Credit card (automatic),Premium (>$95),No,3738,0.14208417045832822,0,Very Low Risk
1153-GNOLC,33,One year,39.1,1309.0,DSL,Electronic check,Medium ($35-65),No,2855,0.28700716405845766,0,Low Risk
3298-QEICA,23,Two year,34.6,813.45,DSL,Mailed check,Low (<$35),No,4445,0.06662869291161934,0,Very Low Risk
0788-DXBFY,58,One year,19.55,1108.8,No,Electronic check,Low (<$35),No,4801,0.09963881793683886,0,Very Low Risk
3597-YASZG,70,Two year,104.45,7349.35,Fiber optic,Bank transfer (automatic),Premium (>$95),No,5004,0.13408721355081954,0,Very Low Risk
3496-LFSZU,4,Month-to-month,70.5,294.2,Fiber optic,Electronic check,High ($65-95),No,2896,0.7186062327954658,1,Medium Risk
5242-UOWHD,45,Two year,20.35,929.2,No,Mailed check,Low (<$35),No,4210,0.0019729343193890525,0,Very Low Risk
6479-SZPLM,36,Two year,19.45,754.5,No,Credit card (automatic),Low (<$35),No,5745,0.0011079466275348794,0,Very Low Risk
8097-VBQTZ,54,Month-to-month,69.9,3883.3,DSL,Mailed check,High ($65-95),No,6092,0.10140945142395859,0,Very Low Risk
4500-HKANN,23,Two year,59.7,1414.2,DSL,Mailed check,Medium ($35-65),No,3464,0.09692003777012131,0,Very Low Risk
9917-KWRBE,41,One year,78.35,3211.2,DSL,Credit card (automatic),High ($65-95),No,2894,0.13912780523446133,0,Very Low Risk
3420-ZDBMA,5,Month-to-month,71.45,371.6,Fiber optic,Mailed check,High ($65-95),No,5171,0.7414024972538946,1,Medium Risk
2212-LYASK,27,One year,45.85,1246.4,DSL,Credit card (automatic),Medium ($35-65),No,2068,0.24431140893184453,0,Very Low Risk
1393-IMKZG,1,Month-to-month,95.85,95.85,Fiber optic,Electronic check,Premium (>$95),No,3270,0.7196079636400969,1,Medium Risk
8069-RHUXK,67,Two year,35.7,2545.7,DSL,Credit card (automatic),Medium ($35-65),No,5655,0.03655700754133804,0,Very Low Risk
3398-GCPMU,72,Two year,89.55,6448.85,DSL,Credit card (automatic),High ($65-95),No,4993,0.02530092175447088,0,Very Low Risk
2908-WGAXL,56,Two year,24.95,1468.9,No,Credit card (automatic),Low (<$35),No,5243,0.027921825282203775,0,Very Low Risk
3378-AJRAO,44,One year,24.85,1013.6,No,Electronic check,Low (<$35),No,5331,0.023958718493802506,0,Very Low Risk
1013-QCWAM,66,Month-to-month,100.8,6690.75,Fiber optic,Electronic check,Premium (>$95),No,5469,0.6417869908933119,1,Medium Risk
6050-FFXES,69,Two year,105.35,7240.65,Fiber optic,Bank transfer (automatic),Premium (>$95),No,5268,0.14433291119869718,0,Very Low Risk
0362-RAOQO,40,Two year,19.65,830.25,No,Credit card (automatic),Low (<$35),No,3878,0.031370558660646905,0,Very Low Risk
9554-DFKIC,30,Month-to-month,54.45,1588.7,DSL,Bank transfer (automatic),Medium ($35-65),No,2613,0.11013850000529297,0,Very Low Risk
5527-ACHSO,11,Month-to-month,70.5,829.3,DSL,Mailed check,High ($65-95),No,5541,0.3110380730592583,0,Low Risk
0829-DDVLK,15,One year,20.1,302.45,No,Credit card (automatic),Low (<$35),No,4359,0.12380156894586083,0,Very Low Risk
1399-UBQIU,11,Month-to-month,69.35,712.25,DSL,Electronic check,High ($65-95),No,2288,0.5929034364250435,1,Medium Risk
1813-JLKWR,64,One year,19.8,1336.65,No,Bank transfer (automatic),Low (<$35),No,5384,0.08079650810803768,0,Very Low Risk
0336-PIKEI,72,Two year,74.4,5360.75,DSL,Bank transfer (automatic),High ($65-95),No,5590,0.05186655234208464,0,Very Low Risk
7322-OCWHC,72,Two year,93.05,6735.05,Fiber optic,Bank transfer (automatic),High ($65-95),No,4988,0.05877501893019879,0,Very Low Risk
9537-VHDTA,1,Month-to-month,51.2,51.2,DSL,Mailed check,Medium ($35-65),No,3699,0.34489736843747537,0,Low Risk
4957-TIALW,15,One year,65.6,1010.0,DSL,Credit card (automatic),High ($65-95),No,2976,0.10257840447182826,0,Very Low Risk
2054-PJOCK,60,One year,80.55,4847.05,DSL,Credit card (automatic),High ($65-95),No,4159,0.0945475300903058,0,Very Low Risk
9150-HEPMB,56,One year,52.7,3019.7,DSL,Mailed check,Medium ($35-65),No,4753,0.05332858947756438,0,Very Low Risk
9030-QGZNL,8,Two year,20.85,161.65,No,Mailed check,Low (<$35),No,4249,0.10369201798128339,0,Very Low Risk
3126-WQMGH,49,Month-to-month,52.15,2583.75,DSL,Credit card (automatic),Medium ($35-65),No,5224,0.27065591551447016,0,Low Risk
7176-WRTNX,70,Two year,114.95,7711.25,Fiber optic,Bank transfer (automatic),Premium (>$95),No,4511,0.14239324289551575,0,Very Low Risk
5732-IKGQH,52,One year,104.45,5481.25,Fiber optic,Bank transfer (automatic),Premium (>$95),No,5490,0.3009885267659021,0,Low Risk
9239-GZHZE,72,Two year,113.65,8124.2,Fiber optic,Credit card (automatic),Premium (>$95),No,6469,0.03699066466467499,0,Very Low Risk
7205-BAIAD,40,Two year,20.6,827.3,No,Bank transfer (automatic),Low (<$35),No,3091,0.02675294054696977,0,Very Low Risk
0093-EXYQL,40,Month-to-month,91.55,3673.6,Fiber optic,Electronic check,High ($65-95),No,5742,0.7254721664914315,1,Medium Risk
8064-RAVOH,1,Month-to-month,49.85,49.85,DSL,Electronic check,Medium ($35-65),No,5323,0.5603794882885508,1,Medium Risk
0219-QAERP,30,One year,19.8,576.65,No,Credit card (automatic),Low (<$35),No,4006,0.03462655551165003,0,Very Low Risk
9168-INPSZ,44,Month-to-month,104.15,4495.65,Fiber optic,Electronic check,Premium (>$95),No,2944,0.48296941034363117,0,Low Risk
0015-UOCOJ,7,Month-to-month,48.2,340.35,DSL,Electronic check,Medium ($35-65),No,5525,0.6152170945457037,1,Medium Risk
5334-AFQJB,72,Two year,25.1,1789.9,No,Credit card (automatic),Low (<$35),No,5751,0.01853079560659669,0,Very Low Risk
2754-SDJRD,8,Month-to-month,100.15,908.55,Fiber optic,Credit card (automatic),Premium (>$95),No,5157,0.6922059611235193,1,Medium Risk
8963-JLGJT,3,Month-to-month,55.9,157.55,DSL,Mailed check,Medium ($35-65),No,4648,0.26176029462688566,0,Low Risk
1465-LNTLJ,8,Month-to-month,64.4,581.7,DSL,Credit card (automatic),Medium ($35-65),No,4537,0.3169373338839391,0,Low Risk
2135-DQWAQ,5,Month-to-month,85.3,420.45,Fiber optic,Mailed check,High ($65-95),No,2689,0.6978489287730266,1,Medium Risk
4056-QHXHZ,72,Two year,107.45,7576.7,Fiber optic,Mailed check,Premium (>$95),No,5246,0.023871611583672063,0,Very Low Risk
7401-JIXNM,54,Two year,91.3,4965.0,DSL,Credit card (automatic),High ($65-95),No,5907,0.02666834475803722,0,Very Low Risk
9339-FIIJL,72,Two year,85.95,6151.9,DSL,Bank transfer (automatic),High ($65-95),No,6450,0.01978346181438061,0,Very Low Risk
4706-DGAHW,1,Month-to-month,45.2,45.2,DSL,Electronic check,Medium ($35-65),No,4576,0.7320330750935392,1,Medium Risk
6670-MFRPK,69,Two year,79.2,5420.65,Fiber optic,Credit card (automatic),High ($65-95),No,4072,0.024965955140506292,0,Very Low Risk
6177-PEVRA,48,Two year,55.5,2627.35,DSL,Credit card (automatic),Medium ($35-65),No,4975,0.10239489876549011,0,Very Low Risk
4813-HQMGZ,8,Month-to-month,90.25,743.75,Fiber optic,Electronic check,High ($65-95),No,4969,0.7274964524789357,1,Medium Risk
7579-KKLOE,71,Two year,91.25,6589.6,DSL,Mailed check,High ($65-95),No,5529,0.012307503419318425,0,Very Low Risk
8402-EIVQS,67,One year,100.9,6733.15,Fiber optic,Credit card (automatic),Premium (>$95),No,4078,0.2341107950300347,0,Very Low Risk
4947-DSMXK,34,Month-to-month,97.7,3410.0,Fiber optic,Bank transfer (automatic),Premium (>$95),No,5789,0.18114187848197724,0,Very Low Risk
7245-NIIWQ,3,Month-to-month,69.85,199.85,Fiber optic,Electronic check,High ($65-95),No,4764,0.8613155836754275,1,High Risk
0002-ORFBO,9,One year,65.6,593.3,DSL,Mailed check,High ($65-95),No,2205,0.2166867977999037,0,Very Low Risk
3324-OIRTO,71,One year,104.65,7288.4,Fiber optic,Bank transfer (automatic),Premium (>$95),No,6101,0.05969728367045512,0,Very Low Risk
5414-OFQCB,57,Two year,90.45,5229.8,Fiber optic,Credit card (automatic),High ($65-95),No,5076,0.10887734053892599,0,Very Low Risk
4967-WPNCF,72,Two year,63.7,4464.8,DSL,Bank transfer (automatic),Medium ($35-65),No,4921,0.006699034896279308,0,Very Low Risk
8552-OBVRU,48,Month-to-month,104.5,5068.05,Fiber optic,Electronic check,Premium (>$95),No,3847,0.1753530690513346,0,Very Low Risk
8499-BRXTD,18,One year,20.1,401.85,No,Mailed check,Low (<$35),No,5586,0.043029042808116834,0,Very Low Risk
9154-QDGTH,43,One year,104.3,4451.85,Fiber optic,Credit card (automatic),Premium (>$95),No,3927,0.07835339227871074,0,Very Low Risk
8197-BFWVU,72,Two year,93.25,6688.95,DSL,Bank transfer (automatic),High ($65-95),No,5197,0.018127095304960927,0,Very Low Risk
2577-GVSIL,35,One year,73.45,2661.1,DSL,Bank transfer (automatic),High ($65-95),No,4719,0.20047285375245744,0,Very Low Risk
9367-OIUXP,4,Month-to-month,20.7,73.05,No,Mailed check,Low (<$35),No,4676,0.29648221991010376,0,Low Risk
6770-UAYGJ,49,Two year,25.25,1211.65,No,Mailed check,Low (<$35),No,5616,0.0009110831482947024,0,Very Low Risk
6463-HHXJR,71,Two year,100.5,7030.65,Fiber optic,Bank transfer (automatic),Premium (>$95),No,4080,0.01550849576576972,0,Very Low Risk
7928-VJYAB,11,Month-to-month,90.6,1020.2,Fiber optic,Electronic check,High ($65-95),No,2004,0.20566206451870658,0,Very Low Risk
1187-WILMM,63,Two year,89.4,5597.65,DSL,Credit card (automatic),High ($65-95),No,5004,0.019785038256841348,0,Very Low Risk
9776-OJUZI,65,Month-to-month,95.45,6223.3,Fiber optic,Bank transfer (automatic),Premium (>$95),No,4168,0.41295529509010015,0,Low Risk
1306-RPWXZ,49,Two year,20.45,1024.65,No,Credit card (automatic),Low (<$35),No,4784,0.0077669445416456455,0,Very Low Risk
3097-PYWXL,4,Month-to-month,19.95,82.9,No,Electronic check,Low (<$35),No,2951,0.14787126027233397,0,Very Low Risk
2266-SJNAT,72,One year,109.15,7789.6,Fiber optic,Credit card (automatic),Premium (>$95),No,4807,0.1987562743420854,0,Very Low Risk
0869-PAPRP,26,Month-to-month,85.7,2067.0,Fiber optic,Credit card (automatic),High ($65-95),No,3935,0.4750732592853811,0,Low Risk
4238-JSSWH,35,Month-to-month,102.05,3452.55,Fiber optic,Bank transfer (automatic),Premium (>$95),No,3199,0.4972505035077056,0,Low Risk
2972-YDYUW,57,One year,94.7,5468.95,Fiber optic,Electronic check,High ($65-95),No,4507,0.26138607429301186,0,Low Risk
1104-FEJAM,28,Month-to-month,64.4,1802.15,DSL,Electronic check,Medium ($35-65),No,2434,0.10674376749508316,0,Very Low Risk
2809-ILCYT,25,One year,26.8,733.55,No,Mailed check,Low (<$35),No,3428,0.07989519612027075,0,Very Low Risk
5499-ECUTN,47,One year,66.05,3021.45,DSL,Credit card (automatic),High ($65-95),No,3404,0.1251069125692808,0,Very Low Risk
4981-FLTMF,57,Month-to-month,65.2,3687.85,DSL,Bank transfer (automatic),High ($65-95),No,4491,0.0565680020832994,0,Very Low Risk
9121-PHQSR,16,Month-to-month,85.05,1391.15,Fiber optic,Credit card (automatic),High ($65-95),No,3739,0.5555415039263126,1,Medium Risk
3113-IWHLC,5,Month-to-month,55.8,274.35,DSL,Mailed check,Medium ($35-65),No,2612,0.4266703068477921,0,Low Risk
4277-BWBML,72,Two year,19.95,1322.85,No,Bank transfer (automatic),Low (<$35),No,5092,0.002486714092981729,0,Very Low Risk
0234-TEVTT,48,One year,45.0,2196.3,DSL,Credit card (automatic),Medium ($35-65),No,5269,0.074961520598763,0,Very Low Risk
4304-TSPVK,68,Two year,114.9,7843.55,Fiber optic,Bank transfer (automatic),Premium (>$95),No,5782,0.10673158153376933,0,Very Low Risk
1552-AAGRX,30,Month-to-month,106.4,3211.9,Fiber optic,Bank transfer (automatic),Premium (>$95),No,5503,0.3612340082684677,0,Low Risk
2637-FKFSY,3,Month-to-month,46.1,130.15,DSL,Mailed check,Medium ($35-65),No,4047,0.6231761023004676,1,Medium Risk
9796-MVYXX,14,Two year,39.7,692.35,DSL,Mailed check,Medium ($35-65),No,3162,0.06280841099478819,0,Very Low Risk
7874-ECPQJ,4,Month-to-month,20.05,85.5,No,Bank transfer (automatic),Low (<$35),No,4462,0.15774691974721058,0,Very Low Risk
0020-INWCK,71,Two year,95.75,6849.4,Fiber optic,Credit card (automatic),Premium (>$95),No,4865,0.039407455178464085,0,Very Low Risk
7089-RKVSZ,8,One year,24.4,203.95,No,Mailed check,Low (<$35),No,2028,0.0499175046605613,0,Very Low Risk
2683-JXWQQ,61,Month-to-month,33.6,2117.2,DSL,Bank transfer (automatic),Low (<$35),No,6495,0.09973280144009865,0,Very Low Risk
9548-ZMVTX,72,Two year,90.45,6565.85,Fiber optic,Bank transfer (automatic),High ($65-95),No,4461,0.018149296046480263,0,Very Low Risk
8739-XNIKG,5,Month-to-month,84.0,424.75,Fiber optic,Electronic check,High ($65-95),No,4456,0.8884826874885478,1,High Risk
9755-JHNMN,49,Two year,67.4,3306.85,DSL,Bank transfer (automatic),High ($65-95),No,5075,0.0557786608197607,0,Very Low Risk
3981-QSVQI,8,Month-to-month,19.7,168.9,No,Bank transfer (automatic),Low (<$35),No,5498,0.1910684705741888,0,Very Low Risk
2789-HQBOU,3,Month-to-month,80.35,253.8,Fiber optic,Electronic check,High ($65-95),No,4203,0.8701317700684044,1,High Risk
9424-CMPOG,9,Two year,19.6,197.4,No,Mailed check,Low (<$35),No,4406,0.016581238684463005,0,Very Low Risk
5067-WJEUN,67,Two year,54.2,3838.2,DSL,Bank transfer (automatic),Medium ($35-65),No,6005,0.012842008130641765,0,Very Low Risk
3450-WXOAT,46,Month-to-month,45.2,2065.15,DSL,Credit card (automatic),Medium ($35-65),No,3150,0.3556549747021285,0,Low Risk
9251-WNSOD,67,One year,75.1,5064.45,DSL,Mailed check,High ($65-95),No,4931,0.12116748752317609,0,Very Low Risk
6974-DAFLI,55,One year,19.7,1140.05,No,Electronic check,Low (<$35),No,4888,0.07359021754796119,0,Very Low Risk
2616-UUTFK,33,Month-to-month,72.75,2447.45,DSL,Bank transfer (automatic),High ($65-95),No,4959,0.19199911941760456,0,Very Low Risk
7064-JHXCE,62,Two year,20.05,1263.9,No,Credit card (automatic),Low (<$35),No,6444,0.0011904121007293,0,Very Low Risk
7989-AWGEH,49,Month-to-month,39.2,1838.15,DSL,Electronic check,Medium ($35-65),No,4810,0.1391956483753151,0,Very Low Risk
4373-VVHQL,1,Month-to-month,44.75,44.75,DSL,Electronic check,Medium ($35-65),No,5479,0.8008503313498807,1,High Risk
4559-UWIHT,14,Month-to-month,82.65,1185.0,Fiber optic,Electronic check,High ($65-95),No,4965,0.7898661838683186,1,High Risk
7268-IGMFD,18,Month-to-month,93.9,1743.9,Fiber optic,Bank transfer (automatic),High ($65-95),No,3728,0.3826300559504747,0,Low Risk
6650-BWFRT,72,Two year,117.15,8529.5,Fiber optic,Credit card (automatic),Premium (>$95),No,4743,0.0428932152794349,0,Very Low Risk
9570-KYEUA,64,Two year,99.25,6549.45,Fiber optic,Credit card (automatic),Premium (>$95),No,5213,0.12233753577429572,0,Very Low Risk
6993-YGFJV,69,Two year,112.55,7806.5,Fiber optic,Bank transfer (automatic),Premium (>$95),No,5532,0.13376102510595614,0,Very Low Risk
2712-SYWAY,1,Month-to-month,25.7,25.7,No,Electronic check,Low (<$35),No,5249,0.254368983591833,0,Low Risk
0730-BGQGF,71,Two year,90.3,6287.3,DSL,Credit card (automatic),High ($65-95),No,6291,0.0024229486190123738,0,Very Low Risk
5498-IBWPI,66,One year,49.4,3251.85,DSL,Credit card (automatic),Medium ($35-65),No,5232,0.043647168536713125,0,Very Low Risk
9101-NTIXF,2,Month-to-month,19.4,50.6,No,Mailed check,Low (<$35),No,3954,0.24472361069465998,0,Very Low Risk
0013-SMEOE,71,Two year,109.7,7904.25,Fiber optic,Bank transfer (automatic),Premium (>$95),No,5011,0.048560119709296495,0,Very Low Risk
9314-QDMDW,11,One year,61.25,729.95,DSL,Electronic check,Medium ($35-65),No,2738,0.3002326550815878,0,Low Risk
9308-ANMVE,47,Month-to-month,55.3,2654.05,DSL,Electronic check,Medium ($35-65),No,5491,0.15660170232390133,0,Very Low Risk
3413-DHLPB,60,Month-to-month,103.75,5969.95,Fiber optic,Bank transfer (automatic),Premium (>$95),No,6237,0.12845343052568595,0,Very Low Risk
7649-PHJVR,11,One year,19.5,226.8,No,Mailed check,Low (<$35),No,5825,0.0642864990666035,0,Very Low Risk
6114-TCFID,29,One year,39.5,1082.75,DSL,Credit card (automatic),Medium ($35-65),No,5103,0.07171348463201936,0,Very Low Risk
3787-TRIAL,21,Month-to-month,26.05,565.75,DSL,Electronic check,Low (<$35),No,4302,0.278340112252434,0,Low Risk
2573-GYRUU,48,Month-to-month,91.05,4370.75,Fiber optic,Credit card (automatic),High ($65-95),No,3594,0.4776993971852802,0,Low Risk
5156-UMKOW,3,Month-to-month,29.65,90.05,DSL,Mailed check,Low (<$35),No,5880,0.21885187462746727,0,Very Low Risk
1247-QBVSH,43,Month-to-month,50.2,2169.4,DSL,Mailed check,Medium ($35-65),No,5284,0.11589261660183675,0,Very Low Risk
6734-GMPVK,5,Month-to-month,105.3,550.6,Fiber optic,Electronic check,Premium (>$95),No,4024,0.5986366001641161,1,Medium Risk
9822-OAOVB,1,Month-to-month,55.45,55.45,DSL,Electronic check,Medium ($35-65),No,5286,0.7647348382572909,1,High Risk
6161-ERDGD,71,One year,85.45,6300.85,DSL,Electronic check,High ($65-95),No,5280,0.05636173427324352,0,Very Low Risk
1226-JZNKR,8,One year,19.8,160.05,No,Electronic check,Low (<$35),No,5698,0.11138672798085071,0,Very Low Risk
7318-EIVKO,8,Month-to-month,59.25,436.6,DSL,Electronic check,Medium ($35-65),No,3003,0.6359786154068808,1,Medium Risk
3771-PZOBW,20,Month-to-month,90.7,1781.35,Fiber optic,Credit card (automatic),High ($65-95),No,2927,0.5201444079864206,1,Medium Risk
8231-BSWXX,71,One year,79.05,5552.5,Fiber optic,Credit card (automatic),High ($65-95),No,5466,0.17124659098702416,0,Very Low Risk
6486-LHTMA,31,One year,90.7,2835.5,Fiber optic,Electronic check,High ($65-95),No,2364,0.48189138380143354,0,Low Risk
4083-BFNYK,38,One year,95.0,3591.25,Fiber optic,Credit card (automatic),High ($65-95),No,5148,0.24962755896005848,0,Very Low Risk
7389-KBFIT,2,Month-to-month,30.25,63.75,DSL,Mailed check,Low (<$35),No,4387,0.3179196333620736,0,Low Risk
7176-WIONM,12,Month-to-month,49.85,617.15,DSL,Bank transfer (automatic),Medium ($35-65),No,2873,0.4896436461442722,0,Low Risk
5141-ZUVBH,9,Month-to-month,93.0,870.25,Fiber optic,Bank transfer (automatic),High ($65-95),No,2267,0.20641716861393203,0,Very Low Risk
1089-HDMKP,11,Month-to-month,54.55,601.25,DSL,Electronic check,Medium ($35-65),No,4143,0.2676778374157216,0,Low Risk
7623-HKYRK,6,Month-to-month,19.7,111.65,No,Mailed check,Low (<$35),No,2276,0.12470885408468282,0,Very Low Risk
0310-SUCIN,71,One year,84.8,6046.1,DSL,Bank transfer (automatic),High ($65-95),No,5643,0.12878614124648308,0,Very Low Risk
5197-PYEPU,42,One year,94.45,3923.8,Fiber optic,Credit card (automatic),High ($65-95),No,5643,0.07895350575408909,0,Very Low Risk
6619-RPLQZ,45,Two year,20.85,892.15,No,Mailed check,Low (<$35),No,2844,0.0038083505796836564,0,Very Low Risk
3275-RHRNE,28,One year,60.0,1682.05,DSL,Credit card (automatic),Medium ($35-65),No,2797,0.06686784241920755,0,Very Low Risk
3503-TYDAY,43,Month-to-month,80.45,3398.9,Fiber optic,Electronic check,High ($65-95),No,5357,0.48690147199827216,0,Low Risk
6901-GOGZG,60,Two year,84.95,4984.85,DSL,Electronic check,High ($65-95),No,4104,0.045446844418436924,0,Very Low Risk
7021-XSNYE,7,Two year,49.65,305.55,DSL,Credit card (automatic),Medium ($35-65),No,2750,0.05595981958397306,0,Very Low Risk
9621-OUPYD,25,One year,20.2,507.9,No,Bank transfer (automatic),Low (<$35),No,4129,0.06855637611624713,0,Very Low Risk
8982-NHAVY,27,One year,100.5,2673.45,Fiber optic,Bank transfer (automatic),Premium (>$95),No,5939,0.38965480256205254,0,Low Risk
4307-KWMXE,10,Month-to-month,35.75,389.8,DSL,Electronic check,Medium ($35-65),No,2263,0.2543663570410978,0,Low Risk
0141-YEAYS,27,Month-to-month,86.45,2401.05,Fiber optic,Bank transfer (automatic),High ($65-95),No,5990,0.5298978975885879,1,Medium Risk
2450-ZKEED,11,One year,53.8,651.55,DSL,Bank transfer (automatic),Medium ($35-65),No,5899,0.16550981961678904,0,Very Low Risk
3694-DELSO,4,Month-to-month,38.55,156.1,DSL,Credit card (automatic),Medium ($35-65),No,3824,0.24184661239729743,0,Very Low Risk
3893-JRNFS,68,Month-to-month,39.9,2796.35,DSL,Bank transfer (automatic),Medium ($35-65),No,6270,0.33809816074208265,0,Low Risk
9603-OAIHC,1,Month-to-month,70.05,70.05,Fiber optic,Electronic check,High ($65-95),No,2469,0.8702530550826427,1,High Risk
1133-KXCGE,18,One year,20.1,407.05,No,Mailed check,Low (<$35),No,2910,0.06288789571080927,0,Very Low Risk
0142-GVYSN,26,Month-to-month,20.3,511.25,No,Electronic check,Low (<$35),No,5712,0.06658735214776282,0,Very Low Risk
1049-FYSYG,17,Month-to-month,35.65,646.05,DSL,Credit card (automatic),Medium ($35-65),No,5977,0.33435122267774653,0,Low Risk
8406-LNMHF,59,One year,82.95,4903.15,Fiber optic,Credit card (automatic),High ($65-95),No,5295,0.12253662674065109,0,Very Low Risk
1821-BUCWY,30,Two year,55.65,1653.85,DSL,Mailed check,Medium ($35-65),No,5445,0.0781198054609751,0,Very Low Risk
0023-UYUPN,50,One year,25.2,1306.3,No,Electronic check,Low (<$35),No,4015,0.0791115767593792,0,Very Low Risk
8314-DPQHL,9,One year,50.8,463.6,DSL,Mailed check,Medium ($35-65),No,5535,0.13175092478340159,0,Very Low Risk
1465-WCZVT,3,Month-to-month,19.65,60.65,No,Mailed check,Low (<$35),No,4943,0.16925476177069587,0,Very Low Risk
9481-SFCQY,14,Month-to-month,59.8,824.85,DSL,Credit card (automatic),Medium ($35-65),No,5962,0.20940102346141973,0,Very Low Risk
6360-SVNWV,31,Month-to-month,73.55,2094.65,Fiber optic,Credit card (automatic),High ($65-95),No,2057,0.38492154706562315,0,Low Risk
0567-GGCAC,7,Month-to-month,61.4,438.9,DSL,Electronic check,Medium ($35-65),No,2845,0.3191202193541774,0,Low Risk
8884-MRNSU,17,One year,19.9,329.75,No,Bank transfer (automatic),Low (<$35),No,3526,0.060725762150264234,0,Very Low Risk
2171-UDMFD,32,Month-to-month,19.45,674.55,No,Credit card (automatic),Low (<$35),No,4363,0.03444321852103345,0,Very Low Risk
9050-IKDZA,2,Month-to-month,81.5,162.55,Fiber optic,Mailed check,High ($65-95),No,4267,0.6914060417701114,1,Medium Risk
9802-CAQUT,72,Two year,109.55,7887.25,Fiber optic,Credit card (automatic),Premium (>$95),No,5723,0.00962220522826061,0,Very Low Risk
0187-WZNAB,27,Month-to-month,74.4,1972.35,Fiber optic,Mailed check,High ($65-95),No,4331,0.10788045811074626,0,Very Low Risk
1475-VWVDO,7,Month-to-month,74.9,490.55,Fiber optic,Electronic check,High ($65-95),No,5335,0.8104840044024624,1,High Risk
1357-MVDOZ,11,Month-to-month,59.65,683.25,DSL,Bank transfer (automatic),Medium ($35-65),No,2136,0.16932196107497394,0,Very Low Risk
7602-MVRMB,72,Two year,110.45,8058.85,Fiber optic,Bank transfer (automatic),Premium (>$95),No,4754,0.015875477580971444,0,Very Low Risk
1197-BVMVG,4,Month-to-month,74.45,294.45,Fiber optic,Electronic check,High ($65-95),No,4093,0.87183407026985,1,High Risk
5406-KGRMX,71,Two year,24.55,1719.15,No,Electronic check,Low (<$35),No,4555,0.0324637202465806,0,Very Low Risk
5968-HYJRZ,47,Two year,24.55,1160.45,No,Mailed check,Low (<$35),No,3629,0.001520771154370829,0,Very Low Risk
5198-EFNBM,57,One year,90.65,5199.8,Fiber optic,Electronic check,High ($65-95),No,5636,0.37056779948260116,0,Low Risk
7516-GMHUV,50,Two year,105.05,5163.3,Fiber optic,Credit card (automatic),Premium (>$95),No,5324,0.2033436949105569,0,Very Low Risk
7140-ADSMJ,8,Month-to-month,20.45,162.3,No,Credit card (automatic),Low (<$35),No,5624,0.11444857882271416,0,Very Low Risk
2230-XTUWL,48,Two year,19.55,883.35,No,Mailed check,Low (<$35),No,5461,0.004987880377702478,0,Very Low Risk
7706-YLMQA,70,One year,19.7,1341.5,No,Bank transfer (automatic),Low (<$35),No,6072,0.06761425629272215,0,Very Low Risk
2585-KTFRE,1,Month-to-month,70.45,70.45,DSL,Bank transfer (automatic),High ($65-95),No,2706,0.16049254926327805,0,Very Low Risk
7994-UYIVZ,8,Month-to-month,85.65,659.45,Fiber optic,Bank transfer (automatic),High ($65-95),No,2512,0.7339426755315099,1,Medium Risk
7717-BICXI,60,Two year,20.55,1205.05,No,Mailed check,Low (<$35),No,4020,0.002959106911352522,0,Very Low Risk
6559-RAKOZ,49,One year,97.95,4917.9,Fiber optic,Electronic check,Premium (>$95),No,4301,0.15449508081105162,0,Very Low Risk
4716-MRVEN,29,One year,20.0,599.3,No,Mailed check,Low (<$35),No,4128,0.04272647757435651,0,Very Low Risk
2143-LJULT,67,Two year,25.25,1733.15,No,Credit card (automatic),Low (<$35),No,5887,0.01939105337589122,0,Very Low Risk
3200-MNQTF,67,Two year,70.9,4677.1,DSL,Credit card (automatic),High ($65-95),No,4361,0.0426990583892423,0,Very Low Risk
6164-HXUGH,6,Month-to-month,19.85,119.3,No,Mailed check,Low (<$35),No,5060,0.13160225718677668,0,Very Low Risk
5630-IXDXV,47,Month-to-month,106.35,4849.1,Fiber optic,Electronic check,Premium (>$95),No,3723,0.6768905500378883,1,Medium Risk
0320-DWVTU,53,Two year,99.5,5424.25,Fiber optic,Mailed check,Premium (>$95),No,4754,0.061529338285642526,0,Very Low Risk
9135-MGVPY,69,Two year,84.7,5878.9,DSL,Mailed check,High ($65-95),No,5345,0.013895852476974158,0,Very Low Risk
1212-GLHMD,3,Month-to-month,86.05,244.85,Fiber optic,Mailed check,High ($65-95),No,2500,0.48493778147725913,0,Low Risk
7878-JGDKK,4,Month-to-month,44.55,220.75,DSL,Mailed check,Medium ($35-65),No,2124,0.5756430818912307,1,Medium Risk
1088-AUUZZ,56,Two year,75.85,4261.2,DSL,Credit card (automatic),High ($65-95),No,5314,0.020171862603963895,0,Very Low Risk
6614-YWYSC,61,Two year,25.0,1501.75,No,Bank transfer (automatic),Low (<$35),No,6421,0.03834010904551763,0,Very Low Risk
9588-OZDMQ,2,Month-to-month,45.0,89.75,DSL,Electronic check,Medium ($35-65),No,5225,0.7329794238122905,1,Medium Risk
6476-EPYZR,12,Month-to-month,20.5,255.5,No,Mailed check,Low (<$35),No,2891,0.0748838987193413,0,Very Low Risk
1174-FGIFN,28,One year,90.45,2509.25,Fiber optic,Electronic check,High ($65-95),No,5823,0.1666445955994739,0,Very Low Risk
6620-HVDUJ,24,Month-to-month,60.45,1440.75,DSL,Bank transfer (automatic),Medium ($35-65),No,5095,0.1289663618361677,0,Very Low Risk
1032-MAELW,68,One year,78.45,5333.35,DSL,Electronic check,High ($65-95),No,5071,0.03696068918741814,0,Very Low Risk
7641-TQFHN,39,Two year,100.55,3895.35,Fiber optic,Mailed check,Premium (>$95),No,3124,0.09978872063261955,0,Very Low Risk
1552-TKMXS,42,Month-to-month,20.35,869.9,No,Credit card (automatic),Low (<$35),No,2127,0.12722377745643162,0,Very Low Risk
8622-ZLFKO,6,Month-to-month,90.75,512.25,Fiber optic,Electronic check,High ($65-95),No,4297,0.8348722063483816,1,High Risk
6188-UXBBR,38,One year,20.25,814.75,No,Credit card (automatic),Low (<$35),No,4411,0.03694245049796921,0,Very Low Risk
2333-KWEWW,18,Two year,20.05,388.6,No,Credit card (automatic),Low (<$35),No,2782,0.040072281257504797,0,Very Low Risk
5702-SKUOB,4,Month-to-month,19.6,93.45,No,Mailed check,Low (<$35),No,4580,0.3361014777595753,0,Low Risk
1134-YWTYF,27,Month-to-month,53.8,1389.85,DSL,Electronic check,Medium ($35-65),No,2563,0.29264851952509263,0,Low Risk
6061-GWWAV,41,One year,70.2,2894.55,DSL,Mailed check,High ($65-95),No,5365,0.04141167330754802,0,Very Low Risk
0679-TDGAK,50,One year,75.5,4025.6,DSL,Electronic check,High ($65-95),No,5141,0.05815969271548662,0,Very Low Risk
6585-WCEWR,72,Two year,20.35,1354.4,No,Electronic check,Low (<$35),No,4949,0.00683661956717982,0,Very Low Risk
9067-YGSCA,70,One year,26.05,1856.4,No,Credit card (automatic),Low (<$35),No,4467,0.05757641434580854,0,Very Low Risk
9067-SQTNS,44,One year,20.6,926.0,No,Bank transfer (automatic),Low (<$35),No,2471,0.00714030151401526,0,Very Low Risk
1776-SPBWV,34,One year,20.1,682.1,No,Bank transfer (automatic),Low (<$35),No,2272,0.016497570322159816,0,Very Low Risk
8735-SDUFN,72,Two year,24.3,1778.7,No,Bank transfer (automatic),Low (<$35),No,4397,0.00719739057335784,0,Very Low Risk
9668-PUGNU,71,Two year,24.5,1816.2,No,Electronic check,Low (<$35),No,4058,0.03984017291809934,0,Very Low Risk
9405-GPBBG,64,Two year,110.5,7069.25,Fiber optic,Credit card (automatic),Premium (>$95),No,5718,0.13532266485308184,0,Very Low Risk
1926-QUZNN,72,Two year,25.25,1841.2,No,Bank transfer (automatic),Low (<$35),No,4551,0.009329883156672672,0,Very Low Risk
7016-NVRIC,29,One year,90.1,2656.7,Fiber optic,Bank transfer (automatic),High ($65-95),No,3553,0.17660690721963604,0,Very Low Risk
5829-NVSQN,23,One year,68.75,1689.45,DSL,Bank transfer (automatic),High ($65-95),No,3519,0.10598225405188152,0,Very Low Risk
9565-AXSMR,52,Two year,19.2,1054.75,No,Mailed check,Low (<$35),No,4203,0.0033004509021583835,0,Very Low Risk
8869-LIHMK,64,Two year,115.1,7334.05,Fiber optic,Bank transfer (automatic),Premium (>$95),No,5213,0.1211540278603302,0,Very Low Risk
0447-RXSGD,24,Month-to-month,99.65,2404.85,Fiber optic,Bank transfer (automatic),Premium (>$95),No,5207,0.5453275291906521,1,Medium Risk
4927-WWOOZ,2,Month-to-month,91.45,171.45,Fiber optic,Electronic check,High ($65-95),No,4889,0.8661995807547413,1,High Risk
5788-YPOEG,34,Two year,84.75,2839.45,DSL,Mailed check,High ($65-95),No,2020,0.013623233013365788,0,Very Low Risk
0661-KBKPA,53,One year,78.75,3942.45,DSL,Mailed check,High ($65-95),No,5052,0.05892375046168206,0,Very Low Risk
9081-WWXKP,47,Two year,20.25,873.4,No,Credit card (automatic),Low (<$35),No,2070,0.003263379852140797,0,Very Low Risk
0784-ZQJZX,72,Two year,19.9,1529.65,No,Credit card (automatic),Low (<$35),No,5730,0.007516272739610403,0,Very Low Risk
3133-PZNSR,72,Two year,97.75,6991.6,Fiber optic,Credit card (automatic),Premium (>$95),No,4054,0.012071053585187657,0,Very Low Risk
0722-SVSFK,7,Month-to-month,100.4,715.0,Fiber optic,Electronic check,Premium (>$95),No,5041,0.6956973324665517,1,Medium Risk
3612-YVGSJ,71,Two year,24.45,1681.6,No,Credit card (automatic),Low (<$35),No,4742,0.012812490178997361,0,Very Low Risk
9825-YCXWZ,41,One year,101.1,4016.2,Fiber optic,Bank transfer (automatic),Premium (>$95),No,2227,0.29779467161100387,0,Low Risk
5397-NSKQG,67,Two year,50.9,3281.65,DSL,Credit card (automatic),Medium ($35-65),No,5281,0.017189657014714907,0,Very Low Risk
8565-HBFNN,69,One year,107.2,7317.1,Fiber optic,Credit card (automatic),Premium (>$95),No,5935,0.22800139290481916,0,Very Low Risk
2000-DHJUY,70,Two year,92.2,6474.45,DSL,Bank transfer (automatic),High ($65-95),No,5264,0.037344933173111376,0,Very Low Risk
8670-ERCJH,72,Two year,113.4,8164.1,Fiber optic,Bank transfer (automatic),Premium (>$95),No,6347,0.056014971667302335,0,Very Low Risk
7758-UJWYS,34,Two year,40.55,1325.85,DSL,Electronic check,Medium ($35-65),No,3897,0.04778133237236999,0,Very Low Risk
2050-ONYDQ,65,Two year,26.0,1654.85,No,Credit card (automatic),Low (<$35),No,5352,0.00627691422288064,0,Very Low Risk
7055-JCGNI,70,Two year,111.95,7795.95,Fiber optic,Credit card (automatic),Premium (>$95),No,4182,0.10763693989620578,0,Very Low Risk
0739-UUAJR,72,Two year,53.8,3952.45,DSL,Credit card (automatic),Medium ($35-65),No,4954,0.0138165141111528,0,Very Low Risk
4826-DXMUP,35,One year,72.1,2495.15,DSL,Mailed check,High ($65-95),No,5510,0.0998058281257809,0,Very Low Risk
7285-KLOTR,12,One year,78.85,876.75,DSL,Electronic check,High ($65-95),No,2495,0.20896910170656346,0,Very Low Risk
0654-PQKDW,62,One year,70.75,4263.45,DSL,Bank transfer (automatic),High ($65-95),No,4133,0.018445945808801177,0,Very Low Risk
7175-NTIXE,25,Month-to-month,76.15,1992.95,DSL,Credit card (automatic),High ($65-95),No,3955,0.2177082553045816,0,Very Low Risk
7963-SHNDT,52,Two year,39.1,1982.1,DSL,Mailed check,Medium ($35-65),No,4247,0.021294645983868342,0,Very Low Risk
9796-BPKIW,8,Month-to-month,69.95,562.7,Fiber optic,Credit card (automatic),High ($65-95),No,2939,0.5459619711570727,1,Medium Risk
0188-GWFLE,2,Month-to-month,20.05,33.7,No,Mailed check,Low (<$35),No,4978,0.32836795384479084,0,Low Risk
8129-GMVGI,56,Two year,20.05,1090.1,No,Mailed check,Low (<$35),No,5172,0.0018215369484534576,0,Very Low Risk
2882-DDZPG,12,Month-to-month,19.45,227.45,No,Bank transfer (automatic),Low (<$35),No,4862,0.29066461443279007,0,Low Risk
3547-LQRIK,47,One year,26.9,1250.85,No,Electronic check,Low (<$35),No,2382,0.02785549720019802,0,Very Low Risk
9137-NOQKA,2,Month-to-month,19.2,37.2,No,Electronic check,Low (<$35),No,4577,0.21265935129041463,0,Very Low Risk
5843-TTHGI,18,Month-to-month,50.0,892.7,DSL,Mailed check,Medium ($35-65),No,4952,0.47264096218225665,0,Low Risk
1849-RJYIG,8,Month-to-month,60.0,487.75,DSL,Electronic check,Medium ($35-65),No,5862,0.5111217655151246,1,Medium Risk
8868-GAGIO,45,Month-to-month,84.55,3713.95,Fiber optic,Mailed check,High ($65-95),No,3289,0.3220771553629686,0,Low Risk
4061-UKJWL,3,Month-to-month,45.45,141.7,DSL,Mailed check,Medium ($35-65),No,3666,0.5834655969495792,1,Medium Risk
5380-XPJNZ,38,One year,20.05,678.2,No,Mailed check,Low (<$35),No,4539,0.03851806832470481,0,Very Low Risk
8263-QMNTJ,72,Two year,115.55,8425.3,Fiber optic,Electronic check,Premium (>$95),No,5890,0.04833670750535263,0,Very Low Risk
3230-JCNZS,71,Two year,99.0,7061.65,Fiber optic,Credit card (automatic),Premium (>$95),No,4305,0.010422445640085695,0,Very Low Risk
0277-ORXQS,66,Two year,50.55,3364.55,DSL,Bank transfer (automatic),Medium ($35-65),No,4652,0.011997539042083196,0,Very Low Risk
7996-BPXHY,13,Two year,25.0,332.5,No,Bank transfer (automatic),Low (<$35),No,4734,0.02481007452806358,0,Very Low Risk
3227-WLKLI,65,Two year,91.55,5963.95,DSL,Bank transfer (automatic),High ($65-95),No,4921,0.009170540495684306,0,Very Low Risk
2266-FUBDZ,15,Two year,19.35,278.85,No,Mailed check,Low (<$35),No,2742,0.01828766845753456,0,Very Low Risk
8237-ULIXL,72,Two year,24.85,1871.85,No,Credit card (automatic),Low (<$35),No,4067,0.007971054604629753,0,Very Low Risk
8216-AZUUZ,42,Two year,100.4,4303.65,Fiber optic,Electronic check,Premium (>$95),No,3265,0.1021597655548355,0,Very Low Risk
9153-BTBVV,71,Two year,25.0,1753.0,No,Bank transfer (automatic),Low (<$35),No,4066,0.008640783786281032,0,Very Low Risk
5186-PEIZU,35,Month-to-month,19.25,617.65,No,Bank transfer (automatic),Low (<$35),No,4988,0.12395738638661329,0,Very Low Risk
1074-AMIOH,53,Month-to-month,108.25,5935.1,Fiber optic,Bank transfer (automatic),Premium (>$95),No,5989,0.09905453025958241,0,Very Low Risk
4361-FEBGN,48,Two year,20.15,982.95,No,Credit card (automatic),Low (<$35),No,4399,0.023164956164348324,0,Very Low Risk
7748-UMTRK,30,Month-to-month,101.3,2974.5,Fiber optic,Electronic check,Premium (>$95),No,2440,0.3740728089656668,0,Low Risk
0380-ZCSBI,10,Month-to-month,20.0,198.7,No,Credit card (automatic),Low (<$35),No,2411,0.18626972569571607,0,Very Low Risk
7145-FEJWU,12,Month-to-month,105.3,1275.65,Fiber optic,Electronic check,Premium (>$95),No,5913,0.46575145115272526,0,Low Risk
6463-MVYRY,57,Two year,69.85,4003.0,DSL,Bank transfer (automatic),High ($65-95),No,4759,0.06625280277032859,0,Very Low Risk
3969-JQABI,58,Month-to-month,65.25,3791.6,DSL,Credit card (automatic),High ($65-95),No,5912,0.1745283897942206,0,Very Low Risk
9624-EGDEQ,37,Two year,19.8,813.3,No,Mailed check,Low (<$35),No,5336,0.03362073310822526,0,Very Low Risk
1051-EQPZR,44,Month-to-month,19.6,780.25,No,Mailed check,Low (<$35),No,5584,0.03662686003849881,0,Very Low Risk
5849-ASHZJ,27,One year,20.05,552.9,No,Credit card (automatic),Low (<$35),No,2400,0.011507681940857434,0,Very Low Risk
5780-INQIK,8,Month-to-month,49.4,408.25,DSL,Electronic check,Medium ($35-65),No,2907,0.4912989222096098,0,Low Risk
4526-ZJJTM,25,Month-to-month,88.4,2191.15,Fiber optic,Bank transfer (automatic),High ($65-95),No,4849,0.46373418758110824,0,Low Risk
8384-FZBJK,57,Month-to-month,100.6,5611.7,Fiber optic,Electronic check,Premium (>$95),No,6351,0.21138915101750055,0,Very Low Risk
3750-RNQKR,12,Month-to-month,19.45,246.25,No,Mailed check,Low (<$35),No,4788,0.23220736390838925,0,Very Low Risk
0962-CQPWQ,62,Two year,20.3,1296.15,No,Bank transfer (automatic),Low (<$35),No,4574,0.0028259278324712944,0,Very Low Risk
3096-YXENJ,65,Two year,107.65,7082.85,Fiber optic,Bank transfer (automatic),Premium (>$95),No,4193,0.18010413545237433,0,Very Low Risk
1265-BCFEO,71,Two year,80.45,5662.25,DSL,Bank transfer (automatic),High ($65-95),No,4518,0.053005554822090045,0,Very Low Risk
5837-LXSDN,21,One year,58.85,1215.45,DSL,Credit card (automatic),Medium ($35-65),No,2845,0.07579307781739049,0,Very Low Risk
5945-AZYHT,71,One year,109.6,7854.15,Fiber optic,Electronic check,Premium (>$95),No,4564,0.31215677375576345,0,Low Risk
8325-QRPZR,7,Month-to-month,75.15,525.0,Fiber optic,Electronic check,High ($65-95),No,4216,0.8177928692854276,1,High Risk
6384-VMJHP,72,Two year,73.0,5265.2,DSL,Credit card (automatic),High ($65-95),No,5127,0.020626961819629693,0,Very Low Risk
2262-SLNVK,1,Month-to-month,70.1,70.1,Fiber optic,Electronic check,High ($65-95),No,2475,0.8186751905064815,1,High Risk
7730-CLDSV,72,Two year,98.65,7129.45,Fiber optic,Bank transfer (automatic),Premium (>$95),No,4616,0.023405845830454065,0,Very Low Risk
1135-HIORI,64,One year,111.45,7266.95,Fiber optic,Electronic check,Premium (>$95),No,5129,0.1092810426700248,0,Very Low Risk
0164-APGRB,72,Two year,114.9,8496.7,Fiber optic,Electronic check,Premium (>$95),No,4589,0.07744711928707744,0,Very Low Risk
6481-ESCNL,29,Month-to-month,100.55,2878.75,Fiber optic,Bank transfer (automatic),Premium (>$95),No,4847,0.4722015532364644,0,Low Risk
1790-NESIO,13,Two year,20.4,261.3,No,Mailed check,Low (<$35),No,4883,0.0601009445846619,0,Very Low Risk
1550-EENBN,31,Month-to-month,104.35,3205.6,Fiber optic,Electronic check,Premium (>$95),No,5320,0.34088594777142167,0,Low Risk
8198-RKSZG,14,Month-to-month,80.45,1137.05,DSL,Credit card (automatic),High ($65-95),No,5772,0.0864895443297336,0,Very Low Risk
9297-EONCV,72,Two year,91.35,6697.2,DSL,Bank transfer (automatic),High ($65-95),No,5378,0.011255834276120117,0,Very Low Risk
1069-QJOEE,25,One year,19.9,505.45,No,Electronic check,Low (<$35),No,4134,0.007351331316001314,0,Very Low Risk
7799-DSEWS,18,Month-to-month,68.35,1299.8,DSL,Electronic check,High ($65-95),No,5993,0.324278164709382,0,Low Risk
8766-PAFNE,71,Two year,79.1,5564.85,DSL,Credit card (automatic),High ($65-95),No,5872,0.028544474848403424,0,Very Low Risk
5315-CKEQK,28,One year,51.0,1381.8,DSL,Electronic check,Medium ($35-65),No,5195,0.10910470605505114,0,Very Low Risk
3130-ICDUP,2,Month-to-month,80.55,188.1,Fiber optic,Credit card (automatic),High ($65-95),No,5346,0.2426677284732815,0,Very Low Risk
0820-FNRNX,17,Month-to-month,66.7,1077.05,DSL,Mailed check,High ($65-95),No,2814,0.10916071249069667,0,Very Low Risk
0880-FVFWF,56,Month-to-month,86.4,4922.4,Fiber optic,Electronic check,High ($65-95),No,4449,0.33703679023380223,0,Low Risk
4611-ANLQC,60,One year,50.05,2911.5,DSL,Electronic check,Medium ($35-65),No,5493,0.22316537115880525,0,Very Low Risk
4213-HKBJO,33,Two year,25.7,826.1,No,Credit card (automatic),Low (<$35),No,3378,0.09373707213376825,0,Very Low Risk
2792-LSHWX,1,Month-to-month,83.4,83.4,Fiber optic,Mailed check,High ($65-95),No,5960,0.40624842434437414,0,Low Risk
0014-BMAQU,63,Two year,84.65,5377.8,Fiber optic,Credit card (automatic),High ($65-95),No,4604,0.07410437600999269,0,Very Low Risk
9018-PCIOK,55,Two year,64.75,3617.1,DSL,Mailed check,Medium ($35-65),No,4634,0.07443262804681329,0,Very Low Risk
4837-QUSFT,65,One year,100.15,6643.5,Fiber optic,Bank transfer (automatic),Premium (>$95),No,4915,0.13343428187820422,0,Very Low Risk
9953-ZMKSM,63,Two year,25.25,1559.3,No,Mailed check,Low (<$35),No,4530,0.01263157067529404,0,Very Low Risk
0907-HQNTS,70,Two year,113.0,7987.6,Fiber optic,Credit card (automatic),Premium (>$95),No,4588,0.05811146083747477,0,Very Low Risk
7665-NKLAV,36,Two year,40.65,1547.35,DSL,Credit card (automatic),Medium ($35-65),No,2564,0.04418980633616317,0,Very Low Risk
4391-LNRXK,22,Month-to-month,94.95,2142.8,Fiber optic,Bank transfer (automatic),High ($65-95),No,4242,0.36962112262967506,0,Low Risk
8250-ZNGGW,5,Month-to-month,59.9,287.85,DSL,Credit card (automatic),Medium ($35-65),No,3662,0.24522468439517822,0,Very Low Risk
8562-GHPPI,1,Month-to-month,19.8,19.8,No,Credit card (automatic),Low (<$35),No,3129,0.24385331400310598,0,Very Low Risk
5893-PYOLZ,56,Two year,81.8,4534.45,DSL,Credit card (automatic),High ($65-95),No,4399,0.030978435800272153,0,Very Low Risk
4986-MXSFP,2,Month-to-month,20.0,40.9,No,Mailed check,Low (<$35),No,2237,0.3144481006874479,0,Low Risk
6131-FOYAS,35,Month-to-month,59.6,2094.9,DSL,Electronic check,Medium ($35-65),No,2187,0.2755432825018598,0,Low Risk
3027-YNWZU,64,Two year,25.0,1584.8,No,Credit card (automatic),Low (<$35),No,5538,0.009235039592231714,0,Very Low Risk
5609-IMCGG,15,Month-to-month,84.35,1302.65,Fiber optic,Credit card (automatic),High ($65-95),No,3314,0.43400872725866535,0,Low Risk
4727-MCYZG,1,Month-to-month,55.55,55.55,DSL,Mailed check,Medium ($35-65),No,2207,0.6204977677972564,1,Medium Risk
9481-WHGWY,70,Two year,75.35,5437.75,DSL,Credit card (automatic),High ($65-95),No,6477,0.016957228524697568,0,Very Low Risk
4328-VUFWD,39,One year,59.3,2209.15,DSL,Electronic check,Medium ($35-65),No,5843,0.14338292546970843,0,Very Low Risk
3301-LSLWQ,29,Month-to-month,66.1,1912.15,DSL,Electronic check,High ($65-95),No,5590,0.32062926962252286,0,Low Risk
7473-ZBDSN,14,Two year,18.8,255.55,No,Mailed check,Low (<$35),No,5751,0.011504498966123222,0,Very Low Risk
3166-PNEOF,61,Two year,86.45,5175.3,DSL,Credit card (automatic),High ($65-95),No,4471,0.024846100327195877,0,Very Low Risk
5639-NTUPK,13,Month-to-month,52.1,670.65,DSL,Credit card (automatic),Medium ($35-65),No,4929,0.15131018711117336,0,Very Low Risk
8780-YRMTT,66,Two year,47.4,3177.25,DSL,Mailed check,Medium ($35-65),No,6435,0.013899655934979351,0,Very Low Risk
5140-FOMCQ,59,One year,109.15,6557.75,Fiber optic,Credit card (automatic),Premium (>$95),No,5186,0.21835526469542288,0,Very Low Risk
6242-SGYTS,62,One year,94.95,5791.85,Fiber optic,Credit card (automatic),High ($65-95),No,4262,0.058386347835845696,0,Very Low Risk
8166-ORCHU,33,One year,93.55,3055.5,Fiber optic,Electronic check,High ($65-95),No,4414,0.22787782901104353,0,Very Low Risk
8414-OOEEL,66,Two year,79.5,5196.1,DSL,Credit card (automatic),High ($65-95),No,4285,0.01760442010908672,0,Very Low Risk
8454-AATJP,72,Two year,115.05,8405.0,Fiber optic,Credit card (automatic),Premium (>$95),No,5905,0.0454713071289713,0,Very Low Risk
4531-AUZNK,51,One year,95.15,5000.05,Fiber optic,Mailed check,Premium (>$95),No,6492,0.0483833680750047,0,Very Low Risk
4191-XOVOM,63,Month-to-month,105.4,6713.2,Fiber optic,Electronic check,Premium (>$95),No,4551,0.40999242554435233,0,Low Risk
2150-OEGBV,27,One year,20.1,562.6,No,Bank transfer (automatic),Low (<$35),No,3428,0.05197190118834336,0,Very Low Risk
1855-CFULU,4,Month-to-month,20.05,91.45,No,Mailed check,Low (<$35),No,3460,0.41756724352332064,0,Low Risk
4878-BUNFV,42,Two year,20.7,828.85,No,Mailed check,Low (<$35),No,5320,0.0020852724762816647,0,Very Low Risk
1872-EBWSC,29,One year,20.35,617.35,No,Mailed check,Low (<$35),No,4840,0.04004163325269352,0,Very Low Risk
7026-YMSBE,30,One year,19.7,625.05,No,Mailed check,Low (<$35),No,3302,0.032806751512353856,0,Very Low Risk
6997-UVGOX,71,Two year,85.45,6029.9,DSL,Bank transfer (automatic),High ($65-95),No,5394,0.004349942246219205,0,Very Low Risk
9674-EHPPG,46,Two year,40.4,1842.7,DSL,Credit card (automatic),Medium ($35-65),No,2519,0.060462681899472785,0,Very Low Risk
5440-VHLUL,69,One year,105.2,7386.05,Fiber optic,Bank transfer (automatic),Premium (>$95),No,6247,0.43428613739740096,0,Low Risk
5781-BKHOP,72,Two year,100.65,7334.05,Fiber optic,Bank transfer (automatic),Premium (>$95),No,6380,0.044688757603278305,0,Very Low Risk
5213-TWWJU,28,Month-to-month,91.0,2626.15,Fiber optic,Electronic check,High ($65-95),No,2448,0.4017102349331014,0,Low Risk
8628-MFKAX,72,Two year,116.75,8277.05,Fiber optic,Credit card (automatic),Premium (>$95),No,5098,0.026772560986097167,0,Very Low Risk
7629-WIXZF,7,One year,59.1,369.25,DSL,Electronic check,Medium ($35-65),No,4770,0.4061798711897767,0,Low Risk
5445-GLVOT,22,Month-to-month,49.8,1049.05,DSL,Electronic check,Medium ($35-65),No,4667,0.5066851535762078,1,Medium Risk
3976-HXHCE,72,Two year,19.3,1414.8,No,Bank transfer (automatic),Low (<$35),No,4722,0.1376893863030781,0,Very Low Risk
2466-NEJOJ,8,Month-to-month,19.65,169.75,No,Credit card (automatic),Low (<$35),No,4535,0.06417809648159124,0,Very Low Risk
0254-KCJGT,52,One year,81.4,4354.45,DSL,Credit card (automatic),High ($65-95),No,4628,0.15286496302125005,0,Very Low Risk
5472-CVMDX,68,Two year,38.9,2719.2,DSL,Mailed check,Medium ($35-65),No,5278,0.020393215982602363,0,Very Low Risk
6461-SZMCV,71,Two year,87.95,6365.35,DSL,Bank transfer (automatic),High ($65-95),No,4278,0.008268418218831236,0,Very Low Risk
8150-QUDFX,2,Month-to-month,19.85,51.6,No,Mailed check,Low (<$35),No,3300,0.3285279333091246,0,Low Risk
9508-ILZDG,34,Month-to-month,96.35,3190.25,Fiber optic,Electronic check,Premium (>$95),No,5425,0.6511662668083786,1,Medium Risk
2346-DJQTB,35,Month-to-month,24.15,812.5,DSL,Electronic check,Low (<$35),No,5097,0.41906161964354743,0,Low Risk
1697-LYYYX,61,One year,19.1,1143.8,No,Credit card (automatic),Low (<$35),No,4376,0.023776227006597875,0,Very Low Risk
1942-OQFRW,1,Month-to-month,44.0,44.0,DSL,Electronic check,Medium ($35-65),No,2785,0.716743361592292,1,Medium Risk
9640-ZSLDC,53,One year,60.6,3297.0,DSL,Credit card (automatic),Medium ($35-65),No,4854,0.033444939175260424,0,Very Low Risk
4231-LZUYM,72,Two year,25.65,1887.0,No,Bank transfer (automatic),Low (<$35),No,5613,0.007163295487705156,0,Very Low Risk
6128-AQBMT,41,Month-to-month,53.95,2215.4,DSL,Electronic check,Medium ($35-65),No,3920,0.5315819574908506,1,Medium Risk
3594-BDSOA,24,One year,20.4,482.8,No,Credit card (automatic),Low (<$35),No,3071,0.05588261334613094,0,Very Low Risk
5133-VRSAB,8,Month-to-month,29.35,216.45,DSL,Mailed check,Low (<$35),No,5369,0.32889018325823244,0,Low Risk
5996-DAOQL,1,Month-to-month,20.45,20.45,No,Mailed check,Low (<$35),No,2184,0.5381896015953556,1,Medium Risk
6838-YAUVY,54,Two year,95.1,5064.85,Fiber optic,Bank transfer (automatic),Premium (>$95),No,4825,0.16949636067491933,0,Very Low Risk
0484-JPBRU,41,Month-to-month,25.25,996.45,No,Bank transfer (automatic),Low (<$35),No,3461,0.12346883981848801,0,Very Low Risk
7883-ROJOC,19,Month-to-month,44.9,839.65,DSL,Mailed check,Medium ($35-65),No,5842,0.2963178017494689,0,Low Risk
0244-LGNFY,72,Two year,92.65,6733.0,DSL,Bank transfer (automatic),High ($65-95),No,6342,0.0016469277140849397,0,Very Low Risk
7274-CGTOD,62,Two year,43.7,2618.3,DSL,Bank transfer (automatic),Medium ($35-65),No,5254,0.013087744558108072,0,Very Low Risk
4295-YURET,56,Two year,72.6,4084.35,DSL,Credit card (automatic),High ($65-95),No,6357,0.047758066220629655,0,Very Low Risk
4635-EJYPD,32,Two year,18.95,613.95,No,Mailed check,Low (<$35),No,4735,0.004507217559983701,0,Very Low Risk
1866-ZSLJM,21,Month-to-month,20.5,402.85,No,Credit card (automatic),Low (<$35),No,5654,0.11428487835531406,0,Very Low Risk
4636-TVXVG,62,One year,19.95,1244.8,No,Bank transfer (automatic),Low (<$35),No,4803,0.015634288850106075,0,Very Low Risk
4236-UJPWO,2,Month-to-month,24.5,46.4,DSL,Electronic check,Low (<$35),No,5786,0.6559405773108665,1,Medium Risk
9392-XBGTD,27,Two year,20.6,581.85,No,Mailed check,Low (<$35),No,2924,0.01255439569749114,0,Very Low Risk
6402-SSEJG,25,One year,61.05,1540.2,DSL,Electronic check,Medium ($35-65),No,3695,0.15545765663948466,0,Very Low Risk
1169-SAOCL,49,One year,106.65,5168.1,Fiber optic,Bank transfer (automatic),Premium (>$95),No,5154,0.38211309815696504,0,Low Risk
1110-KYLGQ,63,Month-to-month,108.25,6780.1,Fiber optic,Credit card (automatic),Premium (>$95),No,5331,0.2694964067771426,0,Low Risk
9929-PLVPA,4,Month-to-month,20.4,94.5,No,Credit card (automatic),Low (<$35),No,4929,0.14640363968866157,0,Very Low Risk
3518-PZXZQ,1,Month-to-month,55.3,55.3,DSL,Mailed check,Medium ($35-65),No,2849,0.6305543990381889,1,Medium Risk
2371-JUNGC,11,Month-to-month,20.25,208.0,No,Mailed check,Low (<$35),No,4032,0.2559101735025762,0,Low Risk
7693-QPEFS,52,Month-to-month,72.95,3829.75,Fiber optic,Bank transfer (automatic),High ($65-95),No,4368,0.3756623204642572,0,Low Risk
0924-BJCRC,60,Month-to-month,89.45,5294.6,Fiber optic,Electronic check,High ($65-95),No,4340,0.41390196722120437,0,Low Risk
5074-FBGHB,64,One year,104.65,6889.8,Fiber optic,Credit card (automatic),Premium (>$95),No,6443,0.4061032770978273,0,Low Risk
2351-BKRZW,43,Two year,75.2,3254.35,DSL,Bank transfer (automatic),High ($65-95),No,3976,0.03285612913888703,0,Very Low Risk
4455-BFSPD,61,One year,101.15,6383.9,Fiber optic,Bank transfer (automatic),Premium (>$95),No,5177,0.2169152259793087,0,Very Low Risk
3948-KXDUF,66,Two year,68.75,4447.55,DSL,Bank transfer (automatic),High ($65-95),No,5454,0.029798259882121494,0,Very Low Risk
2323-ARSVR,67,Two year,111.05,7321.05,Fiber optic,Electronic check,Premium (>$95),No,6103,0.08566171549804422,0,Very Low Risk
0815-MFZGM,42,Two year,99.0,4135.0,Fiber optic,Credit card (automatic),Premium (>$95),No,4545,0.15186119475146115,0,Very Low Risk
5480-XTFFL,31,Two year,21.0,697.7,No,Mailed check,Low (<$35),No,5225,0.01244589499785515,0,Very Low Risk
8295-FHIVV,7,Month-to-month,19.4,168.65,No,Mailed check,Low (<$35),No,5873,0.22794323084441523,0,Very Low Risk
9086-YJYXS,34,One year,77.2,2753.8,DSL,Bank transfer (automatic),High ($65-95),No,3997,0.04457834154284726,0,Very Low Risk
1179-INLAT,3,One year,19.45,69.25,No,Mailed check,Low (<$35),No,2787,0.09077983925169027,0,Very Low Risk
7909-FIOIY,19,Month-to-month,24.85,434.8,DSL,Mailed check,Low (<$35),No,2958,0.19490307494622885,0,Very Low Risk
6351-SCJKT,3,Month-to-month,41.35,107.25,DSL,Mailed check,Medium ($35-65),No,5534,0.3390529691453415,0,Low Risk
5468-BPMMO,46,Month-to-month,19.6,851.2,No,Electronic check,Low (<$35),No,5092,0.08457665463351187,0,Very Low Risk
0197-PNKNK,69,One year,84.45,5848.6,Fiber optic,Bank transfer (automatic),High ($65-95),No,5629,0.025203716541158907,0,Very Low Risk
2439-QKJUL,5,Month-to-month,20.25,109.8,No,Mailed check,Low (<$35),No,5064,0.3067791360953434,0,Low Risk
1194-SPVSP,1,Month-to-month,19.65,19.65,No,Bank transfer (automatic),Low (<$35),No,3625,0.3864167367958196,0,Low Risk
9534-NSXEM,26,One year,20.65,595.5,No,Credit card (automatic),Low (<$35),No,2194,0.029440063362224503,0,Very Low Risk
8929-KSWIH,25,Two year,99.3,2513.5,Fiber optic,Bank transfer (automatic),Premium (>$95),No,3847,0.15176388818145978,0,Very Low Risk
2250-IVBWA,64,Month-to-month,81.05,5135.35,Fiber optic,Electronic check,High ($65-95),No,5168,0.10206110576641594,0,Very Low Risk
1810-MVMAI,30,Month-to-month,67.6,2000.2,DSL,Electronic check,High ($65-95),No,4104,0.0922833843682192,0,Very Low Risk
9506-UXUSK,13,Month-to-month,70.15,931.75,Fiber optic,Electronic check,High ($65-95),No,4599,0.7935064632457732,1,High Risk
1229-RCALF,64,One year,115.0,7396.15,Fiber optic,Electronic check,Premium (>$95),No,5189,0.2565703056354009,0,Low Risk
3572-UOLYZ,46,Month-to-month,84.8,3958.85,Fiber optic,Bank transfer (automatic),High ($65-95),No,5756,0.15131230645319657,0,Very Low Risk
1429-UYJSV,12,One year,19.7,260.9,No,Mailed check,Low (<$35),No,3423,0.09554696888065266,0,Very Low Risk
6366-XIVKZ,13,Month-to-month,63.15,816.8,DSL,Mailed check,Medium ($35-65),No,5916,0.19267754377490795,0,Very Low Risk
3470-OBUET,67,Two year,74.0,4868.4,DSL,Credit card (automatic),High ($65-95),No,4188,0.01060584991306335,0,Very Low Risk
2770-NSVDG,24,Month-to-month,29.1,688.0,DSL,Electronic check,Low (<$35),No,4636,0.48710343785329946,0,Low Risk
9375-MHRRS,6,Month-to-month,50.05,288.35,DSL,Mailed check,Medium ($35-65),No,3929,0.34420628513957124,0,Low Risk
4860-YZGZM,10,Month-to-month,20.0,185.4,No,Electronic check,Low (<$35),No,2706,0.19158476434109534,0,Very Low Risk
6599-GZWCM,13,One year,74.65,966.25,Fiber optic,Mailed check,High ($65-95),No,4172,0.3304490062932999,0,Low Risk
5533-NHFRF,7,Month-to-month,44.4,265.8,DSL,Electronic check,Medium ($35-65),No,3410,0.4182124140358384,0,Low Risk
7037-MTYVW,38,Two year,85.4,3297.0,DSL,Bank transfer (automatic),High ($65-95),No,5292,0.017235168221289024,0,Very Low Risk
4760-THGOT,43,Month-to-month,94.1,4107.3,Fiber optic,Electronic check,High ($65-95),No,4392,0.48384432212557743,0,Low Risk
4016-BJKTZ,25,Two year,108.9,2809.05,Fiber optic,Electronic check,Premium (>$95),No,4398,0.29419990913334104,0,Low Risk
6584-VQMYT,27,One year,56.2,1567.55,DSL,Mailed check,Medium ($35-65),No,5978,0.0400104060372942,0,Very Low Risk
9838-BFCQT,72,Two year,26.1,1851.45,No,Mailed check,Low (<$35),No,5475,0.002885508010117166,0,Very Low Risk
2790-XUYMV,71,One year,85.45,6028.95,Fiber optic,Credit card (automatic),High ($65-95),No,4777,0.070883714678252,0,Very Low Risk
0581-MDMPW,24,Month-to-month,88.95,2072.75,Fiber optic,Credit card (automatic),High ($65-95),No,5557,0.5303364985021719,1,Medium Risk
1023-BQXZE,57,Two year,74.35,4317.35,DSL,Bank transfer (automatic),High ($65-95),No,5548,0.07464188979701435,0,Very Low Risk
9163-GHAYE,15,Month-to-month,48.85,736.8,DSL,Electronic check,Medium ($35-65),No,5584,0.3734483003686479,0,Low Risk
3904-UKFRE,4,Month-to-month,80.1,336.15,Fiber optic,Electronic check,High ($65-95),No,2333,0.6408055160086107,1,Medium Risk
5353-WILCI,28,Month-to-month,56.05,1522.65,DSL,Electronic check,Medium ($35-65),No,4468,0.22243235217814125,0,Very Low Risk
0058-EVZWM,55,Month-to-month,89.8,4959.6,Fiber optic,Bank transfer (automatic),High ($65-95),No,5875,0.33087225959980165,0,Low Risk
7009-PCARS,55,One year,19.1,1001.5,No,Bank transfer (automatic),Low (<$35),No,4391,0.015203136146208331,0,Very Low Risk
0519-DRGTI,20,Month-to-month,20.35,442.6,No,Mailed check,Low (<$35),No,2522,0.06094280406764734,0,Very Low Risk
1017-FBQMM,62,One year,106.05,6703.5,Fiber optic,Credit card (automatic),Premium (>$95),No,6361,0.06918730508129538,0,Very Low Risk
1985-MBRYP,43,Two year,19.65,779.25,No,Bank transfer (automatic),Low (<$35),No,3678,0.035570221023115585,0,Very Low Risk
9372-TXXPS,60,Two year,59.85,3483.45,DSL,Bank transfer (automatic),Medium ($35-65),No,4029,0.022605364314176035,0,Very Low Risk
3259-QMXUN,58,Two year,86.1,4890.5,DSL,Electronic check,High ($65-95),No,5666,0.11286296295202256,0,Very Low Risk
1015-JPFYW,7,One year,19.45,136.75,No,Mailed check,Low (<$35),No,5084,0.040972805920501475,0,Very Low Risk
6645-MXQJT,2,Month-to-month,97.1,184.15,Fiber optic,Electronic check,Premium (>$95),No,5745,0.24548701992528849,0,Very Low Risk
4360-QRAVE,37,Month-to-month,36.65,1315.0,DSL,Electronic check,Medium ($35-65),No,2494,0.3177081697101739,0,Low Risk
8433-WPJTV,65,One year,103.9,6767.1,Fiber optic,Bank transfer (automatic),Premium (>$95),No,5669,0.11734065543461314,0,Very Low Risk
5804-JMYIO,39,Two year,19.75,757.95,No,Mailed check,Low (<$35),No,3944,0.003911954451776552,0,Very Low Risk
6484-LATFU,68,Two year,24.55,1657.4,No,Mailed check,Low (<$35),No,6042,0.019045821843543736,0,Very Low Risk
7599-NTMDP,62,Two year,48.7,3008.55,DSL,Bank transfer (automatic),Medium ($35-65),No,5453,0.011380902856495201,0,Very Low Risk
0536-ACXIP,72,Two year,109.55,8165.1,Fiber optic,Electronic check,Premium (>$95),No,6452,0.1141360238996876,0,Very Low Risk
0936-NQLJU,41,Two year,20.65,875.55,No,Credit card (automatic),Low (<$35),No,5062,0.03002049568715005,0,Very Low Risk
1575-KRZZE,4,Month-to-month,55.2,220.65,DSL,Electronic check,Medium ($35-65),No,4042,0.46569543351949355,0,Low Risk
3251-YMVWZ,53,One year,24.05,1301.9,No,Bank transfer (automatic),Low (<$35),No,4865,0.10774111000111634,0,Very Low Risk
4884-LEVMQ,39,Two year,20.45,790.0,No,Bank transfer (automatic),Low (<$35),No,2165,0.0363042496750236,0,Very Low Risk
8857-CUPFQ,63,Two year,19.25,1237.65,No,Mailed check,Low (<$35),No,4538,0.017978116749445515,0,Very Low Risk
7610-TVOPG,15,Month-to-month,26.35,378.6,No,Electronic check,Low (<$35),No,2723,0.14208870504728208,0,Very Low Risk
3638-DIMPH,13,One year,43.8,592.65,DSL,Electronic check,Medium ($35-65),No,4369,0.2923158423185642,0,Low Risk
1845-ZLLIG,1,Month-to-month,50.15,50.15,DSL,Mailed check,Medium ($35-65),No,4014,0.6492540099948712,1,Medium Risk
8559-WNQZS,1,Two year,20.45,20.45,No,Mailed check,Low (<$35),No,5925,0.24747161590487093,0,Very Low Risk
1699-UOTXU,60,Two year,61.4,3638.25,DSL,Electronic check,Medium ($35-65),No,6209,0.05460470034423712,0,Very Low Risk
0635-WKOLD,40,One year,70.75,2921.75,DSL,Credit card (automatic),High ($65-95),No,5507,0.1107968820823549,0,Very Low Risk
5993-JSUWV,66,Two year,61.15,4017.45,DSL,Bank transfer (automatic),Medium ($35-65),No,5133,0.034909658685908423,0,Very Low Risk
4518-FZBSX,42,One year,20.25,854.9,No,Mailed check,Low (<$35),No,4439,0.007199992603403962,0,Very Low Risk
5387-ASZNZ,66,One year,63.85,4174.35,DSL,Credit card (automatic),Medium ($35-65),No,4657,0.09615207675483645,0,Very Low Risk
6988-CJEYV,49,Month-to-month,98.7,4920.55,Fiber optic,Electronic check,Premium (>$95),No,6148,0.5100760200606378,1,Medium Risk
3097-FQTVJ,41,Two year,20.0,810.3,No,Mailed check,Low (<$35),No,5913,0.03362073310822526,0,Very Low Risk
5465-BUBFA,41,Two year,19.3,772.4,No,Bank transfer (automatic),Low (<$35),No,4180,0.005122991490619994,0,Very Low Risk
7299-GNVPL,23,Month-to-month,84.4,1936.85,Fiber optic,Mailed check,High ($65-95),No,2177,0.09981804456683228,0,Very Low Risk
9743-DQKQW,3,Month-to-month,25.1,79.8,DSL,Electronic check,Low (<$35),No,2013,0.7084782088241388,1,Medium Risk
1215-VFYVK,4,Month-to-month,48.25,202.25,DSL,Mailed check,Medium ($35-65),No,2682,0.2663805118984127,0,Low Risk
9371-BITHB,52,Two year,19.85,1070.5,No,Mailed check,Low (<$35),No,5432,0.002071536948453458,0,Very Low Risk
9093-FPDLG,11,Month-to-month,94.2,999.9,Fiber optic,Electronic check,High ($65-95),No,2405,0.5768999747590249,1,Medium Risk
0541-FITGH,2,Month-to-month,62.15,113.1,DSL,Mailed check,Medium ($35-65),No,5766,0.37820717326597114,0,Low Risk
6985-HAYWX,26,Month-to-month,79.3,2015.8,Fiber optic,Bank transfer (automatic),High ($65-95),No,5168,0.4135724347858516,0,Low Risk
7508-KBIMB,24,One year,56.25,1454.25,DSL,Credit card (automatic),Medium ($35-65),No,3607,0.05982039228930454,0,Very Low Risk
6838-HVLXG,12,Month-to-month,20.3,246.7,No,Mailed check,Low (<$35),No,4177,0.2752133840264073,0,Low Risk
2277-DJJDL,60,Month-to-month,99.0,6017.9,Fiber optic,Electronic check,Premium (>$95),No,4763,0.5332104029792023,1,Medium Risk
1897-OKVMW,64,Two year,90.6,5817.45,DSL,Mailed check,High ($65-95),No,5240,0.005298609393675813,0,Very Low Risk
5485-ITNPC,66,Two year,85.9,5595.3,DSL,Bank transfer (automatic),High ($65-95),No,5137,0.023625250740811607,0,Very Low Risk
0233-FTHAV,60,One year,79.2,4765.0,Fiber optic,Bank transfer (automatic),High ($65-95),No,5687,0.19846595194736721,0,Very Low Risk
4644-PIZRT,17,One year,70.35,1201.65,DSL,Bank transfer (automatic),High ($65-95),No,2704,0.07565420419519897,0,Very Low Risk
8922-NPKBJ,42,Two year,19.35,867.3,No,Mailed check,Low (<$35),No,3433,0.007509949800420859,0,Very Low Risk
2740-TVLFN,1,Month-to-month,50.15,50.15,DSL,Electronic check,Medium ($35-65),No,3043,0.7804188593617818,1,High Risk
7771-CFQRQ,47,Two year,63.8,3007.25,DSL,Bank transfer (automatic),Medium ($35-65),No,5144,0.042799473891937626,0,Very Low Risk
9512-PHSMG,10,Month-to-month,20.55,252.75,No,Mailed check,Low (<$35),No,4907,0.22841459636960415,0,Very Low Risk
6963-EZQEE,70,Two year,88.55,6306.5,DSL,Credit card (automatic),High ($65-95),No,4097,0.04252771916058022,0,Very Low Risk
2452-KDRRH,67,Month-to-month,101.4,6841.05,Fiber optic,Credit card (automatic),Premium (>$95),No,5269,0.5445624725595279,1,Medium Risk
4146-SVFUD,1,Month-to-month,44.6,44.6,DSL,Mailed check,Medium ($35-65),No,4864,0.6406564014066882,1,Medium Risk
1564-HJUVY,4,Month-to-month,63.75,226.2,DSL,Bank transfer (automatic),Medium ($35-65),No,2624,0.3520538832333808,0,Low Risk
3617-XLSGQ,66,Two year,109.25,7082.5,Fiber optic,Bank transfer (automatic),Premium (>$95),No,5865,0.03890969026403275,0,Very Low Risk
7517-LDMPS,12,Month-to-month,84.6,1017.35,Fiber optic,Electronic check,High ($65-95),No,4807,0.7719133064218301,1,High Risk
7244-KXYZN,24,One year,20.45,527.35,No,Credit card (automatic),Low (<$35),No,4690,0.060922479846786726,0,Very Low Risk
5226-NOZFC,26,Month-to-month,85.75,2146.5,Fiber optic,Electronic check,High ($65-95),No,3178,0.7016240844033484,1,Medium Risk
1400-WIVLL,57,Two year,107.95,5969.85,Fiber optic,Electronic check,Premium (>$95),No,4687,0.23469565130480788,0,Very Low Risk
8148-NLEGT,42,Two year,22.95,1014.25,No,Electronic check,Low (<$35),No,4650,0.010221355657614213,0,Very Low Risk
8347-GDTMP,64,Two year,19.45,1225.65,No,Credit card (automatic),Low (<$35),No,5113,0.009823834231276161,0,Very Low Risk
6746-WAUWT,19,One year,19.7,386.5,No,Credit card (automatic),Low (<$35),No,4431,0.035942670371863515,0,Very Low Risk
0428-IKYCP,22,Month-to-month,87.0,1850.65,Fiber optic,Bank transfer (automatic),High ($65-95),No,5233,0.5557377542730911,1,Medium Risk
2187-PKZAY,12,Month-to-month,79.95,1043.4,Fiber optic,Bank transfer (automatic),High ($65-95),No,2968,0.663621833422612,1,Medium Risk
4003-OCTMP,31,One year,64.0,1910.75,DSL,Electronic check,Medium ($35-65),No,5191,0.16689285324550793,0,Very Low Risk
6652-YFFJO,11,Month-to-month,64.9,716.1,DSL,Electronic check,Medium ($35-65),No,2775,0.6212328701188776,1,Medium Risk
7225-IILWY,68,Two year,25.75,1686.15,No,Mailed check,Low (<$35),No,5434,0.0011885600272174889,0,Very Low Risk
5248-RPYWW,72,Two year,90.15,6716.45,DSL,Bank transfer (automatic),High ($65-95),No,4606,0.01310704635752219,0,Very Low Risk
7923-IYJWY,67,Two year,116.1,7839.85,Fiber optic,Credit card (automatic),Premium (>$95),No,5896,0.1226296797510061,0,Very Low Risk
3170-GWYKC,60,Month-to-month,104.95,6236.75,Fiber optic,Bank transfer (automatic),Premium (>$95),No,5926,0.29407234608624316,0,Low Risk
9830-ECLEN,58,One year,50.0,2919.85,DSL,Mailed check,Medium ($35-65),No,4704,0.03009906429675437,0,Very Low Risk
2668-TZSPS,1,Month-to-month,20.45,20.45,No,Mailed check,Low (<$35),No,2664,0.5428327035743564,1,Medium Risk
7446-SFAOA,37,One year,19.85,717.5,No,Bank transfer (automatic),Low (<$35),No,5707,0.056807384297513516,0,Very Low Risk
9522-ZSINC,13,One year,19.95,253.8,No,Electronic check,Low (<$35),No,2252,0.0512259448660416,0,Very Low Risk
8234-GSZYK,43,Two year,26.45,1110.05,No,Bank transfer (automatic),Low (<$35),No,3881,0.04407874902790462,0,Very Low Risk
6505-OZNPG,6,Two year,63.4,348.8,DSL,Mailed check,Medium ($35-65),No,3909,0.11877316887668349,0,Very Low Risk
6164-HAQTX,71,Two year,53.95,3888.65,DSL,Bank transfer (automatic),Medium ($35-65),No,4094,0.014565119435774505,0,Very Low Risk
7765-LWVVH,72,Two year,95.1,6843.15,Fiber optic,Electronic check,Premium (>$95),No,5584,0.04428877352755639,0,Very Low Risk
1658-TJVOA,6,Month-to-month,74.1,450.9,Fiber optic,Electronic check,High ($65-95),No,4716,0.6735854193681229,1,Medium Risk
0953-LGOVU,12,Month-to-month,35.5,432.25,DSL,Mailed check,Medium ($35-65),No,2562,0.16080237600927202,0,Very Low Risk
4692-NNQRU,21,One year,79.2,1742.45,Fiber optic,Electronic check,High ($65-95),No,4900,0.25393848132136393,0,Low Risk
7742-MYPGI,6,Month-to-month,48.8,297.35,DSL,Mailed check,Medium ($35-65),No,4538,0.2604099522023131,0,Low Risk
9619-GSATL,43,One year,55.45,2444.25,DSL,Electronic check,Medium ($35-65),No,3350,0.1028845022140833,0,Very Low Risk
5622-UEJFI,35,Two year,25.4,949.8,No,Credit card (automatic),Low (<$35),No,5070,0.01458531411806889,0,Very Low Risk
0674-DGMAQ,32,Month-to-month,93.5,2970.8,Fiber optic,Electronic check,High ($65-95),No,5804,0.6710147992450879,1,Medium Risk
6203-HBZPA,52,Two year,63.9,3334.95,DSL,Credit card (automatic),Medium ($35-65),No,5380,0.01631121284904037,0,Very Low Risk
0484-FFVBJ,32,One year,64.85,2010.95,DSL,Bank transfer (automatic),Medium ($35-65),No,4895,0.32516075355756924,0,Low Risk
0301-FIDRB,72,Two year,63.8,4684.3,DSL,Bank transfer (automatic),Medium ($35-65),No,6107,0.004553163754899823,0,Very Low Risk
4139-JPIAM,51,Month-to-month,44.45,2181.55,DSL,Credit card (automatic),Medium ($35-65),No,6087,0.1268426595317937,0,Very Low Risk
2181-TIDSV,68,Two year,19.95,1303.25,No,Bank transfer (automatic),Low (<$35),No,6492,0.0036559618576100113,0,Very Low Risk
2761-XECQW,8,Month-to-month,43.35,371.4,DSL,Mailed check,Medium ($35-65),No,2560,0.4130107943545127,0,Low Risk
1936-CZAKF,49,Two year,49.65,2409.9,DSL,Credit card (automatic),Medium ($35-65),No,4283,0.09650337928192261,0,Very Low Risk
9453-PATOS,72,Two year,85.1,6155.4,DSL,Mailed check,High ($65-95),No,4147,0.0049143343988567595,0,Very Low Risk
4402-FTBXC,54,Month-to-month,89.8,4667.0,Fiber optic,Mailed check,High ($65-95),No,4980,0.22665725935693293,0,Very Low Risk
2931-XIQBR,50,One year,103.05,5153.5,Fiber optic,Mailed check,Premium (>$95),No,5905,0.04285245343192491,0,Very Low Risk
0106-UGRDO,69,Two year,116.0,8182.85,Fiber optic,Electronic check,Premium (>$95),No,4216,0.08828052401303772,0,Very Low Risk
5542-TBBWB,1,Month-to-month,69.9,69.9,Fiber optic,Electronic check,High ($65-95),No,3358,0.8781786754300066,1,High Risk
1930-QPBVZ,68,Two year,95.1,6683.4,Fiber optic,Bank transfer (automatic),Premium (>$95),No,5748,0.014305974296838823,0,Very Low Risk
2606-PKWJB,40,One year,40.25,1564.05,DSL,Mailed check,Medium ($35-65),No,4288,0.029994534368575042,0,Very Low Risk
5322-ZSMZY,31,Two year,25.75,755.6,No,Mailed check,Low (<$35),No,5472,0.011129661015263793,0,Very Low Risk
8059-UDZFY,33,Month-to-month,105.35,3465.05,Fiber optic,Bank transfer (automatic),Premium (>$95),No,4738,0.2904056359318885,0,Low Risk
7740-BTPUX,55,Two year,113.6,6292.7,Fiber optic,Electronic check,Premium (>$95),No,5754,0.1587101036319022,0,Very Low Risk
5220-AGAAX,68,Two year,24.0,1664.3,No,Bank transfer (automatic),Low (<$35),No,5440,0.004917119192341263,0,Very Low Risk
0208-BPQEJ,12,Month-to-month,19.4,198.1,No,Bank transfer (automatic),Low (<$35),No,3713,0.10538252146124691,0,Very Low Risk
9435-JMLSX,71,Two year,86.1,6045.9,DSL,Bank transfer (automatic),High ($65-95),No,6286,0.012026866273614762,0,Very Low Risk
3352-ALMCK,40,Month-to-month,102.65,4108.15,Fiber optic,Mailed check,Premium (>$95),No,3655,0.5794753441732542,1,Medium Risk
5312-IRCFR,64,One year,92.85,5980.75,Fiber optic,Electronic check,High ($65-95),No,5206,0.10013920411844549,0,Very Low Risk
5294-IMHHT,53,One year,97.75,5043.2,Fiber optic,Bank transfer (automatic),Premium (>$95),No,4488,0.19412723234702844,0,Very Low Risk
6176-YJWAS,72,Two year,97.95,7114.25,Fiber optic,Credit card (automatic),Premium (>$95),No,4256,0.04757038538744631,0,Very Low Risk
5310-NOOVA,46,Two year,19.95,907.05,No,Electronic check,Low (<$35),No,4006,0.02717952626677496,0,Very Low Risk
4526-EXKKN,40,Two year,24.6,973.95,No,Mailed check,Low (<$35),No,2601,0.06133378964002729,0,Very Low Risk
5311-IHLEI,12,Month-to-month,50.95,605.75,DSL,Bank transfer (automatic),Medium ($35-65),No,2716,0.2427716786128262,0,Very Low Risk
3987-KQDDU,9,Month-to-month,75.6,661.55,Fiber optic,Electronic check,High ($65-95),No,4990,0.5121864682268056,1,Medium Risk
3404-JNXAX,51,Month-to-month,80.75,4116.9,Fiber optic,Electronic check,High ($65-95),No,6032,0.11962992907631566,0,Very Low Risk
5131-PONJI,49,Month-to-month,90.4,4494.65,Fiber optic,Credit card (automatic),High ($65-95),No,5804,0.08165247192599148,0,Very Low Risk
3489-VSFRD,56,One year,60.25,3282.75,DSL,Credit card (automatic),Medium ($35-65),No,4835,0.06543154907959375,0,Very Low Risk
3345-JHUEO,4,Month-to-month,20.2,55.7,No,Electronic check,Low (<$35),No,4267,0.14471695373323396,0,Very Low Risk
5815-HGGHV,20,One year,64.15,1274.45,DSL,Mailed check,Medium ($35-65),No,5969,0.10353979517022661,0,Very Low Risk
5260-UMPWX,26,Month-to-month,20.25,493.95,No,Credit card (automatic),Low (<$35),No,5158,0.052420958797231944,0,Very Low Risk
5649-RXQTV,51,Month-to-month,99.0,5038.15,Fiber optic,Electronic check,Premium (>$95),No,5787,0.6145452012233419,1,Medium Risk
2674-MIAHT,4,Month-to-month,80.3,324.2,Fiber optic,Mailed check,High ($65-95),No,3132,0.7248700168286714,1,Medium Risk
2576-HXMPA,1,Month-to-month,19.55,19.55,No,Credit card (automatic),Low (<$35),No,5537,0.23442837663900154,0,Very Low Risk
7587-AOVVU,27,Month-to-month,100.75,2793.55,Fiber optic,Electronic check,Premium (>$95),No,3160,0.12599023737712703,0,Very Low Risk
6898-MDLZW,12,Month-to-month,53.75,648.65,DSL,Mailed check,Medium ($35-65),No,5385,0.3436515978765566,0,Low Risk
4707-YNOQA,34,One year,25.6,917.15,No,Credit card (automatic),Low (<$35),No,5854,0.016320526262331762,0,Very Low Risk
9357-UJRUN,24,One year,58.35,1346.9,DSL,Electronic check,Medium ($35-65),No,5428,0.33108753593751217,0,Low Risk
8648-PFRMP,14,Month-to-month,46.35,672.7,DSL,Electronic check,Medium ($35-65),No,2056,0.6805997355570486,1,Medium Risk
7663-CUXZB,59,Two year,113.75,6561.25,Fiber optic,Electronic check,Premium (>$95),No,6251,0.14757656633075428,0,Very Low Risk
0258-NOKBL,3,Month-to-month,90.4,268.45,Fiber optic,Electronic check,High ($65-95),No,5625,0.5950536853676439,1,Medium Risk
1163-VIPRI,65,Two year,109.3,7337.55,Fiber optic,Electronic check,Premium (>$95),No,6087,0.06033030505339231,0,Very Low Risk
9348-ROUAI,59,Two year,90.3,5194.05,DSL,Credit card (automatic),High ($65-95),No,4617,0.006020639240597329,0,Very Low Risk
9443-JUBUO,72,Two year,65.25,4478.85,DSL,Credit card (automatic),High ($65-95),No,6412,0.002575408957791246,0,Very Low Risk
3043-TYBNO,3,Month-to-month,60.65,196.9,DSL,Mailed check,Medium ($35-65),No,2111,0.3277484404221214,0,Low Risk
4830-FAXFM,19,Month-to-month,24.1,439.2,No,Credit card (automatic),Low (<$35),No,2378,0.11243109262614727,0,Very Low Risk
5906-BFOZT,1,Month-to-month,19.5,19.5,No,Mailed check,Low (<$35),No,3753,0.6151207417427247,1,Medium Risk
2960-NKRSO,24,Month-to-month,85.95,2107.15,Fiber optic,Electronic check,High ($65-95),No,5421,0.531440432336313,1,Medium Risk
8996-ZROXE,57,One year,53.5,3035.8,DSL,Electronic check,Medium ($35-65),No,5521,0.18004377306931335,0,Very Low Risk
5598-IKHQQ,72,Two year,25.45,1866.45,No,Credit card (automatic),Low (<$35),No,4118,0.01349935677140491,0,Very Low Risk
0397-ZXWQF,67,Two year,20.5,1430.95,No,Bank transfer (automatic),Low (<$35),No,4416,0.023790516029950293,0,Very Low Risk
5266-PFRQK,52,One year,20.85,1071.6,No,Credit card (automatic),Low (<$35),No,4886,0.018393475305594476,0,Very Low Risk
4674-HGNUA,71,Two year,89.9,6457.15,DSL,Credit card (automatic),High ($65-95),No,4444,0.002369185178152159,0,Very Low Risk
6765-MBQNU,26,One year,26.0,684.05,No,Mailed check,Low (<$35),No,2244,0.05235643964764645,0,Very Low Risk
9786-IJYDL,35,Two year,113.2,3914.05,Fiber optic,Mailed check,Premium (>$95),No,5723,0.16932721297100212,0,Very Low Risk
1303-SRDOK,55,Two year,69.05,3842.6,Fiber optic,Credit card (automatic),High ($65-95),No,4318,0.035480416782648516,0,Very Low Risk
3769-MHZNV,33,Two year,20.1,670.35,No,Mailed check,Low (<$35),No,3700,0.005586769441541942,0,Very Low Risk
6295-OSINB,72,Two year,109.65,7880.25,Fiber optic,Electronic check,Premium (>$95),No,6181,0.12517303165304106,0,Very Low Risk
3308-MHOOC,1,Month-to-month,19.2,19.2,No,Mailed check,Low (<$35),No,3383,0.2712273721739918,0,Low Risk
2207-QPJED,37,Month-to-month,90.0,3371.75,Fiber optic,Electronic check,High ($65-95),No,4048,0.4219477081919089,0,Low Risk
4177-JPDFU,12,Month-to-month,34.0,442.45,DSL,Mailed check,Low (<$35),No,3215,0.25471622070222166,0,Low Risk
2239-CFOUJ,1,One year,20.4,20.4,No,Mailed check,Low (<$35),No,4540,0.21382605286024248,0,Very Low Risk
8046-DNVTL,62,Two year,38.6,2345.55,DSL,Credit card (automatic),Medium ($35-65),No,4558,0.027330634714377338,0,Very Low Risk
2209-XADXF,1,Month-to-month,25.25,25.25,DSL,Bank transfer (automatic),Low (<$35),No,4831,0.6070583613521028,1,Medium Risk
6620-JDYNW,18,Month-to-month,60.6,1156.35,DSL,Mailed check,Medium ($35-65),No,4459,0.32888961661879745,0,Low Risk
4770-UEZOX,2,Month-to-month,74.75,144.8,Fiber optic,Electronic check,High ($65-95),No,4545,0.7930812077887117,1,High Risk
1038-RQOST,19,Month-to-month,20.6,414.95,No,Mailed check,Low (<$35),No,2276,0.053567843875131915,0,Very Low Risk
4568-TTZRT,9,Month-to-month,20.4,181.8,No,Mailed check,Low (<$35),No,5380,0.2402274280341936,0,Very Low Risk
9513-DXHDA,27,One year,81.7,2212.55,DSL,Electronic check,High ($65-95),No,2445,0.13439171047510692,0,Very Low Risk
0516-QREYC,24,Month-to-month,20.3,459.95,No,Mailed check,Low (<$35),No,3740,0.15866942922698624,0,Very Low Risk
8084-OIVBS,11,One year,20.0,211.95,No,Mailed check,Low (<$35),No,3731,0.09982819800153689,0,Very Low Risk
8896-BQTTI,1,Month-to-month,25.0,25.0,No,Mailed check,Low (<$35),No,2371,0.39863356962047447,0,Low Risk
3865-QBWSJ,38,Month-to-month,80.45,3162.65,Fiber optic,Mailed check,High ($65-95),No,2926,0.16395866444752857,0,Very Low Risk
3352-RICWQ,9,Two year,19.75,210.65,No,Mailed check,Low (<$35),No,2427,0.03924234776169683,0,Very Low Risk
2160-GPFXD,54,Two year,65.65,3566.7,DSL,Credit card (automatic),High ($65-95),No,5725,0.014367089127838427,0,Very Low Risk
2065-MMKGR,29,One year,71.0,2080.1,DSL,Credit card (automatic),High ($65-95),No,4226,0.22871815462343545,0,Very Low Risk
5857-TYBCJ,44,Month-to-month,89.2,4040.2,Fiber optic,Electronic check,High ($65-95),No,2925,0.7344261461727419,1,Medium Risk
1498-NHTLT,59,Two year,86.75,5186.0,DSL,Electronic check,High ($65-95),No,5020,0.013697618517745536,0,Very Low Risk
1402-PTHGN,18,One year,61.5,1087.45,DSL,Mailed check,Medium ($35-65),No,3479,0.05811521411589568,0,Very Low Risk
4176-RELJR,67,Two year,25.1,1672.15,No,Credit card (automatic),Low (<$35),No,6388,0.011980268192366438,0,Very Low Risk
5199-FPUSP,33,One year,34.05,1113.95,DSL,Credit card (automatic),Low (<$35),No,3044,0.07235020692380621,0,Very Low Risk
6377-KSLXC,5,Month-to-month,19.95,107.05,No,Mailed check,Low (<$35),No,4281,0.3007228623231198,0,Low Risk
1796-JANOW,2,Month-to-month,19.95,38.15,No,Mailed check,Low (<$35),No,4079,0.357636593136037,0,Low Risk
0238-WHBIQ,72,Two year,89.7,6339.3,DSL,Credit card (automatic),High ($65-95),No,4193,0.002369185178152159,0,Very Low Risk
8735-NBLWT,9,Month-to-month,20.4,184.1,No,Mailed check,Low (<$35),No,4195,0.10494675435649264,0,Very Low Risk
6651-RLGGM,67,Two year,26.3,1688.9,No,Mailed check,Low (<$35),No,6066,0.003091417170074632,0,Very Low Risk
1614-JBEBI,8,Month-to-month,20.7,137.6,No,Mailed check,Low (<$35),No,3330,0.22087163875275323,0,Very Low Risk
5696-EXCYS,17,Two year,19.45,369.05,No,Credit card (automatic),Low (<$35),No,5347,0.04684105226137637,0,Very Low Risk
5795-KTGUD,68,Two year,110.8,7553.6,Fiber optic,Bank transfer (automatic),Premium (>$95),No,4545,0.14974939615391977,0,Very Low Risk
7924-GJZFI,25,Month-to-month,69.3,1813.1,Fiber optic,Electronic check,High ($65-95),No,4442,0.6941788392441366,1,Medium Risk
4702-HDRKD,67,One year,49.35,3321.35,DSL,Bank transfer (automatic),Medium ($35-65),No,5905,0.07641129667521522,0,Very Low Risk
8512-WIWYV,32,One year,20.35,707.5,No,Credit card (automatic),Low (<$35),No,2433,0.025595536858765967,0,Very Low Risk
5897-ZYEKH,67,One year,105.6,7112.15,Fiber optic,Electronic check,Premium (>$95),No,5768,0.2641691120339488,0,Low Risk
5456-ITGIC,72,Two year,64.45,4641.1,DSL,Credit card (automatic),Medium ($35-65),No,5295,0.0130941304418833,0,Very Low Risk
1406-PUQVY,1,Month-to-month,49.9,49.9,DSL,Electronic check,Medium ($35-65),No,3239,0.42275864132093816,0,Low Risk
9114-AAFQH,48,One year,65.65,3094.65,DSL,Electronic check,High ($65-95),No,5427,0.2507588247372494,0,Low Risk
8715-KKTFG,61,One year,103.3,6518.35,Fiber optic,Bank transfer (automatic),Premium (>$95),No,5401,0.32716219644341504,0,Low Risk
1728-BQDMA,2,Month-to-month,44.45,82.7,DSL,Electronic check,Medium ($35-65),No,5694,0.6462446243078815,1,Medium Risk
5117-ZSMHQ,71,Two year,89.9,6342.7,DSL,Bank transfer (automatic),High ($65-95),No,5835,0.0016405886719865312,0,Very Low Risk
5151-HQRDG,37,Month-to-month,55.05,2030.75,DSL,Mailed check,Medium ($35-65),No,3839,0.20756404028796535,0,Very Low Risk
0960-HUWBM,65,Two year,104.1,6700.05,Fiber optic,Bank transfer (automatic),Premium (>$95),No,4024,0.05523619003745102,0,Very Low Risk
6465-GSRCL,67,One year,106.6,7244.7,Fiber optic,Bank transfer (automatic),Premium (>$95),No,5895,0.12234420211513614,0,Very Low Risk
0263-FJTQO,50,Two year,70.5,3486.65,DSL,Credit card (automatic),High ($65-95),No,4022,0.017943491639313133,0,Very Low Risk
7319-ZNRTR,25,One year,19.6,411.15,No,Electronic check,Low (<$35),No,2888,0.007499658780790045,0,Very Low Risk
7503-EPSZW,64,Two year,24.05,1559.15,No,Mailed check,Low (<$35),No,4582,0.010749026615267561,0,Very Low Risk
7089-XXAYG,25,One year,38.1,970.4,DSL,Credit card (automatic),Medium ($35-65),No,2315,0.20095791684722833,0,Very Low Risk
8070-AAWZP,24,Month-to-month,34.25,828.2,DSL,Mailed check,Low (<$35),No,2525,0.19481146910243333,0,Very Low Risk
1666-JXLKU,37,Month-to-month,100.05,3810.55,Fiber optic,Electronic check,Premium (>$95),No,2904,0.7827258100804952,1,High Risk
7855-DIWPO,21,Month-to-month,68.65,1493.2,Fiber optic,Electronic check,High ($65-95),No,2006,0.754669103631484,1,High Risk
5133-POWUA,1,Month-to-month,45.8,45.8,DSL,Mailed check,Medium ($35-65),No,2614,0.7224652754578018,1,Medium Risk
5652-MSDEY,10,Month-to-month,75.75,777.3,Fiber optic,Mailed check,High ($65-95),No,4525,0.7394133934312697,1,Medium Risk
1810-BOHSY,51,One year,96.4,4911.05,Fiber optic,Credit card (automatic),Premium (>$95),No,4745,0.2538920229924845,0,Low Risk
1784-BXEFA,10,Month-to-month,20.55,187.35,No,Mailed check,Low (<$35),No,3595,0.21962642218735667,0,Very Low Risk
7351-MHQVU,6,Month-to-month,50.95,307.6,DSL,Credit card (automatic),Medium ($35-65),No,3474,0.21342899457558556,0,Very Low Risk
9224-VTYID,47,Two year,90.5,4318.35,DSL,Mailed check,High ($65-95),No,3413,0.01285525356088999,0,Very Low Risk
9500-IWPXQ,61,One year,79.4,4820.55,DSL,Electronic check,High ($65-95),No,4666,0.026676128667296975,0,Very Low Risk
5762-TJXGK,52,Two year,58.75,3038.55,DSL,Bank transfer (automatic),Medium ($35-65),No,5122,0.04261290817667627,0,Very Low Risk
4504-YOULA,35,Month-to-month,59.45,2136.9,DSL,Credit card (automatic),Medium ($35-65),No,3682,0.09146196136511744,0,Very Low Risk
5569-IDSEY,71,One year,105.7,7472.15,Fiber optic,Bank transfer (automatic),Premium (>$95),No,4420,0.31695551610181794,0,Low Risk
7284-ZZLOH,45,Two year,53.3,2296.25,DSL,Credit card (automatic),Medium ($35-65),No,2929,0.08923337555187867,0,Very Low Risk
1777-JYQPJ,2,Month-to-month,24.3,38.45,DSL,Mailed check,Low (<$35),No,2515,0.571844426418524,1,Medium Risk
3401-URHDA,51,One year,59.9,3043.6,DSL,Credit card (automatic),Medium ($35-65),No,5233,0.05476695429682657,0,Very Low Risk
1599-EAHXY,60,One year,23.95,1506.4,No,Credit card (automatic),Low (<$35),No,5449,0.010259072797119623,0,Very Low Risk
8631-XVRZL,9,One year,20.15,163.7,No,Mailed check,Low (<$35),No,4004,0.07856115725997209,0,Very Low Risk
3853-LYGAM,17,Month-to-month,95.65,1640.0,Fiber optic,Bank transfer (automatic),Premium (>$95),No,3139,0.4660377312596599,0,Low Risk
5751-USDBL,46,Two year,81.0,3846.35,DSL,Mailed check,High ($65-95),No,4280,0.016428363548869042,0,Very Low Risk
5680-LQOGP,68,Two year,82.45,5646.6,DSL,Credit card (automatic),High ($65-95),No,5308,0.021058159297261694,0,Very Low Risk
8189-DUKMV,4,One year,20.5,79.05,No,Bank transfer (automatic),Low (<$35),No,3233,0.14710727620780084,0,Very Low Risk
9931-DCEZH,28,One year,54.4,1516.6,DSL,Credit card (automatic),Medium ($35-65),No,4711,0.06793596867933294,0,Very Low Risk
1898-JSNDC,39,One year,58.6,2224.5,DSL,Credit card (automatic),Medium ($35-65),No,5662,0.20464092593512004,0,Very Low Risk
0315-LVCRK,11,Month-to-month,84.8,888.75,Fiber optic,Electronic check,High ($65-95),No,4924,0.599299774714332,1,Medium Risk
3911-RSNHI,71,Two year,61.4,4310.35,DSL,Credit card (automatic),Medium ($35-65),No,5119,0.019613881689420163,0,Very Low Risk
2410-CIYFZ,2,Month-to-month,20.4,42.9,No,Mailed check,Low (<$35),No,3000,0.1539480931836928,0,Very Low Risk
5505-OVWQW,17,One year,20.15,353.65,No,Mailed check,Low (<$35),No,4650,0.06272092632513578,0,Very Low Risk
7271-AJDTL,55,Month-to-month,94.45,5073.1,Fiber optic,Credit card (automatic),High ($65-95),No,5577,0.4153153309945944,0,Low Risk
1867-TJHTS,58,Month-to-month,79.8,4526.85,Fiber optic,Bank transfer (automatic),High ($65-95),No,5709,0.2717217112997446,0,Low Risk
6860-YRJZP,9,Month-to-month,74.05,678.45,Fiber optic,Electronic check,High ($65-95),No,2003,0.8493681147836948,1,High Risk
4429-WYGFR,26,Month-to-month,49.15,1237.3,DSL,Bank transfer (automatic),Medium ($35-65),No,2752,0.2071071127460961,0,Very Low Risk
2817-LVCPP,50,Two year,19.4,1023.95,No,Credit card (automatic),Low (<$35),No,6233,0.01783292575343015,0,Very Low Risk
5038-ETMLM,72,Two year,113.65,8182.75,Fiber optic,Bank transfer (automatic),Premium (>$95),No,5411,0.058448086146899676,0,Very Low Risk
5056-FIMPT,43,One year,106.0,4532.3,Fiber optic,Credit card (automatic),Premium (>$95),No,3528,0.0969683027695264,0,Very Low Risk
4521-WFJAI,56,Two year,25.95,1444.05,No,Bank transfer (automatic),Low (<$35),No,4246,0.10092641827409349,0,Very Low Risk
6569-KTMDU,1,Month-to-month,19.1,19.1,No,Mailed check,Low (<$35),No,3313,0.3753893112563256,0,Low Risk
8809-XKHMD,72,Two year,100.55,7325.1,Fiber optic,Bank transfer (automatic),Premium (>$95),No,6082,0.06544574324118195,0,Very Low Risk
0396-YCHWO,36,Month-to-month,95.4,3474.2,Fiber optic,Electronic check,Premium (>$95),No,5111,0.8163678400430285,1,High Risk
0867-LDTTC,5,Month-to-month,75.15,392.65,DSL,Bank transfer (automatic),High ($65-95),No,5900,0.3073031408333998,0,Low Risk
9391-DXGGG,44,One year,89.15,3990.75,Fiber optic,Credit card (automatic),High ($65-95),No,4368,0.24794157875846123,0,Very Low Risk
9844-FELAJ,70,One year,107.9,7475.85,Fiber optic,Electronic check,Premium (>$95),No,5899,0.11687567044003154,0,Very Low Risk
2122-SZZZD,44,One year,19.5,835.5,No,Credit card (automatic),Low (<$35),No,4220,0.02648137009749418,0,Very Low Risk
3148-AOIQT,69,Two year,24.95,1718.35,No,Credit card (automatic),Low (<$35),No,4106,0.015806468026599983,0,Very Low Risk
8395-ETZKQ,68,One year,19.5,1193.55,No,Bank transfer (automatic),Low (<$35),No,5443,0.020734009951211854,0,Very Low Risk
6692-YQHXC,16,Month-to-month,69.95,1205.5,Fiber optic,Credit card (automatic),High ($65-95),No,5596,0.5050676213469234,1,Medium Risk
3889-VWBID,68,Two year,82.85,5776.45,DSL,Bank transfer (automatic),High ($65-95),No,5184,0.006053756691337404,0,Very Low Risk
5222-JCXZT,4,Month-to-month,19.0,78.9,No,Mailed check,Low (<$35),No,3022,0.2053496302559326,0,Very Low Risk
9754-CLVZW,26,Month-to-month,38.85,1025.15,DSL,Credit card (automatic),Medium ($35-65),No,3970,0.15257242010797703,0,Very Low Risk
2739-CCZMB,5,Month-to-month,20.35,122.0,No,Credit card (automatic),Low (<$35),No,3161,0.09120258527939111,0,Very Low Risk
7080-TNUWP,70,One year,95.0,6602.9,Fiber optic,Bank transfer (automatic),High ($65-95),No,6259,0.24535468111812958,0,Very Low Risk
0496-AHOOK,24,One year,74.4,1712.9,DSL,Bank transfer (automatic),High ($65-95),No,4310,0.10265014899248605,0,Very Low Risk
8336-TAVKX,72,Two year,78.45,5682.25,DSL,Bank transfer (automatic),High ($65-95),No,4032,0.027085431821364376,0,Very Low Risk
2468-SJFLM,1,Month-to-month,74.3,74.3,Fiber optic,Mailed check,High ($65-95),No,3063,0.5960796949501664,1,Medium Risk
3181-VTHOE,70,One year,51.05,3635.15,DSL,Bank transfer (automatic),Medium ($35-65),No,4042,0.16491082762978398,0,Very Low Risk
7168-HDQHG,36,Month-to-month,19.2,702.9,No,Bank transfer (automatic),Low (<$35),No,3043,0.03903320245596227,0,Very Low Risk
4567-AKPIA,41,One year,109.1,4454.25,Fiber optic,Bank transfer (automatic),Premium (>$95),No,4854,0.08798829362571939,0,Very Low Risk
7901-HXJVA,14,Month-to-month,76.45,1117.55,Fiber optic,Electronic check,High ($65-95),No,2292,0.5577212481819519,1,Medium Risk
5924-IFQTT,13,Month-to-month,72.8,930.05,DSL,Electronic check,High ($65-95),No,2862,0.17200196844231327,0,Very Low Risk
7968-QUXNS,6,Month-to-month,18.95,110.15,No,Mailed check,Low (<$35),No,5920,0.17863669372177213,0,Very Low Risk
8903-WMRNW,15,Month-to-month,101.75,1669.4,Fiber optic,Electronic check,Premium (>$95),No,2919,0.5841607613632757,1,Medium Risk
2452-SNHFZ,47,Month-to-month,75.45,3545.1,Fiber optic,Credit card (automatic),High ($65-95),No,4995,0.30538724089038166,0,Low Risk
3629-WEAAM,8,Month-to-month,64.1,504.05,DSL,Mailed check,Medium ($35-65),No,2804,0.2578314893409561,0,Low Risk
6029-CSMJE,17,Month-to-month,25.65,440.2,DSL,Mailed check,Low (<$35),No,3090,0.4796231121194132,0,Low Risk
7993-NQLJE,15,Month-to-month,75.1,1151.55,Fiber optic,Mailed check,High ($65-95),No,4634,0.1358808429296517,0,Very Low Risk
9909-DFRJA,26,One year,95.85,2475.35,Fiber optic,Bank transfer (automatic),Premium (>$95),No,3834,0.2855697190862995,0,Low Risk
9099-FTUHS,23,Month-to-month,54.4,1249.25,DSL,Electronic check,Medium ($35-65),No,2989,0.3559240738428857,0,Low Risk
0581-BXBUB,4,Month-to-month,72.75,317.75,Fiber optic,Electronic check,High ($65-95),No,4503,0.6200470586142659,1,Medium Risk
4962-CHQPW,29,One year,19.85,535.05,No,Mailed check,Low (<$35),No,2941,0.016111638641750373,0,Very Low Risk
9467-ROOLM,25,Month-to-month,19.05,461.3,No,Mailed check,Low (<$35),No,2692,0.12472619503298832,0,Very Low Risk
5150-ITWWB,3,Month-to-month,94.85,335.75,Fiber optic,Electronic check,High ($65-95),No,4496,0.8922962506315086,1,High Risk
2253-KPMNB,69,Two year,46.25,3121.4,DSL,Bank transfer (automatic),Medium ($35-65),No,4180,0.014622814800566864,0,Very Low Risk
1345-ZUKID,14,One year,19.35,324.8,No,Mailed check,Low (<$35),No,2400,0.03300616247786731,0,Very Low Risk
6429-SHBCB,19,Month-to-month,69.6,1394.55,DSL,Mailed check,High ($65-95),No,3349,0.31732608151846564,0,Low Risk
9281-OFDMF,39,Month-to-month,90.7,3413.25,Fiber optic,Electronic check,High ($65-95),No,5028,0.483076869268597,0,Low Risk
2603-HVKCG,31,Month-to-month,101.4,3143.65,Fiber optic,Electronic check,Premium (>$95),No,2025,0.6499023025324873,1,Medium Risk
1834-WULEG,24,One year,20.25,439.75,No,Mailed check,Low (<$35),No,3000,0.0126338715353984,0,Very Low Risk
9097-ZUBYC,14,Month-to-month,48.8,664.4,DSL,Bank transfer (automatic),Medium ($35-65),No,2168,0.26720785038181455,0,Low Risk
5148-ORICT,64,Two year,74.35,4759.55,DSL,Mailed check,High ($65-95),No,4781,0.018745602720221508,0,Very Low Risk
4893-GYUJU,50,One year,19.35,1033.0,No,Mailed check,Low (<$35),No,5247,0.0836295750219686,0,Very Low Risk
4578-PHJYZ,52,One year,68.75,3482.85,DSL,Electronic check,High ($65-95),No,4172,0.05403723258172894,0,Very Low Risk
7272-QDCKA,28,One year,100.2,2688.45,Fiber optic,Electronic check,Premium (>$95),No,5137,0.362627677937714,0,Low Risk
8908-SLFCJ,21,Two year,20.85,435.25,No,Credit card (automatic),Low (<$35),No,5422,0.04321718835502911,0,Very Low Risk
9766-HGEDE,17,One year,19.35,307.0,No,Mailed check,Low (<$35),No,2185,0.050593506475226036,0,Very Low Risk
6968-MHOMU,58,One year,45.0,2689.35,DSL,Credit card (automatic),Medium ($35-65),No,5006,0.2171036575840692,0,Very Low Risk
5044-XDPYX,51,Two year,25.5,1281.25,No,Mailed check,Low (<$35),No,5447,0.017931407146971154,0,Very Low Risk
1814-WFGVS,72,Two year,48.9,3527.0,DSL,Mailed check,Medium ($35-65),No,5415,0.00876288374736889,0,Very Low Risk
3721-WKIIL,27,Two year,19.6,561.15,No,Mailed check,Low (<$35),No,2896,0.05727528466441229,0,Very Low Risk
6734-CKRSM,3,Month-to-month,20.0,63.6,No,Mailed check,Low (<$35),No,4258,0.35420840126196096,0,Low Risk
1265-ZFOSD,64,Two year,81.3,5129.3,DSL,Mailed check,High ($65-95),No,5254,0.014933384883326748,0,Very Low Risk
6568-POCUI,45,Two year,95.2,4285.8,Fiber optic,Credit card (automatic),Premium (>$95),No,3363,0.1869324400200845,0,Very Low Risk
5197-LQXXH,71,Two year,83.3,5894.5,DSL,Credit card (automatic),High ($65-95),No,4264,0.03316791508531502,0,Very Low Risk
3457-PQBYH,58,Two year,20.3,1160.75,No,Credit card (automatic),Low (<$35),No,4424,0.0008494024491565028,0,Very Low Risk
7682-AZNDK,34,Month-to-month,89.85,3091.75,Fiber optic,Electronic check,High ($65-95),No,3096,0.17088754458590938,0,Very Low Risk
5384-ZTTWP,15,Month-to-month,19.8,272.95,No,Mailed check,Low (<$35),No,4167,0.07915732731237524,0,Very Low Risk
3745-HRPHI,66,Two year,54.65,3632.0,DSL,Bank transfer (automatic),Medium ($35-65),No,4051,0.00671390022423722,0,Very Low Risk
7636-OWBPG,12,Month-to-month,29.35,381.2,DSL,Credit card (automatic),Low (<$35),No,3606,0.3505134948382264,0,Low Risk
1231-YNDEK,58,Two year,19.15,1035.5,No,Bank transfer (automatic),Low (<$35),No,6339,0.04800223043003963,0,Very Low Risk
1407-DIGZV,3,Two year,19.1,52.0,No,Mailed check,Low (<$35),No,3863,0.0353140192738153,0,Very Low Risk
0570-BFQHT,9,Month-to-month,80.55,653.9,Fiber optic,Electronic check,High ($65-95),No,3581,0.5345398497185156,1,Medium Risk
4393-OBCRR,3,One year,20.25,71.2,No,Mailed check,Low (<$35),No,4331,0.13194371750309572,0,Very Low Risk
8564-LDKFL,40,One year,106.0,4178.65,Fiber optic,Bank transfer (automatic),Premium (>$95),No,5118,0.4020308401041578,0,Low Risk
3696-DFHHB,68,Two year,25.5,1821.8,No,Bank transfer (automatic),Low (<$35),No,5182,0.012728649764254805,0,Very Low Risk
4717-GHADL,50,Two year,79.6,4024.2,DSL,Mailed check,High ($65-95),No,5592,0.044925790905080795,0,Very Low Risk
5501-TVMGM,1,Month-to-month,55.25,55.25,DSL,Electronic check,Medium ($35-65),No,3255,0.7965746892134636,1,High Risk
5879-HMFFH,72,Two year,88.05,6520.8,DSL,Bank transfer (automatic),High ($65-95),No,6247,0.0068015306768751845,0,Very Low Risk
6772-WFQRD,40,One year,20.4,854.9,No,Bank transfer (automatic),Low (<$35),No,3200,0.009130099440704583,0,Very Low Risk
3810-DVDQQ,72,Two year,117.6,8308.9,Fiber optic,Bank transfer (automatic),Premium (>$95),No,6173,0.015402408417951369,0,Very Low Risk
6972-SNKKW,6,Month-to-month,20.0,109.2,No,Mailed check,Low (<$35),No,3142,0.30753040753605626,0,Low Risk
3694-GLTJM,5,Month-to-month,19.65,92.05,No,Credit card (automatic),Low (<$35),No,2878,0.19313603856734357,0,Very Low Risk
8550-XSXUQ,48,One year,70.55,3420.5,DSL,Credit card (automatic),High ($65-95),No,3997,0.2202711255004486,0,Very Low Risk
9055-MOJJJ,64,One year,65.8,4068.0,DSL,Mailed check,High ($65-95),No,4754,0.01472714763621896,0,Very Low Risk
4359-INNWN,17,One year,20.05,337.9,No,Credit card (automatic),Low (<$35),No,4828,0.08355868472489375,0,Very Low Risk
0585-EGDDA,40,Month-to-month,80.0,3168.75,Fiber optic,Electronic check,High ($65-95),No,2478,0.6207671995237191,1,Medium Risk
4032-RMHCI,41,One year,35.4,1412.4,DSL,Credit card (automatic),Medium ($35-65),No,4375,0.11764371140310188,0,Very Low Risk
0549-CYCQN,51,One year,79.6,3974.7,Fiber optic,Bank transfer (automatic),High ($65-95),No,4673,0.18675652460945863,0,Very Low Risk
3481-JHUZH,41,Month-to-month,80.25,3439.0,Fiber optic,Electronic check,High ($65-95),No,5757,0.6851614746257545,1,Medium Risk
3594-IVHJZ,2,Month-to-month,20.45,42.45,No,Mailed check,Low (<$35),No,2606,0.27176845841011893,0,Low Risk
6869-FGJJC,68,One year,79.6,5461.45,Fiber optic,Credit card (automatic),High ($65-95),No,5210,0.12010719098022314,0,Very Low Risk
3896-ZVNET,24,Two year,24.7,571.75,No,Mailed check,Low (<$35),No,5302,0.011012989310969827,0,Very Low Risk
8205-VSLRB,70,Two year,77.3,5498.2,DSL,Credit card (automatic),High ($65-95),No,6252,0.059690472621770664,0,Very Low Risk
5960-MVTUK,3,Month-to-month,29.75,96.85,DSL,Electronic check,Low (<$35),No,3425,0.5819894146665145,1,Medium Risk
6817-WTYHE,2,Month-to-month,44.9,111.05,DSL,Bank transfer (automatic),Medium ($35-65),No,4370,0.6263922202284552,1,Medium Risk
3082-VQXNH,3,Month-to-month,29.8,94.4,DSL,Credit card (automatic),Low (<$35),No,5614,0.4062014339764012,0,Low Risk
4931-TRZWN,13,Month-to-month,71.95,923.85,DSL,Electronic check,High ($65-95),No,3605,0.5200923237051351,1,Medium Risk
0750-EKNGL,7,Month-to-month,20.75,141.1,No,Mailed check,Low (<$35),No,4476,0.23670780508056732,0,Very Low Risk
7669-LCRSD,12,Month-to-month,56.3,628.65,DSL,Mailed check,Medium ($35-65),No,2047,0.200934647958616,0,Very Low Risk
3567-PQTSO,53,One year,105.25,5576.3,Fiber optic,Electronic check,Premium (>$95),No,6365,0.16139803815188944,0,Very Low Risk
8043-PNYSD,63,Two year,19.55,1245.6,No,Mailed check,Low (<$35),No,6002,0.003471768754459909,0,Very Low Risk
9938-EKRGF,15,Month-to-month,84.45,1287.85,DSL,Mailed check,High ($65-95),No,4653,0.16449703199168403,0,Very Low Risk
2703-AMTUL,36,One year,53.65,1939.35,DSL,Mailed check,Medium ($35-65),No,4113,0.04526393815260676,0,Very Low Risk
0928-JMXNP,4,Month-to-month,29.9,118.25,DSL,Electronic check,Low (<$35),No,2914,0.693651363703513,1,Medium Risk
8173-RXAYP,24,Two year,19.7,452.55,No,Mailed check,Low (<$35),No,4642,0.006974783741486539,0,Very Low Risk
4825-XJGDM,61,One year,43.7,2696.55,DSL,Credit card (automatic),Medium ($35-65),No,4051,0.04140836292092902,0,Very Low Risk
5402-HTOTQ,16,Month-to-month,55.3,875.35,DSL,Electronic check,Medium ($35-65),No,3771,0.4392989216403461,0,Low Risk
6734-JDTTV,65,Two year,19.85,1267.05,No,Credit card (automatic),Low (<$35),No,6009,0.0032147097720613294,0,Very Low Risk
7850-THJMU,26,Two year,19.65,494.9,No,Credit card (automatic),Low (<$35),No,4184,0.014153349937236683,0,Very Low Risk
3890-RTCMS,16,Month-to-month,49.45,799.0,DSL,Mailed check,Medium ($35-65),No,3446,0.3578225394960757,0,Low Risk
3717-FDJFU,5,Two year,20.45,106.9,No,Mailed check,Low (<$35),No,3353,0.039178732216971865,0,Very Low Risk
3665-JATSN,19,Month-to-month,39.7,710.05,DSL,Electronic check,Medium ($35-65),No,4034,0.5047708569386006,1,Medium Risk
7966-YOTQW,10,Month-to-month,54.5,568.2,DSL,Credit card (automatic),Medium ($35-65),No,4163,0.33637962777853986,0,Low Risk
8853-TZDGH,72,Two year,111.6,8012.75,Fiber optic,Bank transfer (automatic),Premium (>$95),No,5425,0.09240887820413925,0,Very Low Risk
4324-BZCKL,10,Month-to-month,55.55,551.3,DSL,Mailed check,Medium ($35-65),No,2530,0.23774077297607443,0,Very Low Risk
6924-TDGMT,11,One year,20.55,184.95,No,Mailed check,Low (<$35),No,3971,0.056202907166778726,0,Very Low Risk
1536-YHDOE,17,One year,62.1,1096.65,DSL,Mailed check,Medium ($35-65),No,3937,0.03794202834909855,0,Very Low Risk
8123-QBNAZ,36,Month-to-month,104.5,3684.95,Fiber optic,Credit card (automatic),Premium (>$95),No,4102,0.13605039836914729,0,Very Low Risk
3629-ZNKXA,17,Month-to-month,101.8,1752.45,Fiber optic,Electronic check,Premium (>$95),No,3296,0.7141357652929392,1,Medium Risk
4827-LTQRJ,66,One year,110.6,7210.85,Fiber optic,Credit card (automatic),Premium (>$95),No,5418,0.0936668317107029,0,Very Low Risk
7711-YIJWC,61,One year,84.9,5264.5,DSL,Bank transfer (automatic),High ($65-95),No,4413,0.024263043894595403,0,Very Low Risk
5482-VXSXJ,22,Month-to-month,93.2,2157.3,Fiber optic,Mailed check,High ($65-95),No,4093,0.5434066456094373,1,Medium Risk
7365-BVCJH,1,Month-to-month,24.4,24.4,DSL,Electronic check,Low (<$35),No,3145,0.8219851806550517,1,High Risk
9620-ENEJV,6,Month-to-month,70.55,433.95,Fiber optic,Credit card (automatic),High ($65-95),No,4059,0.5437289269094626,1,Medium Risk
2378-YIZKA,68,Two year,85.0,5607.75,DSL,Credit card (automatic),High ($65-95),No,6221,0.0035197404275436332,0,Very Low Risk
0689-DSXGL,52,Month-to-month,85.8,4433.3,Fiber optic,Bank transfer (automatic),High ($65-95),No,5494,0.04938344113854263,0,Very Low Risk
6818-DJXAA,10,Month-to-month,91.1,964.35,Fiber optic,Electronic check,High ($65-95),No,3857,0.4076289847191193,0,Low Risk
0464-WJTKO,72,Two year,20.1,1460.85,No,Bank transfer (automatic),Low (<$35),No,4598,0.0025019084362933558,0,Very Low Risk
8902-ZEOVF,47,One year,20.05,951.55,No,Mailed check,Low (<$35),No,5183,0.007299992603403962,0,Very Low Risk
6778-EICRF,24,One year,74.8,1821.2,DSL,Mailed check,High ($65-95),No,5535,0.052055130791662456,0,Very Low Risk
2662-NNTDK,65,One year,24.8,1600.95,No,Credit card (automatic),Low (<$35),No,5826,0.040884414324033835,0,Very Low Risk
4132-KALRO,4,Month-to-month,100.85,399.25,Fiber optic,Mailed check,Premium (>$95),No,5354,0.7007332158626677,1,Medium Risk
2874-YXVVA,34,Month-to-month,105.1,3634.8,Fiber optic,Electronic check,Premium (>$95),No,3941,0.5336383351366563,1,Medium Risk
1245-HARPS,14,Two year,20.4,292.4,No,Mailed check,Low (<$35),No,4556,0.04378609232598543,0,Very Low Risk
4323-ELYYB,13,One year,20.0,218.55,No,Mailed check,Low (<$35),No,5651,0.02101171076060449,0,Very Low Risk
4293-ETKAP,65,Two year,79.4,5071.9,DSL,Bank transfer (automatic),High ($65-95),No,4023,0.015447075598728518,0,Very Low Risk
6064-PUPMC,23,One year,57.2,1423.35,DSL,Credit card (automatic),Medium ($35-65),No,4021,0.05064463581618099,0,Very Low Risk
6504-VBLFL,55,Two year,58.6,3068.6,DSL,Electronic check,Medium ($35-65),No,6231,0.06886512312692808,0,Very Low Risk
6322-PJJDJ,49,Two year,94.8,4690.65,Fiber optic,Electronic check,High ($65-95),No,4252,0.2948584555431098,0,Low Risk
0330-BGYZE,60,One year,102.5,6157.6,Fiber optic,Bank transfer (automatic),Premium (>$95),No,4968,0.2658646635092683,0,Low Risk
1085-LDWAM,69,One year,20.35,1442.65,No,Credit card (automatic),Low (<$35),No,5188,0.023715850274571033,0,Very Low Risk
7586-ZATGZ,40,Month-to-month,84.9,3369.05,Fiber optic,Electronic check,High ($65-95),No,2904,0.790147069953959,1,High Risk
7197-VOJMM,67,Two year,69.2,4671.65,DSL,Credit card (automatic),High ($65-95),No,4323,0.03563094439023998,0,Very Low Risk
1843-TLSGD,13,Two year,20.85,272.35,No,Mailed check,Low (<$35),No,3163,0.007696671022645413,0,Very Low Risk
9626-VFRGG,41,Month-to-month,88.5,3645.05,Fiber optic,Bank transfer (automatic),High ($65-95),No,5984,0.1945106577865862,0,Very Low Risk
7075-BNDVQ,4,Month-to-month,35.0,135.75,DSL,Mailed check,Low (<$35),No,3523,0.3189636837036801,0,Low Risk
9143-CANJF,24,Month-to-month,55.15,1319.85,DSL,Electronic check,Medium ($35-65),No,2200,0.22603237173519705,0,Very Low Risk
7284-BUYEC,5,Month-to-month,50.95,229.4,DSL,Credit card (automatic),Medium ($35-65),No,3573,0.4875984707727199,0,Low Risk
2041-JIJCI,5,Month-to-month,64.0,370.25,DSL,Electronic check,Medium ($35-65),No,4421,0.5527725849398508,1,Medium Risk
4900-MSOMT,72,Two year,80.2,5714.2,DSL,Bank transfer (automatic),High ($65-95),No,6087,0.003793586680638768,0,Very Low Risk
2229-VWQJH,24,Month-to-month,49.3,1233.25,DSL,Credit card (automatic),Medium ($35-65),No,5394,0.3926671085241887,0,Low Risk
9194-GFVOI,42,Two year,84.35,3571.6,DSL,Credit card (automatic),High ($65-95),No,3363,0.044727657092300976,0,Very Low Risk
1336-EZFZY,4,Month-to-month,20.05,83.3,No,Mailed check,Low (<$35),No,4596,0.35574537840689624,0,Low Risk
4282-MSACW,68,One year,117.2,8035.95,Fiber optic,Credit card (automatic),Premium (>$95),No,4629,0.35986638385792086,0,Low Risk
1403-LKLIK,33,One year,20.1,579.4,No,Mailed check,Low (<$35),No,3342,0.012779897343150232,0,Very Low Risk
0136-IFMYD,69,Two year,109.95,7634.25,Fiber optic,Electronic check,Premium (>$95),No,4297,0.18669620581235624,0,Very Low Risk
5144-TVGLP,38,Month-to-month,94.75,3653.0,Fiber optic,Electronic check,High ($65-95),No,3654,0.6128208250772106,1,Medium Risk
9643-AVVWI,3,Month-to-month,80.0,241.3,Fiber optic,Electronic check,High ($65-95),No,4264,0.442258764568847,0,Low Risk
0253-ZTEOB,48,Two year,79.65,3870.3,DSL,Electronic check,High ($65-95),No,3246,0.046139630052136976,0,Very Low Risk
2706-QZIHY,15,Two year,25.2,387.9,No,Mailed check,Low (<$35),No,4411,0.051352351022048756,0,Very Low Risk
6061-PQHMK,25,One year,19.9,527.5,No,Credit card (automatic),Low (<$35),No,3048,0.04586562931887096,0,Very Low Risk
6137-MFAJN,48,Month-to-month,44.8,2104.55,DSL,Electronic check,Medium ($35-65),No,2469,0.33602203445936923,0,Low Risk
9122-UMROB,1,Month-to-month,20.3,20.3,No,Mailed check,Low (<$35),No,4270,0.564401087534861,1,Medium Risk
4232-JGKIY,1,Month-to-month,19.2,19.2,No,Electronic check,Low (<$35),No,2716,0.2818178629439831,0,Low Risk
2402-TAIRZ,37,One year,80.05,3019.1,Fiber optic,Electronic check,High ($65-95),No,3364,0.22615487109971535,0,Very Low Risk
9659-ZTWSM,66,One year,107.35,7051.95,Fiber optic,Bank transfer (automatic),Premium (>$95),No,4138,0.3231946853494275,0,Low Risk
9139-TWBAS,26,One year,47.85,1190.5,DSL,Bank transfer (automatic),Medium ($35-65),No,4362,0.1507897821687118,0,Very Low Risk
6685-GBWJZ,63,One year,70.8,4448.8,DSL,Credit card (automatic),High ($65-95),No,5114,0.07568993006724978,0,Very Low Risk
2195-VVRJF,18,Month-to-month,59.1,1011.05,DSL,Credit card (automatic),Medium ($35-65),No,2422,0.3110881095259468,0,Low Risk
3913-RDSJZ,64,Two year,25.55,1714.95,No,Mailed check,Low (<$35),No,4312,0.008652630311773319,0,Very Low Risk
4203-QGNZA,28,Month-to-month,20.25,535.35,No,Mailed check,Low (<$35),No,4476,0.05942806170596968,0,Very Low Risk
5043-TRZWM,1,Month-to-month,75.55,75.55,Fiber optic,Electronic check,High ($65-95),No,3503,0.7341432057838619,1,Medium Risk
9494-BDNNC,66,One year,95.3,6273.4,Fiber optic,Electronic check,Premium (>$95),No,5706,0.4349465062804505,0,Low Risk
1640-PLFMP,1,Month-to-month,70.25,70.25,Fiber optic,Electronic check,High ($65-95),No,4063,0.8774737699051903,1,High Risk
5366-OBVMR,18,Month-to-month,50.3,908.75,DSL,Mailed check,Medium ($35-65),No,3740,0.306328947161036,0,Low Risk
7644-OMVMY,0,Two year,19.85,0.0,No,Mailed check,Low (<$35),No,2019,0.07853769096810762,0,Very Low Risk
4573-JKNAE,12,Two year,19.35,212.3,No,Bank transfer (automatic),Low (<$35),No,2558,0.0628365567261344,0,Very Low Risk
9817-APLHW,12,Month-to-month,25.0,316.2,No,Electronic check,Low (<$35),No,4408,0.11370587284189881,0,Very Low Risk
8380-MQINP,55,Two year,20.3,1079.05,No,Mailed check,Low (<$35),No,5153,0.0017215369484534576,0,Very Low Risk
0840-DFEZH,7,Month-to-month,75.35,564.65,Fiber optic,Electronic check,High ($65-95),No,4989,0.8716840109626558,1,High Risk
8690-ZVLCL,68,Two year,88.0,6161.9,DSL,Credit card (automatic),High ($65-95),No,5436,0.004522360314368378,0,Very Low Risk
1125-SNVCK,49,Month-to-month,43.8,2106.05,DSL,Mailed check,Medium ($35-65),No,5651,0.21742514121833728,0,Very Low Risk
0384-LPITE,40,One year,62.05,2511.55,DSL,Credit card (automatic),Medium ($35-65),No,2290,0.14436360384734265,0,Very Low Risk
4616-EWBNJ,16,One year,20.1,318.6,No,Bank transfer (automatic),Low (<$35),No,4545,0.16329908250412736,0,Very Low Risk
1335-HQMKX,72,One year,101.35,7323.15,Fiber optic,Electronic check,Premium (>$95),No,4497,0.42648396242724546,0,Low Risk
2545-EBUPK,2,Month-to-month,84.05,186.05,Fiber optic,Electronic check,High ($65-95),No,5039,0.8960527149838954,1,High Risk
6923-AQONU,23,Two year,20.9,454.0,No,Mailed check,Low (<$35),No,4076,0.0033444715691155315,0,Very Low Risk
2172-EJXVF,71,One year,105.9,7521.95,Fiber optic,Electronic check,Premium (>$95),No,5479,0.3490048699739738,0,Low Risk
4536-PLEQY,12,Month-to-month,85.05,999.8,Fiber optic,Credit card (automatic),High ($65-95),No,2540,0.5813024997692382,1,Medium Risk
7029-IJEJK,54,One year,44.1,2369.7,DSL,Bank transfer (automatic),Medium ($35-65),No,6205,0.03832201845599932,0,Very Low Risk
8871-JLMHM,68,Two year,90.2,6297.65,Fiber optic,Credit card (automatic),High ($65-95),No,4095,0.08922275715597787,0,Very Low Risk
5447-VYTKW,27,Month-to-month,53.45,1461.45,DSL,Mailed check,Medium ($35-65),No,2191,0.13018653214778406,0,Very Low Risk
3623-FQBOX,21,Month-to-month,19.95,416.4,No,Mailed check,Low (<$35),No,3632,0.16322989384521583,0,Very Low Risk
8659-HDIYE,64,Month-to-month,74.65,4869.35,DSL,Credit card (automatic),High ($65-95),No,5113,0.16213811519684726,0,Very Low Risk
3474-BAFSJ,57,Two year,57.5,3265.95,DSL,Bank transfer (automatic),Medium ($35-65),No,4133,0.031095565002396405,0,Very Low Risk
3865-ZFZIB,19,Two year,19.65,358.15,No,Mailed check,Low (<$35),No,5596,0.04550295912718339,0,Very Low Risk
1855-AGAWH,31,One year,93.8,2939.8,Fiber optic,Electronic check,High ($65-95),No,2510,0.558716627333764,1,Medium Risk
7109-CQYUZ,52,Two year,89.25,4652.4,DSL,Mailed check,High ($65-95),No,4624,0.01822423444130063,0,Very Low Risk
1370-GGAWX,46,One year,94.15,4408.45,Fiber optic,Electronic check,High ($65-95),No,3924,0.37776060675614465,0,Low Risk
4680-KUTAJ,11,Month-to-month,55.6,580.8,DSL,Electronic check,Medium ($35-65),No,5014,0.5111419832524562,1,Medium Risk
5307-UVGNB,53,Month-to-month,48.7,2495.2,DSL,Bank transfer (automatic),Medium ($35-65),No,4116,0.07728069392770516,0,Very Low Risk
2883-ILGWO,57,Month-to-month,104.9,5913.95,Fiber optic,Bank transfer (automatic),Premium (>$95),No,5838,0.4016986453211915,0,Low Risk
3642-BYHDO,71,Two year,19.9,1389.35,No,Bank transfer (automatic),Low (<$35),No,5789,0.0025019084362933558,0,Very Low Risk
9629-NHXFW,1,Month-to-month,19.4,19.4,No,Mailed check,Low (<$35),No,3160,0.4207434531403779,0,Low Risk
2696-RZVZW,68,Two year,25.05,1629.2,No,Credit card (automatic),Low (<$35),No,4187,0.02572966192996267,0,Very Low Risk
5766-FTRTS,72,Two year,84.45,6033.1,DSL,Mailed check,High ($65-95),No,6297,0.006225042244802866,0,Very Low Risk
0396-HUJBP,2,Month-to-month,19.3,44.4,No,Mailed check,Low (<$35),No,3009,0.24600096710544964,0,Very Low Risk
8879-ZKJOF,41,One year,79.85,3320.75,DSL,Bank transfer (automatic),High ($65-95),No,5556,0.13501794771531564,0,Very Low Risk
6285-FTQBF,72,Two year,25.55,1867.7,No,Credit card (automatic),Low (<$35),No,6425,0.0010384015928221178,0,Very Low Risk
1474-JUWSM,58,One year,68.4,3972.25,DSL,Electronic check,High ($65-95),No,5269,0.09684569378956973,0,Very Low Risk
3530-CRZSB,7,Month-to-month,20.65,155.9,No,Mailed check,Low (<$35),No,2100,0.27712636212998004,0,Low Risk
8498-XXGWA,65,Month-to-month,55.15,3673.15,DSL,Mailed check,Medium ($35-65),No,6205,0.16285081277770933,0,Very Low Risk
9617-INGJY,1,Month-to-month,70.6,70.6,Fiber optic,Mailed check,High ($65-95),No,3530,0.7944511824147359,1,High Risk
0621-TSSMU,56,One year,19.95,1126.75,No,Credit card (automatic),Low (<$35),No,4838,0.036038306068326566,0,Very Low Risk
7234-KMNRQ,4,Month-to-month,19.0,73.45,No,Mailed check,Low (<$35),No,4345,0.2053496302559326,0,Very Low Risk
7636-PEPNS,58,One year,44.1,2413.05,DSL,Mailed check,Medium ($35-65),No,5040,0.0585021809685718,0,Very Low Risk
4683-WYDOU,62,Two year,107.6,6912.7,Fiber optic,Bank transfer (automatic),Premium (>$95),No,4697,0.31031211890597094,0,Low Risk
9052-DHNKM,26,One year,61.55,1581.95,DSL,Electronic check,Medium ($35-65),No,5156,0.12797364901272856,0,Very Low Risk
6794-HKIAJ,62,Month-to-month,90.7,5586.45,Fiber optic,Bank transfer (automatic),High ($65-95),No,5496,0.18492538158710697,0,Very Low Risk
5578-NKCXI,58,One year,99.25,5846.65,Fiber optic,Credit card (automatic),Premium (>$95),No,4098,0.045074332546860246,0,Very Low Risk
1642-HMARX,68,Two year,91.7,6424.7,DSL,Electronic check,High ($65-95),No,4113,0.02895382687499307,0,Very Low Risk
3096-WPXBT,61,One year,100.7,6018.65,Fiber optic,Credit card (automatic),Premium (>$95),No,4804,0.07433119266211895,0,Very Low Risk
8434-PNQZX,42,Two year,78.45,3373.4,DSL,Credit card (automatic),High ($65-95),No,3192,0.0920416168795941,0,Very Low Risk
5950-AAAGJ,18,Month-to-month,84.3,1537.9,Fiber optic,Bank transfer (automatic),High ($65-95),No,4612,0.47767112279467916,0,Low Risk
4299-OPXEJ,56,Two year,19.55,1080.55,No,Bank transfer (automatic),Low (<$35),No,5764,0.0529131717815263,0,Very Low Risk
9618-LFJRU,4,Month-to-month,20.45,82.85,No,Credit card (automatic),Low (<$35),No,4344,0.2246840764737812,0,Very Low Risk
6693-DJWTY,35,One year,55.6,2016.45,DSL,Credit card (automatic),Medium ($35-65),No,5964,0.047664274798490835,0,Very Low Risk
0744-GKNGE,64,Month-to-month,86.8,5327.25,Fiber optic,Bank transfer (automatic),High ($65-95),No,4915,0.05775200242597872,0,Very Low Risk
6447-EGDIV,31,One year,20.95,683.25,No,Mailed check,Low (<$35),No,5772,0.04552734115028422,0,Very Low Risk
1167-OYZJF,67,Two year,20.05,1263.05,No,Bank transfer (automatic),Low (<$35),No,4934,0.02015301687799766,0,Very Low Risk
4806-DXQCE,70,Two year,113.65,7714.65,Fiber optic,Electronic check,Premium (>$95),No,6146,0.05865776824247828,0,Very Low Risk
4854-SSLTN,2,Two year,59.5,130.5,DSL,Mailed check,Medium ($35-65),No,5613,0.08456303150255298,0,Very Low Risk
5294-DMSFH,29,Month-to-month,87.8,2621.75,Fiber optic,Credit card (automatic),High ($65-95),No,4780,0.1387490607801089,0,Very Low Risk
4837-PZTIC,47,Two year,41.9,1875.25,DSL,Mailed check,Medium ($35-65),No,2540,0.04506333201293674,0,Very Low Risk
0603-OLQDC,12,Month-to-month,69.85,837.5,DSL,Mailed check,High ($65-95),No,5796,0.2117649149785468,0,Very Low Risk
3272-VUHPV,8,Month-to-month,56.3,401.5,DSL,Bank transfer (automatic),Medium ($35-65),No,3135,0.1968351852405169,0,Very Low Risk
4176-FXYBO,54,Month-to-month,109.55,6118.95,Fiber optic,Electronic check,Premium (>$95),No,6130,0.42587940899750854,0,Low Risk
1063-DHQJF,69,Two year,92.15,6480.9,Fiber optic,Mailed check,High ($65-95),No,5817,0.023075619889259012,0,Very Low Risk
8663-UPDGF,26,Month-to-month,69.5,1800.05,DSL,Bank transfer (automatic),High ($65-95),No,3866,0.239786194913907,0,Very Low Risk
6719-FGEDO,72,Two year,97.0,7104.2,Fiber optic,Bank transfer (automatic),Premium (>$95),No,6302,0.03906060263952514,0,Very Low Risk
1837-YQUCE,70,Two year,58.35,4214.25,DSL,Bank transfer (automatic),Medium ($35-65),No,4093,0.027054369000946737,0,Very Low Risk
0369-ZGOVK,28,One year,70.4,1992.2,Fiber optic,Bank transfer (automatic),High ($65-95),No,5195,0.09252720081285505,0,Very Low Risk
9919-KNPOO,21,Month-to-month,94.3,1948.35,Fiber optic,Electronic check,High ($65-95),No,2058,0.8168176150224364,1,High Risk
7872-BAAZR,53,One year,19.55,1007.9,No,Bank transfer (automatic),Low (<$35),No,4670,0.03030462915674278,0,Very Low Risk
9391-LMANN,53,One year,95.95,5036.9,Fiber optic,Electronic check,Premium (>$95),No,4523,0.07362892774370951,0,Very Low Risk
8174-TBVCF,70,Two year,94.8,6859.05,DSL,Credit card (automatic),High ($65-95),No,5072,0.025744711621851993,0,Very Low Risk
1698-XFZCI,61,One year,107.75,6521.9,Fiber optic,Electronic check,Premium (>$95),No,5364,0.3040963058930406,0,Low Risk
1877-HKBQX,11,One year,54.6,617.85,DSL,Mailed check,Medium ($35-65),No,2573,0.13532977084421288,0,Very Low Risk
4450-DLLMH,2,Month-to-month,71.3,157.75,Fiber optic,Credit card (automatic),High ($65-95),No,2274,0.6695442974174939,1,Medium Risk
0428-AXXLJ,25,One year,19.5,516.3,No,Bank transfer (automatic),Low (<$35),No,4761,0.0528358460289071,0,Very Low Risk
2746-DIJLO,41,One year,56.3,2364.0,DSL,Credit card (automatic),Medium ($35-65),No,2994,0.20949229078119547,0,Very Low Risk
3508-VLHCZ,71,Two year,90.55,6239.05,DSL,Credit card (automatic),High ($65-95),No,6009,0.0020954551469567666,0,Very Low Risk
4086-ATNFV,34,One year,60.8,2042.05,DSL,Mailed check,Medium ($35-65),No,4522,0.05954517852376334,0,Very Low Risk
0468-YRPXN,29,Month-to-month,98.8,2807.1,Fiber optic,Credit card (automatic),Premium (>$95),No,4580,0.3647877872915442,0,Low Risk
5996-NRVXR,40,One year,98.15,4116.8,Fiber optic,Credit card (automatic),Premium (>$95),No,4332,0.18077184763907717,0,Very Low Risk
3739-YBWAB,36,One year,35.35,1317.95,DSL,Mailed check,Medium ($35-65),No,3314,0.11411143254962645,0,Very Low Risk
7047-FWEYA,46,One year,103.15,4594.65,Fiber optic,Electronic check,Premium (>$95),No,3517,0.42318230439374227,0,Low Risk
2000-MPKCA,58,One year,107.75,6332.75,Fiber optic,Electronic check,Premium (>$95),No,5121,0.34889683983957626,0,Low Risk
9762-YAQAA,39,One year,81.4,3213.75,Fiber optic,Credit card (automatic),High ($65-95),No,4104,0.2001813062196336,0,Very Low Risk
5473-KHBPS,52,One year,95.7,4976.15,Fiber optic,Credit card (automatic),Premium (>$95),No,4415,0.06961769107492848,0,Very Low Risk
0100-DUVFC,70,One year,104.8,7308.95,Fiber optic,Electronic check,Premium (>$95),No,5291,0.4438063892509719,0,Low Risk
5397-TUPSH,65,One year,70.95,4555.2,Fiber optic,Bank transfer (automatic),High ($65-95),No,4871,0.15656447668805076,0,Very Low Risk
8950-MTZNV,1,Month-to-month,44.95,44.95,DSL,Mailed check,Medium ($35-65),No,3256,0.722393775475783,1,Medium Risk
0326-VDYXE,70,One year,97.65,6982.5,Fiber optic,Electronic check,Premium (>$95),No,4252,0.46779394313549993,0,Low Risk
6773-LQTVT,29,Month-to-month,35.65,1025.15,DSL,Mailed check,Medium ($35-65),No,4107,0.21289154879227432,0,Very Low Risk
0436-TWFFZ,67,Two year,85.25,5714.2,DSL,Mailed check,High ($65-95),No,6322,0.02565233119677234,0,Very Low Risk
8566-YPRGL,1,Month-to-month,19.5,19.5,No,Mailed check,Low (<$35),No,5279,0.5958263746692586,1,Medium Risk
6609-MXJHJ,30,Two year,25.1,789.55,No,Mailed check,Low (<$35),No,5851,0.07145995814452911,0,Very Low Risk
2669-OIDSD,48,Month-to-month,100.05,4834.0,Fiber optic,Credit card (automatic),Premium (>$95),No,3468,0.4117875039402293,0,Low Risk
8400-WZICQ,55,Month-to-month,55.7,3131.8,DSL,Electronic check,Medium ($35-65),No,4149,0.06747792441916253,0,Very Low Risk
9576-SYUHJ,37,Month-to-month,91.15,3369.25,Fiber optic,Electronic check,High ($65-95),No,3194,0.5300137499471649,1,Medium Risk
0410-IPFTY,31,Month-to-month,83.85,2674.15,Fiber optic,Bank transfer (automatic),High ($65-95),No,4283,0.5646367785590001,1,Medium Risk
2831-EBWRN,4,Month-to-month,45.9,199.75,DSL,Electronic check,Medium ($35-65),No,3200,0.7876971031248297,1,High Risk
9430-NKQLY,72,Two year,25.1,1790.8,No,Credit card (automatic),Low (<$35),No,4185,0.014017236749322053,0,Very Low Risk
0247-SLUJI,1,Month-to-month,19.7,19.7,No,Mailed check,Low (<$35),No,2004,0.4219437148120581,0,Low Risk
9402-ORRAH,15,Month-to-month,91.5,1400.3,Fiber optic,Electronic check,High ($65-95),No,4173,0.8181064971003034,1,High Risk
6483-OATDN,8,Month-to-month,51.3,411.6,DSL,Credit card (automatic),Medium ($35-65),No,2545,0.1609269169459256,0,Very Low Risk
1293-HHSHJ,35,One year,21.1,741.0,No,Mailed check,Low (<$35),No,5707,0.03677852786022847,0,Very Low Risk
4840-ORQXB,56,Month-to-month,104.75,5841.35,Fiber optic,Electronic check,Premium (>$95),No,5128,0.44629398975684276,0,Low Risk
3982-DQLUS,65,Month-to-month,85.75,5688.45,Fiber optic,Electronic check,High ($65-95),No,4978,0.11101402523211573,0,Very Low Risk
8610-ZIKJJ,2,One year,20.3,31.9,No,Mailed check,Low (<$35),No,2843,0.08435581759240607,0,Very Low Risk
3756-VNWDH,65,One year,100.75,6674.65,Fiber optic,Electronic check,Premium (>$95),No,4368,0.3281661493236856,0,Low Risk
7801-KICAO,18,Month-to-month,74.15,1345.75,Fiber optic,Electronic check,High ($65-95),No,5033,0.8045058162637764,1,High Risk
7673-LPRNY,23,One year,78.55,1843.05,DSL,Electronic check,High ($65-95),No,3127,0.23005401919731094,0,Very Low Risk
6060-QBMGV,70,Two year,19.85,1433.8,No,Credit card (automatic),Low (<$35),No,4442,0.007825862760730525,0,Very Low Risk
7339-POGZN,4,Month-to-month,50.7,214.55,DSL,Electronic check,Medium ($35-65),No,4288,0.647814241374519,1,Medium Risk
2828-SLQPF,19,Month-to-month,45.0,865.85,DSL,Bank transfer (automatic),Medium ($35-65),No,4519,0.4950235705766544,0,Low Risk
4465-VDKIQ,18,Month-to-month,77.8,1358.6,Fiber optic,Electronic check,High ($65-95),No,4228,0.47557018819692964,0,Low Risk
2921-XWDJH,38,Month-to-month,83.45,3147.15,Fiber optic,Electronic check,High ($65-95),No,2768,0.5043487101553606,1,Medium Risk
2558-BUOZZ,47,One year,94.8,4535.85,Fiber optic,Bank transfer (automatic),High ($65-95),No,5022,0.1387774729467821,0,Very Low Risk
9257-AZMTZ,52,Two year,20.1,1078.75,No,Bank transfer (automatic),Low (<$35),No,4529,0.003248341625574743,0,Very Low Risk
0003-MKNFE,9,Month-to-month,59.9,542.4,DSL,Mailed check,Medium ($35-65),No,5414,0.391017404524715,0,Low Risk
0975-UYDTX,26,One year,90.1,2312.55,DSL,Credit card (automatic),High ($65-95),No,2068,0.12084245100442033,0,Very Low Risk
4682-BLBUC,44,One year,70.95,3250.45,DSL,Electronic check,High ($65-95),No,3678,0.19026715345062764,0,Very Low Risk
0975-VOOVL,3,Month-to-month,29.2,98.5,DSL,Mailed check,Low (<$35),No,4699,0.4448975622748169,0,Low Risk
5968-VXZLG,2,Month-to-month,46.6,87.9,DSL,Bank transfer (automatic),Medium ($35-65),No,5096,0.6944789947641086,1,Medium Risk
5201-FRKKS,25,Month-to-month,74.3,1952.25,Fiber optic,Bank transfer (automatic),High ($65-95),No,4815,0.31547696958892046,0,Low Risk
9799-CAYJJ,2,Month-to-month,69.3,153.8,Fiber optic,Electronic check,High ($65-95),No,2901,0.8063534260127473,1,High Risk
5443-SCMKX,58,One year,94.3,5610.15,Fiber optic,Electronic check,High ($65-95),No,6166,0.3846886071095539,0,Low Risk
8295-KMENE,59,Two year,76.45,4519.5,DSL,Mailed check,High ($65-95),No,5978,0.011150810633224944,0,Very Low Risk
6738-ISCBM,44,One year,54.0,2440.25,DSL,Electronic check,Medium ($35-65),No,4256,0.206893710338037,0,Very Low Risk
9821-BESNZ,66,One year,104.25,6860.6,Fiber optic,Electronic check,Premium (>$95),No,4915,0.4602971643250994,0,Low Risk
3678-MNGZX,68,Two year,19.95,1377.7,No,Bank transfer (automatic),Low (<$35),No,4165,0.002692623252939195,0,Very Low Risk
1335-NTIUC,9,Month-to-month,24.95,190.25,DSL,Electronic check,Low (<$35),No,5473,0.7635751722445958,1,High Risk
2916-BQZLN,19,Month-to-month,84.75,1651.95,Fiber optic,Electronic check,High ($65-95),No,5157,0.5641780298388809,1,Medium Risk
4558-CGYCZ,4,Month-to-month,19.75,78.3,No,Mailed check,Low (<$35),No,4987,0.31806973253665904,0,Low Risk
2368-GAKKQ,70,Two year,113.65,7939.25,Fiber optic,Bank transfer (automatic),Premium (>$95),No,6424,0.11651930360003808,0,Very Low Risk
8710-YGLWG,1,Month-to-month,44.9,44.9,DSL,Mailed check,Medium ($35-65),No,2451,0.722393775475783,1,Medium Risk
3199-XGZCY,8,Month-to-month,75.25,576.7,Fiber optic,Electronic check,High ($65-95),No,2332,0.8696888004500499,1,High Risk
3785-KTYSH,53,Two year,24.6,1279.0,No,Mailed check,Low (<$35),No,4610,0.027325097134532957,0,Very Low Risk
6814-ZPWFQ,51,One year,25.0,1260.7,No,Bank transfer (automatic),Low (<$35),No,5896,0.07449979939684599,0,Very Low Risk
4063-EIKNQ,11,Month-to-month,20.95,267.35,No,Bank transfer (automatic),Low (<$35),No,4075,0.09083248720799135,0,Very Low Risk
6993-YCOBK,60,Two year,110.6,6586.85,Fiber optic,Electronic check,Premium (>$95),No,5756,0.05245143284369441,0,Very Low Risk
5206-HPJKM,17,Month-to-month,55.5,934.15,DSL,Credit card (automatic),Medium ($35-65),No,3190,0.28832040985971946,0,Low Risk
8393-JMVMB,1,Month-to-month,19.45,19.45,No,Mailed check,Low (<$35),No,2133,0.49373990214922087,0,Low Risk
5019-GQVCR,43,Month-to-month,84.85,3645.6,Fiber optic,Electronic check,High ($65-95),No,4556,0.7721862842486942,1,High Risk
6036-TTFYU,16,Month-to-month,19.6,314.45,No,Mailed check,Low (<$35),No,4298,0.1957968680068498,0,Very Low Risk
2550-AEVRU,57,One year,53.45,3053.0,DSL,Electronic check,Medium ($35-65),No,5660,0.03258093045390039,0,Very Low Risk
0969-RGKCU,37,One year,19.8,677.05,No,Credit card (automatic),Low (<$35),No,5137,0.005440468242035621,0,Very Low Risk
0378-CJKPV,72,Two year,112.1,7965.95,Fiber optic,Credit card (automatic),Premium (>$95),No,4272,0.03027398794763009,0,Very Low Risk
2880-FPNAE,2,Month-to-month,74.2,140.1,Fiber optic,Electronic check,High ($65-95),No,3170,0.785829848178455,1,High Risk
1703-MGIAB,17,Month-to-month,69.0,1108.0,DSL,Mailed check,High ($65-95),No,4439,0.32704074968429275,0,Low Risk
4311-QTTAI,16,One year,19.35,295.55,No,Credit card (automatic),Low (<$35),No,2017,0.10133702260674932,0,Very Low Risk
4318-RAJVY,10,One year,19.8,198.25,No,Mailed check,Low (<$35),No,5270,0.09162557913123237,0,Very Low Risk
3612-YUNGG,64,Two year,109.2,6741.15,Fiber optic,Credit card (automatic),Premium (>$95),No,5543,0.053920246097374454,0,Very Low Risk
2254-DLXRI,1,Month-to-month,79.15,79.15,Fiber optic,Mailed check,High ($65-95),No,2742,0.756876462500593,1,High Risk
5062-CJJKH,25,One year,53.65,1355.45,DSL,Mailed check,Medium ($35-65),No,5854,0.06268465570274333,0,Very Low Risk
9028-LIHRP,71,Two year,100.2,7209.0,Fiber optic,Credit card (automatic),Premium (>$95),No,5502,0.012554891466303451,0,Very Low Risk
1053-MXTTK,72,Two year,108.65,7726.35,Fiber optic,Bank transfer (automatic),Premium (>$95),No,5730,0.01611928124572644,0,Very Low Risk
1530-ZTDOZ,49,Month-to-month,40.65,2070.75,DSL,Bank transfer (automatic),Medium ($35-65),No,5565,0.20036336797521584,0,Very Low Risk
1301-LOPVR,29,One year,55.35,1636.95,DSL,Credit card (automatic),Medium ($35-65),No,5138,0.03478374523194068,0,Very Low Risk
0853-TWRVK,72,Two year,105.6,7581.5,Fiber optic,Bank transfer (automatic),Premium (>$95),No,5981,0.06385021954912061,0,Very Low Risk
6212-ATMLK,50,Month-to-month,95.7,4729.75,Fiber optic,Electronic check,Premium (>$95),No,4164,0.7496347153389091,1,Medium Risk
8200-LGKSR,71,Two year,83.2,6126.1,DSL,Electronic check,High ($65-95),No,5350,0.08005223924215316,0,Very Low Risk
1568-BEKZM,70,Two year,90.05,6333.4,DSL,Credit card (automatic),High ($65-95),No,4666,0.07352207139501311,0,Very Low Risk
0670-ANMUU,71,One year,97.65,6687.85,Fiber optic,Credit card (automatic),Premium (>$95),No,5319,0.17342810609489426,0,Very Low Risk
6897-RWMUB,61,Two year,68.05,4158.25,DSL,Bank transfer (automatic),High ($65-95),No,4436,0.005017380055196277,0,Very Low Risk
6999-CHVCF,68,Two year,102.1,7149.35,Fiber optic,Bank transfer (automatic),Premium (>$95),No,5228,0.09217353747936315,0,Very Low Risk
6134-KWTBV,62,Two year,23.4,1429.65,No,Bank transfer (automatic),Low (<$35),No,5822,0.027514736605639457,0,Very Low Risk
1077-HUUJM,7,Month-to-month,71.05,472.65,Fiber optic,Electronic check,High ($65-95),No,4668,0.6195340320970942,1,Medium Risk
0895-LNKRC,6,One year,19.45,113.5,No,Mailed check,Low (<$35),No,3461,0.04280279293563008,0,Very Low Risk
2045-BMBTJ,33,Month-to-month,59.45,1884.65,DSL,Bank transfer (automatic),Medium ($35-65),No,3116,0.3028320946027889,0,Low Risk
8417-GSODA,28,One year,92.2,2568.15,Fiber optic,Bank transfer (automatic),High ($65-95),No,5116,0.060855839198322215,0,Very Low Risk
5171-EPLKN,27,Two year,19.85,470.0,No,Credit card (automatic),Low (<$35),No,2176,0.03346930175362958,0,Very Low Risk
4452-QIIEB,7,Month-to-month,43.9,278.4,DSL,Mailed check,Medium ($35-65),No,3565,0.4495029610658235,0,Low Risk
6741-EGCBI,30,Month-to-month,90.5,2595.85,Fiber optic,Credit card (automatic),High ($65-95),No,5983,0.3751120656970419,0,Low Risk
7820-ZYGNY,63,One year,90.45,5825.5,Fiber optic,Credit card (automatic),High ($65-95),No,4616,0.197240542570787,0,Very Low Risk
9677-AVKED,53,One year,84.6,4449.75,DSL,Electronic check,High ($65-95),No,4733,0.06541797121940571,0,Very Low Risk
2227-JRSJX,21,Month-to-month,99.15,1956.4,Fiber optic,Bank transfer (automatic),Premium (>$95),No,5324,0.5178217204320372,1,Medium Risk
9847-HNVGP,17,One year,19.95,310.6,No,Mailed check,Low (<$35),No,2221,0.03411966179745062,0,Very Low Risk
6696-YDAYZ,16,Two year,20.5,290.55,No,Mailed check,Low (<$35),No,2856,0.004608107197752324,0,Very Low Risk
8980-WQFWL,35,Month-to-month,62.1,2096.1,DSL,Electronic check,Medium ($35-65),No,5315,0.4433729179716119,0,Low Risk
1730-ZMAME,32,Month-to-month,79.5,2665.0,Fiber optic,Electronic check,High ($65-95),No,3041,0.709830083306933,1,Medium Risk
6506-EYCNH,28,Month-to-month,19.55,543.8,No,Bank transfer (automatic),Low (<$35),No,3948,0.07194308755853014,0,Very Low Risk
4634-JLRJT,1,Month-to-month,20.35,20.35,No,Mailed check,Low (<$35),No,2183,0.5722942672198578,1,Medium Risk
9501-UKKNL,59,Month-to-month,51.7,3005.8,DSL,Electronic check,Medium ($35-65),No,6107,0.2968314232966808,0,Low Risk
2560-QTSBS,72,One year,23.3,1623.15,No,Bank transfer (automatic),Low (<$35),No,4152,0.01672374702217063,0,Very Low Risk
4795-WRNVT,40,Month-to-month,65.1,2586.0,DSL,Mailed check,High ($65-95),No,3885,0.17506750803370447,0,Very Low Risk
6080-TCMYC,40,Month-to-month,81.2,3292.3,Fiber optic,Electronic check,High ($65-95),No,5370,0.19269713780849188,0,Very Low Risk
7860-UXCRM,63,Two year,74.5,4674.55,DSL,Credit card (automatic),High ($65-95),No,6382,0.013321550107017157,0,Very Low Risk
6357-JJPQT,3,Month-to-month,80.5,232.35,Fiber optic,Electronic check,High ($65-95),No,2032,0.8788352025720606,1,High Risk
2292-XQWSV,40,One year,60.3,2448.5,DSL,Mailed check,Medium ($35-65),No,3724,0.05324162326650241,0,Very Low Risk
9552-TGUZV,8,Month-to-month,75.0,658.1,Fiber optic,Mailed check,High ($65-95),No,5413,0.42213052585483934,0,Low Risk
5913-INRQV,34,One year,90.15,3128.8,Fiber optic,Mailed check,High ($65-95),No,3202,0.18551189991719397,0,Very Low Risk
9643-YBLUR,9,Month-to-month,69.05,653.95,DSL,Credit card (automatic),High ($65-95),No,2907,0.3382076353009731,0,Low Risk
8734-FNWVH,31,Month-to-month,59.7,1825.5,DSL,Bank transfer (automatic),Medium ($35-65),No,2425,0.12029187289811627,0,Very Low Risk
9447-YPTBX,50,One year,19.85,943.1,No,Bank transfer (automatic),Low (<$35),No,4358,0.07651750458172604,0,Very Low Risk
9026-LHEVG,9,Month-to-month,40.75,359.4,DSL,Electronic check,Medium ($35-65),No,2973,0.40065732769273965,0,Low Risk
7011-CVEUC,25,Month-to-month,95.7,2338.35,Fiber optic,Credit card (automatic),Premium (>$95),No,4535,0.3924305306713782,0,Low Risk
6185-TASNN,1,Month-to-month,46.3,46.3,DSL,Electronic check,Medium ($35-65),No,2546,0.7337683049994064,1,Medium Risk
7925-PNRGI,45,Month-to-month,81.3,3541.1,DSL,Mailed check,High ($65-95),No,3111,0.09131731990392936,0,Very Low Risk
1552-CZCLL,55,Month-to-month,20.0,1087.25,No,Credit card (automatic),Low (<$35),No,4277,0.06055826315443261,0,Very Low Risk
3038-PQIUY,38,Month-to-month,66.15,2522.4,DSL,Bank transfer (automatic),High ($65-95),No,4933,0.21396978004764833,0,Very Low Risk
9313-CDOGY,38,Month-to-month,19.6,717.3,No,Electronic check,Low (<$35),No,3854,0.038553627681329014,0,Very Low Risk
8148-BPLZQ,34,Month-to-month,49.8,1734.2,DSL,Electronic check,Medium ($35-65),No,2711,0.40448636298173185,0,Low Risk
2623-DRYAM,70,One year,101.75,7069.3,Fiber optic,Electronic check,Premium (>$95),No,5596,0.474518722892537,0,Low Risk
9987-LUTYD,13,One year,55.15,742.9,DSL,Mailed check,Medium ($35-65),No,3161,0.08324544841072273,0,Very Low Risk
4488-KQFDT,61,One year,103.95,6423.0,Fiber optic,Electronic check,Premium (>$95),No,4148,0.44716421941230067,0,Low Risk
5693-PIPCS,41,Two year,99.65,4220.35,Fiber optic,Credit card (automatic),Premium (>$95),No,2640,0.1507159153922454,0,Very Low Risk
0491-KAPQG,21,Month-to-month,73.7,1558.7,Fiber optic,Electronic check,High ($65-95),No,2071,0.8134986308137506,1,High Risk
1925-LFCZZ,55,One year,50.05,2743.45,DSL,Bank transfer (automatic),Medium ($35-65),No,4932,0.23869459241589439,0,Very Low Risk
8039-EQPIM,69,Two year,60.25,4055.5,DSL,Bank transfer (automatic),Medium ($35-65),No,5717,0.02202142959121625,0,Very Low Risk
8707-RMEZH,69,One year,87.3,6055.55,Fiber optic,Credit card (automatic),High ($65-95),No,4148,0.17359553450303558,0,Very Low Risk
3209-ZPKFI,47,Month-to-month,54.25,2538.2,DSL,Electronic check,Medium ($35-65),No,2320,0.11722279844100529,0,Very Low Risk
6479-VDGRK,72,Two year,85.3,6129.2,DSL,Bank transfer (automatic),High ($65-95),No,4456,0.003535977991266577,0,Very Low Risk
9373-WSLOY,33,Month-to-month,50.0,1750.85,DSL,Electronic check,Medium ($35-65),No,5600,0.24977452524207786,0,Very Low Risk
3569-JFODW,72,Two year,90.95,6652.45,DSL,Credit card (automatic),High ($65-95),No,5096,0.002133408052454024,0,Very Low Risk
9819-FBNSV,37,Month-to-month,72.25,2575.45,Fiber optic,Bank transfer (automatic),High ($65-95),No,4121,0.5447485672985696,1,Medium Risk
9544-PYPSJ,62,Month-to-month,96.1,6019.35,Fiber optic,Credit card (automatic),Premium (>$95),No,5868,0.1309083338184187,0,Very Low Risk
1591-XWLGB,71,Two year,19.85,1379.6,No,Credit card (automatic),Low (<$35),No,4121,0.007316957691890944,0,Very Low Risk
0396-UKGAI,23,Month-to-month,55.3,1284.2,DSL,Bank transfer (automatic),Medium ($35-65),No,4028,0.13958351999324525,0,Very Low Risk
3243-ZHOHY,16,One year,20.1,296.15,No,Mailed check,Low (<$35),No,5052,0.06809925560229857,0,Very Low Risk
5186-EJEGL,9,Month-to-month,69.5,653.25,DSL,Mailed check,High ($65-95),No,3628,0.2629199977765581,0,Low Risk
7527-QNRUS,17,Two year,25.15,412.6,No,Mailed check,Low (<$35),No,3931,0.023664911345076752,0,Very Low Risk
2203-GHNWN,24,Month-to-month,79.65,1928.7,Fiber optic,Mailed check,High ($65-95),No,3816,0.571845416327396,1,Medium Risk
3878-AVSOQ,1,Month-to-month,71.25,71.25,Fiber optic,Electronic check,High ($65-95),No,5033,0.877122145943087,1,High Risk
3258-SYSWS,72,Two year,113.8,7845.8,Fiber optic,Bank transfer (automatic),Premium (>$95),No,4598,0.04636931804354561,0,Very Low Risk
5296-PSYVW,72,Two year,24.55,1750.7,No,Electronic check,Low (<$35),No,4169,0.012852469052810582,0,Very Low Risk
6319-QSUSR,11,Month-to-month,19.7,216.2,No,Credit card (automatic),Low (<$35),No,3838,0.17870543397116756,0,Very Low Risk
0512-FLFDW,60,One year,100.5,6029.0,Fiber optic,Credit card (automatic),Premium (>$95),No,6442,0.336371286084843,0,Low Risk
0487-CRLZF,49,Two year,74.45,3721.9,DSL,Bank transfer (automatic),High ($65-95),No,4517,0.05496637963737062,0,Very Low Risk
2107-FBPTK,30,Month-to-month,104.1,3121.1,Fiber optic,Electronic check,Premium (>$95),No,5655,0.7189298625464257,1,Medium Risk
9451-WLYRI,53,One year,19.05,990.45,No,Credit card (automatic),Low (<$35),No,6160,0.06243279960884159,0,Very Low Risk
8219-VYBVI,39,Two year,25.0,1004.35,No,Mailed check,Low (<$35),No,4295,0.01181199338676963,0,Very Low Risk
1991-VOPLL,9,Month-to-month,19.05,157.65,No,Mailed check,Low (<$35),No,3248,0.20153200578084626,0,Very Low Risk
9738-QLWTP,39,One year,81.9,3219.75,Fiber optic,Electronic check,High ($65-95),No,3446,0.21823150230405386,0,Very Low Risk
1016-DJTSV,8,Month-to-month,69.7,572.85,Fiber optic,Electronic check,High ($65-95),No,5242,0.8409221650956182,1,High Risk
9419-IPPBE,51,One year,90.15,4554.85,Fiber optic,Electronic check,High ($65-95),No,5692,0.11769845994692404,0,Very Low Risk
0174-QRVVY,71,Two year,25.35,1847.55,No,Credit card (automatic),Low (<$35),No,5747,0.0010384015928221178,0,Very Low Risk
5699-BNCAS,71,Two year,24.65,1766.75,No,Mailed check,Low (<$35),No,4788,0.0146805076864887,0,Very Low Risk
2900-PHPLN,70,Two year,19.55,1462.05,No,Credit card (automatic),Low (<$35),No,5209,0.014203154101446432,0,Very Low Risk
8106-GWQOK,38,Two year,60.0,2193.2,DSL,Bank transfer (automatic),Medium ($35-65),No,2187,0.047089724077392266,0,Very Low Risk
8751-EDEKA,28,Month-to-month,89.9,2433.5,Fiber optic,Credit card (automatic),High ($65-95),No,3676,0.369049798135743,0,Low Risk
6878-GGDWG,32,Month-to-month,19.4,641.15,No,Bank transfer (automatic),Low (<$35),No,3846,0.185556565750053,0,Very Low Risk
4039-PIMHX,49,Two year,49.8,2398.4,DSL,Mailed check,Medium ($35-65),No,4306,0.09708449305182025,0,Very Low Risk
8450-LUGUK,37,Two year,24.1,861.85,No,Bank transfer (automatic),Low (<$35),No,3753,0.012652355052088584,0,Very Low Risk
3604-WLABM,10,Month-to-month,54.25,583.0,DSL,Electronic check,Medium ($35-65),No,2253,0.417776930364528,0,Low Risk
0795-GMVQO,67,One year,109.9,7332.4,Fiber optic,Credit card (automatic),Premium (>$95),No,5416,0.22666618131893404,0,Very Low Risk
2259-OUUSZ,7,One year,35.5,249.55,DSL,Credit card (automatic),Medium ($35-65),No,5124,0.2233639530926304,0,Very Low Risk
1142-IHLOO,51,One year,87.55,4475.9,Fiber optic,Credit card (automatic),High ($65-95),No,6021,0.19590582957996877,0,Very Low Risk
4633-MKHYU,9,Month-to-month,88.4,788.6,Fiber optic,Mailed check,High ($65-95),No,2952,0.7422269806944785,1,Medium Risk
6257-RJOHI,4,Month-to-month,50.8,202.3,DSL,Mailed check,Medium ($35-65),No,4521,0.43039359958724865,0,Low Risk
1545-JFUML,71,Two year,99.0,6994.6,Fiber optic,Electronic check,Premium (>$95),No,5295,0.14544838262538437,0,Very Low Risk
7826-VVKWT,24,Two year,96.55,2263.45,Fiber optic,Electronic check,Premium (>$95),No,4309,0.17777502354731126,0,Very Low Risk
1353-GHZOS,22,One year,59.75,1374.35,DSL,Bank transfer (automatic),Medium ($35-65),No,3947,0.20200671158699168,0,Very Low Risk
2587-EKXTS,44,Month-to-month,111.5,4915.15,Fiber optic,Electronic check,Premium (>$95),No,2827,0.5098623134345377,1,Medium Risk
5442-BXVND,33,Month-to-month,24.25,838.5,No,Bank transfer (automatic),Low (<$35),No,5531,0.06612756544093902,0,Very Low Risk
9753-OYLBX,1,Month-to-month,20.5,20.5,No,Mailed check,Low (<$35),No,4454,0.5611209387160416,1,Medium Risk
2364-UFROM,30,One year,70.4,2044.75,DSL,Electronic check,High ($65-95),No,3380,0.08639532856825655,0,Very Low Risk
6656-JWRQX,1,Month-to-month,30.55,30.55,DSL,Mailed check,Low (<$35),No,5565,0.42569295258121514,0,Low Risk
6473-ULUHT,16,Month-to-month,84.9,1398.25,DSL,Electronic check,High ($65-95),No,2269,0.14900322357889464,0,Very Low Risk
7688-AWMDX,71,Two year,54.5,3778.2,DSL,Bank transfer (automatic),Medium ($35-65),No,4957,0.02999707841695971,0,Very Low Risk
2842-BCQGE,43,Month-to-month,75.35,3161.4,Fiber optic,Credit card (automatic),High ($65-95),No,4898,0.46764822071563505,0,Low Risk
7244-QWYHG,50,One year,44.45,2188.45,DSL,Bank transfer (automatic),Medium ($35-65),No,5363,0.06269663785891892,0,Very Low Risk
5312-UXESG,41,Month-to-month,98.05,3990.6,Fiber optic,Bank transfer (automatic),Premium (>$95),No,5614,0.4669319121908481,0,Low Risk
2150-WLKUW,40,One year,63.9,2635.0,DSL,Bank transfer (automatic),Medium ($35-65),No,2654,0.12126720019566564,0,Very Low Risk
7159-FVYPK,3,Month-to-month,69.15,235.0,DSL,Bank transfer (automatic),High ($65-95),No,2301,0.2183934324897335,0,Very Low Risk
7032-LMBHI,37,One year,64.65,2347.85,DSL,Bank transfer (automatic),Medium ($35-65),No,5255,0.08541184075850657,0,Very Low Risk
6088-BXMRG,32,Month-to-month,98.85,3089.6,Fiber optic,Electronic check,Premium (>$95),No,3149,0.23688951514915058,0,Very Low Risk
4821-SJHJV,32,Month-to-month,89.6,2901.8,Fiber optic,Electronic check,High ($65-95),No,4444,0.14448082145469315,0,Very Low Risk
7346-MEDWM,59,Month-to-month,83.25,4949.1,Fiber optic,Electronic check,High ($65-95),No,4094,0.5388056677481172,1,Medium Risk
1137-DGOWI,30,One year,70.25,2198.9,DSL,Bank transfer (automatic),High ($65-95),No,5417,0.1288385328014496,0,Very Low Risk
3812-LRZIR,27,Two year,24.5,761.95,No,Electronic check,Low (<$35),No,2645,0.042651180219017724,0,Very Low Risk
9483-GCPWE,9,One year,20.1,190.25,No,Mailed check,Low (<$35),No,3444,0.04784118395559668,0,Very Low Risk
4227-OJHAL,68,One year,73.0,5163.0,DSL,Credit card (automatic),High ($65-95),No,4156,0.032415039593615955,0,Very Low Risk
9220-CXRSC,69,Two year,61.4,4059.85,DSL,Credit card (automatic),Medium ($35-65),No,5266,0.016089018468129147,0,Very Low Risk
4993-JCRGJ,26,Month-to-month,84.3,2281.6,Fiber optic,Mailed check,High ($65-95),No,5471,0.41132286232435045,0,Low Risk
9537-JALFH,69,Two year,19.9,1356.7,No,Bank transfer (automatic),Low (<$35),No,6058,0.002692623252939195,0,Very Low Risk
6698-OXETB,11,Two year,20.4,231.45,No,Mailed check,Low (<$35),No,5397,0.08102624469470207,0,Very Low Risk
2103-ZRXFN,1,Month-to-month,50.75,50.75,DSL,Mailed check,Medium ($35-65),No,3631,0.6411179890660361,1,Medium Risk
3724-BSCVH,10,One year,20.45,242.4,No,Mailed check,Low (<$35),No,4613,0.025815583491793,0,Very Low Risk
4877-TSOFF,55,One year,75.75,4264.25,DSL,Bank transfer (automatic),High ($65-95),No,4489,0.047864905644300355,0,Very Low Risk
9209-NWPGU,44,One year,65.4,2774.55,DSL,Electronic check,High ($65-95),No,5827,0.1217936566986269,0,Very Low Risk
7306-YDSOI,69,Two year,59.75,4069.9,DSL,Bank transfer (automatic),Medium ($35-65),No,4665,0.008466369102846578,0,Very Low Risk
5288-AHOUP,11,Month-to-month,78.5,874.2,Fiber optic,Electronic check,High ($65-95),No,4333,0.819919255337777,1,High Risk
0655-YDGFJ,29,Month-to-month,48.95,1323.7,DSL,Bank transfer (automatic),Medium ($35-65),No,4825,0.29195633081190786,0,Low Risk
8468-EHYJA,57,Month-to-month,99.65,5497.05,Fiber optic,Electronic check,Premium (>$95),No,5106,0.43225316917123535,0,Low Risk
6823-SIDFQ,28,One year,18.25,534.7,No,Credit card (automatic),Low (<$35),No,5327,0.028557804786420365,0,Very Low Risk
1097-FSPVW,42,Month-to-month,54.55,2455.05,DSL,Credit card (automatic),Medium ($35-65),No,5387,0.2118255787375898,0,Very Low Risk
8328-SKJNO,23,One year,40.65,947.4,DSL,Bank transfer (automatic),Medium ($35-65),No,5230,0.04034801449997873,0,Very Low Risk
7010-ZMVBF,18,Month-to-month,20.45,357.0,No,Mailed check,Low (<$35),No,2047,0.07486466559568926,0,Very Low Risk
5201-CBWYG,62,One year,24.8,1476.25,No,Bank transfer (automatic),Low (<$35),No,5105,0.018977930606429695,0,Very Low Risk
6352-GIGGQ,67,One year,88.8,5903.15,DSL,Bank transfer (automatic),High ($65-95),No,4081,0.15929591294690143,0,Very Low Risk
3635-QQRQD,62,Two year,20.05,1201.65,No,Credit card (automatic),Low (<$35),No,4568,0.019116352485217977,0,Very Low Risk
2897-DOVND,2,Month-to-month,69.8,146.65,Fiber optic,Electronic check,High ($65-95),No,3527,0.8591645251756554,1,High Risk
3082-YVEKW,23,Two year,77.15,1759.4,DSL,Bank transfer (automatic),High ($65-95),No,2572,0.02793213628672353,0,Very Low Risk
0191-EQUUH,25,Two year,35.05,844.45,DSL,Bank transfer (automatic),Medium ($35-65),No,2754,0.07648636783469814,0,Very Low Risk
7134-HBPBS,72,Two year,108.1,7774.05,Fiber optic,Bank transfer (automatic),Premium (>$95),No,4474,0.11657175204577602,0,Very Low Risk
3489-HHPFY,2,Month-to-month,84.05,134.05,Fiber optic,Electronic check,High ($65-95),No,2115,0.8634751815403702,1,High Risk
2926-JEJJC,8,One year,20.2,140.95,No,Bank transfer (automatic),Low (<$35),No,5066,0.11034392957322849,0,Very Low Risk
4950-BDEUX,35,Month-to-month,49.2,1701.65,DSL,Electronic check,Medium ($35-65),No,2782,0.40795354361461766,0,Low Risk
5789-LDFXO,24,One year,24.6,592.65,No,Electronic check,Low (<$35),No,5448,0.07241887449223619,0,Very Low Risk
0508-OOLTO,2,Month-to-month,71.65,135.75,Fiber optic,Electronic check,High ($65-95),No,3916,0.40741997392412344,0,Low Risk
2984-TBYKU,72,Two year,104.9,7732.65,Fiber optic,Credit card (automatic),Premium (>$95),No,6378,0.013091723972441984,0,Very Low Risk
9822-WMWVG,41,Month-to-month,106.5,4282.4,Fiber optic,Electronic check,Premium (>$95),No,4434,0.4858113370122353,0,Low Risk
9040-KZVWO,26,One year,75.5,2018.1,Fiber optic,Bank transfer (automatic),High ($65-95),No,5184,0.22369395305038292,0,Very Low Risk
1548-ARAGG,4,Month-to-month,58.5,224.85,DSL,Mailed check,Medium ($35-65),No,5605,0.2750854202500764,0,Low Risk
6339-RZCBJ,48,Two year,78.9,3771.5,DSL,Credit card (automatic),High ($65-95),No,4063,0.07860677148240608,0,Very Low Risk
4415-WNGVR,12,One year,79.2,943.85,DSL,Electronic check,High ($65-95),No,3355,0.23186518594232247,0,Very Low Risk
2522-AHJXR,60,Month-to-month,109.45,6572.85,Fiber optic,Bank transfer (automatic),Premium (>$95),No,4350,0.3487471040567563,0,Low Risk
0412-UCCNP,55,Two year,59.2,3175.85,DSL,Electronic check,Medium ($35-65),No,5162,0.07321480985392853,0,Very Low Risk
1816-FLZDK,1,Month-to-month,29.15,29.15,DSL,Mailed check,Low (<$35),No,3923,0.4523511025528957,0,Low Risk
7096-UCLNH,1,Month-to-month,20.05,20.05,No,Mailed check,Low (<$35),No,2313,0.589119826960006,1,Medium Risk
4615-PIVVU,42,Two year,66.5,2762.75,DSL,Credit card (automatic),High ($65-95),No,4668,0.09411374038412919,0,Very Low Risk
8885-QSQBX,1,Month-to-month,49.55,49.55,DSL,Bank transfer (automatic),Medium ($35-65),No,5277,0.4091209727781834,0,Low Risk
8617-ENBDS,3,Month-to-month,73.6,232.5,Fiber optic,Credit card (automatic),High ($65-95),No,5510,0.596480989587767,1,Medium Risk
9385-NXKDA,72,Two year,82.65,5919.35,DSL,Credit card (automatic),High ($65-95),No,4324,0.03308237728777319,0,Very Low Risk
0430-IHCDJ,15,Month-to-month,49.0,749.25,DSL,Electronic check,Medium ($35-65),No,2597,0.7215535462339723,1,Medium Risk
6674-KVJHG,11,One year,25.2,245.15,No,Electronic check,Low (<$35),No,4998,0.09681213747592184,0,Very Low Risk
1814-DKOLC,5,Month-to-month,25.45,134.75,No,Mailed check,Low (<$35),No,4855,0.23855549129919418,0,Very Low Risk
9351-HXDMR,72,Two year,110.9,8240.85,Fiber optic,Credit card (automatic),Premium (>$95),No,4938,0.12456215305943497,0,Very Low Risk
3537-HPKQT,55,Month-to-month,77.75,4266.4,Fiber optic,Credit card (automatic),High ($65-95),No,4621,0.386424847343373,0,Low Risk
2129-ALKBS,40,Month-to-month,26.2,1077.5,No,Electronic check,Low (<$35),No,2211,0.03567858315183124,0,Very Low Risk
5821-MMEIL,57,Two year,19.9,1115.6,No,Bank transfer (automatic),Low (<$35),No,4408,0.021470909432502294,0,Very Low Risk
1309-XGFSN,52,One year,80.85,4079.55,DSL,Electronic check,High ($65-95),No,6090,0.10147736046095714,0,Very Low Risk
6968-URWQU,43,One year,56.35,2391.15,DSL,Mailed check,Medium ($35-65),No,4928,0.23831353953319553,0,Very Low Risk
4742-TXUEX,47,Two year,19.3,890.5,No,Bank transfer (automatic),Low (<$35),No,5829,0.005122991490619994,0,Very Low Risk
9631-XEYKE,3,Month-to-month,50.4,137.25,DSL,Bank transfer (automatic),Medium ($35-65),No,4639,0.6032470278552577,1,Medium Risk
1335-MXCSE,55,Two year,55.25,3119.9,DSL,Credit card (automatic),Medium ($35-65),No,5821,0.017386833229116435,0,Very Low Risk
8873-TMKGR,29,One year,19.1,529.5,No,Mailed check,Low (<$35),No,5880,0.0279183115486474,0,Very Low Risk
8800-JOOCF,12,Month-to-month,84.05,966.55,Fiber optic,Electronic check,High ($65-95),No,4621,0.4474449933185263,0,Low Risk
1469-LBJQJ,66,Month-to-month,105.2,6936.85,Fiber optic,Electronic check,Premium (>$95),No,4016,0.6758506328643464,1,Medium Risk
0064-YIJGF,27,Month-to-month,75.75,1929.0,Fiber optic,Bank transfer (automatic),High ($65-95),No,4994,0.1581450807294881,0,Very Low Risk
2386-OWURY,58,Month-to-month,95.3,5817.7,Fiber optic,Electronic check,Premium (>$95),No,6460,0.49882136928141674,0,Low Risk
0310-VQXAM,9,Month-to-month,19.85,178.8,No,Mailed check,Low (<$35),No,2788,0.2600384650681749,0,Low Risk
3453-RTHJQ,6,Month-to-month,69.1,435.0,Fiber optic,Electronic check,High ($65-95),No,5741,0.8387693338132971,1,High Risk
6278-FEPBZ,9,Month-to-month,20.25,186.15,No,Mailed check,Low (<$35),No,5546,0.3023868819912127,0,Low Risk
4280-DLSHD,8,Month-to-month,54.75,445.85,DSL,Mailed check,Medium ($35-65),No,4099,0.4027069335894011,0,Low Risk
1508-DFXCU,12,Month-to-month,81.45,912.0,Fiber optic,Electronic check,High ($65-95),No,2916,0.8394099454022509,1,High Risk
7868-BGSZA,43,One year,80.2,3581.6,DSL,Electronic check,High ($65-95),No,5888,0.24332200209924124,0,Very Low Risk
2800-QQUSO,42,Month-to-month,100.3,4222.95,Fiber optic,Electronic check,Premium (>$95),No,3286,0.6909690402449382,1,Medium Risk
7973-DZRKH,66,Two year,90.95,5930.05,Fiber optic,Credit card (automatic),High ($65-95),No,6204,0.019676574626963896,0,Very Low Risk
7698-YFGEZ,1,Month-to-month,20.0,20.0,No,Mailed check,Low (<$35),No,5650,0.589119826960006,1,Medium Risk
9773-PEQBZ,10,Month-to-month,79.85,797.25,Fiber optic,Electronic check,High ($65-95),No,5739,0.5730806655146217,1,Medium Risk
0650-BWOZN,18,Month-to-month,73.55,1359.45,Fiber optic,Electronic check,High ($65-95),No,5313,0.7061924611683642,1,Medium Risk
7785-RDVIG,3,Month-to-month,19.3,54.7,No,Mailed check,Low (<$35),No,5722,0.1485269591014293,0,Very Low Risk
9602-WCXPI,50,One year,20.15,989.05,No,Credit card (automatic),Low (<$35),No,5249,0.03861099801321974,0,Very Low Risk
2903-YYTBW,1,Month-to-month,44.55,44.55,DSL,Electronic check,Medium ($35-65),No,3408,0.4411856757649607,0,Low Risk
3620-MWJNE,2,Month-to-month,54.45,87.3,DSL,Mailed check,Medium ($35-65),No,5753,0.343239352108083,0,Low Risk
8573-JGCZW,17,One year,19.65,351.55,No,Bank transfer (automatic),Low (<$35),No,4774,0.07487840681238996,0,Very Low Risk
6837-HAEVO,69,Two year,105.0,7297.75,Fiber optic,Electronic check,Premium (>$95),No,5436,0.13165082849371335,0,Very Low Risk
6701-YVNQG,72,Two year,88.7,6301.7,DSL,Credit card (automatic),High ($65-95),No,5764,0.00894690701486056,0,Very Low Risk
4304-XUMGI,50,Two year,75.15,3822.45,DSL,Bank transfer (automatic),High ($65-95),No,6084,0.02605683947875396,0,Very Low Risk
9504-YAZWB,53,Two year,20.25,1048.45,No,Mailed check,Low (<$35),No,4218,0.03808550146717511,0,Very Low Risk
8819-ZBYNA,58,Two year,109.1,6393.65,Fiber optic,Credit card (automatic),Premium (>$95),No,4935,0.1586745085452156,0,Very Low Risk
6174-NRBTZ,46,One year,30.75,1489.3,DSL,Bank transfer (automatic),Low (<$35),No,5646,0.13852877337244215,0,Very Low Risk
9481-IEBZY,72,Month-to-month,112.9,8061.5,Fiber optic,Credit card (automatic),Premium (>$95),No,5569,0.2358450776363226,0,Very Low Risk
6137-NICCO,6,Month-to-month,94.05,518.75,Fiber optic,Mailed check,High ($65-95),No,3083,0.3714918699003345,0,Low Risk
9065-ZCPQX,72,Two year,78.85,5763.15,DSL,Bank transfer (automatic),High ($65-95),No,5091,0.017214318760587783,0,Very Low Risk
6402-EJMWF,4,Month-to-month,55.3,238.5,DSL,Mailed check,Medium ($35-65),No,3684,0.6540085598754359,1,Medium Risk
3620-EHIMZ,52,Two year,19.35,1031.7,No,Mailed check,Low (<$35),No,5699,0.003449307497899908,0,Very Low Risk
3213-VVOLG,0,Two year,25.35,0.0,No,Mailed check,Low (<$35),No,2299,0.028181603995688878,0,Very Low Risk
6870-ECSHE,2,One year,20.45,34.8,No,Mailed check,Low (<$35),No,4196,0.11823828486473277,0,Very Low Risk
8747-UDCOI,65,Two year,19.35,1319.95,No,Bank transfer (automatic),Low (<$35),No,5076,0.023748324138468422,0,Very Low Risk
4626-OZDTJ,51,One year,78.65,3950.85,DSL,Credit card (automatic),High ($65-95),No,5408,0.1643341810884124,0,Very Low Risk
9169-BSVIN,12,Month-to-month,74.75,827.05,DSL,Bank transfer (automatic),High ($65-95),No,3521,0.3327444796133711,0,Low Risk
8194-PEEBY,24,One year,19.9,533.5,No,Mailed check,Low (<$35),No,4158,0.019902345052181657,0,Very Low Risk
6872-HXFNF,64,One year,58.35,3756.45,DSL,Bank transfer (automatic),Medium ($35-65),No,5331,0.0628531329160803,0,Very Low Risk
7714-YXSMB,26,Month-to-month,100.5,2599.95,Fiber optic,Bank transfer (automatic),Premium (>$95),No,2921,0.6132880086098427,1,Medium Risk
8387-UGUSU,15,Month-to-month,20.05,284.3,No,Mailed check,Low (<$35),No,3591,0.07091213500468294,0,Very Low Risk
1080-BWSYE,64,Two year,25.65,1740.8,No,Credit card (automatic),Low (<$35),No,6469,0.017904185572658216,0,Very Low Risk
1194-HVAIF,27,Month-to-month,95.0,2462.55,Fiber optic,Credit card (automatic),High ($65-95),No,4235,0.4797698162949588,0,Low Risk
1767-TGTKO,8,Month-to-month,45.45,411.75,DSL,Electronic check,Medium ($35-65),No,4651,0.3082556556673447,0,Low Risk
8439-LTUGF,10,Month-to-month,20.0,198.6,No,Credit card (automatic),Low (<$35),No,4802,0.13502797666921282,0,Very Low Risk
8805-JNRAZ,2,Month-to-month,49.2,103.7,DSL,Mailed check,Medium ($35-65),No,2342,0.5029892274755005,1,Medium Risk
6418-HNFED,51,Two year,83.25,4089.45,DSL,Credit card (automatic),High ($65-95),No,5340,0.022156701024199817,0,Very Low Risk
0206-OYVOC,46,Two year,19.25,864.2,No,Mailed check,Low (<$35),No,5596,0.011005926161485798,0,Very Low Risk
7291-CDTMJ,1,Month-to-month,19.65,19.65,No,Bank transfer (automatic),Low (<$35),No,3075,0.40735184812974773,0,Low Risk
7128-GGCNO,46,Month-to-month,72.8,3249.4,Fiber optic,Bank transfer (automatic),High ($65-95),No,2642,0.44356526519719996,0,Low Risk
0237-YFUTL,50,Month-to-month,109.65,5405.8,Fiber optic,Bank transfer (automatic),Premium (>$95),No,4676,0.32677914402959557,0,Low Risk
7691-KGKGP,53,Month-to-month,65.0,3363.8,DSL,Credit card (automatic),Medium ($35-65),No,5534,0.058305815755723016,0,Very Low Risk
6710-HSJRD,61,Month-to-month,114.1,7132.15,Fiber optic,Electronic check,Premium (>$95),No,5239,0.5028045852730293,1,Medium Risk
3675-EQOZA,5,Month-to-month,20.65,93.55,No,Bank transfer (automatic),Low (<$35),No,5597,0.25244759424061797,0,Low Risk
0840-DCNZE,47,One year,86.95,4138.9,DSL,Bank transfer (automatic),High ($65-95),No,5631,0.1358727505520615,0,Very Low Risk
1732-FEKLD,54,One year,94.75,5121.75,Fiber optic,Bank transfer (automatic),High ($65-95),No,5665,0.23590374371867873,0,Very Low Risk
9862-KJTYK,19,Month-to-month,25.35,566.1,DSL,Credit card (automatic),Low (<$35),No,3072,0.16364193651865963,0,Very Low Risk
0479-HMSWA,26,Two year,105.45,2715.3,Fiber optic,Electronic check,Premium (>$95),No,5980,0.12164136715821065,0,Very Low Risk
5854-KSRBJ,70,Two year,25.4,1782.05,No,Mailed check,Low (<$35),No,4954,0.0011368358892864545,0,Very Low Risk
0365-BZUWY,17,Month-to-month,102.55,1742.5,Fiber optic,Electronic check,Premium (>$95),No,3803,0.7958691872702633,1,High Risk
5701-SVCWR,1,Month-to-month,24.0,24.0,No,Mailed check,Low (<$35),No,2559,0.23472119774754552,0,Very Low Risk
3129-AAQOU,19,Two year,25.6,485.9,No,Mailed check,Low (<$35),No,5038,0.013757176060873042,0,Very Low Risk
4922-CVPDX,26,Two year,73.5,1905.7,DSL,Credit card (automatic),High ($65-95),No,3596,0.13747420802183974,0,Very Low Risk
1357-BIJKI,50,One year,98.25,4858.7,Fiber optic,Electronic check,Premium (>$95),No,5154,0.4955629889488711,0,Low Risk
1099-BTKWT,68,One year,54.4,3723.65,DSL,Electronic check,Medium ($35-65),No,4897,0.24096494687481418,0,Very Low Risk
2018-PZKMU,9,Month-to-month,103.1,970.45,Fiber optic,Electronic check,Premium (>$95),No,4171,0.20871007607791536,0,Very Low Risk
7340-KEFQE,51,Two year,34.2,1782.0,DSL,Bank transfer (automatic),Low (<$35),No,6404,0.021977376122300822,0,Very Low Risk
4570-QHXHL,9,Month-to-month,43.75,405.7,DSL,Electronic check,Medium ($35-65),No,5644,0.7060794086014477,1,Medium Risk
7392-YYPYJ,22,Month-to-month,100.65,2415.95,Fiber optic,Electronic check,Premium (>$95),No,4094,0.7968300108190033,1,High Risk
2223-GDSHL,71,Two year,116.05,8297.5,Fiber optic,Bank transfer (automatic),Premium (>$95),No,6481,0.01890967635873706,0,Very Low Risk
9470-RTWDV,26,One year,82.0,2083.1,DSL,Credit card (automatic),High ($65-95),No,3973,0.04623082019265115,0,Very Low Risk
2176-OSJUV,71,Two year,65.15,4681.75,DSL,Bank transfer (automatic),High ($65-95),No,4384,0.022603732378021855,0,Very Low Risk
9348-YVOMK,4,Month-to-month,44.8,176.2,DSL,Credit card (automatic),Medium ($35-65),No,5565,0.5903103165078349,1,Medium Risk
8104-OSKWT,12,Month-to-month,79.8,1001.2,Fiber optic,Electronic check,High ($65-95),No,5906,0.6498258087456787,1,Medium Risk
4521-YEEHE,18,Month-to-month,88.85,1594.75,Fiber optic,Electronic check,High ($65-95),No,3127,0.6884657967481388,1,Medium Risk
4090-KPJIP,3,Month-to-month,74.95,212.4,Fiber optic,Electronic check,High ($65-95),No,3641,0.8770308474729176,1,High Risk
3786-WOVKF,72,One year,106.85,7677.4,Fiber optic,Bank transfer (automatic),Premium (>$95),No,4768,0.19797346552615924,0,Very Low Risk
2592-HODOV,13,One year,19.3,259.65,No,Credit card (automatic),Low (<$35),No,2823,0.04941885869399769,0,Very Low Risk
7995-ZHHNZ,42,One year,56.1,2386.85,DSL,Credit card (automatic),Medium ($35-65),No,5904,0.08825197006125379,0,Very Low Risk
3824-RHKVR,17,Month-to-month,19.7,340.35,No,Credit card (automatic),Low (<$35),No,4222,0.2000326275442272,0,Very Low Risk
5816-SCGFC,7,Month-to-month,51.3,419.35,DSL,Mailed check,Medium ($35-65),No,3660,0.46998241534321267,0,Low Risk
5989-AXPUC,68,Two year,118.6,7990.05,Fiber optic,Mailed check,Premium (>$95),No,4175,0.09562041378436041,0,Very Low Risk
4979-HPRFL,56,Two year,24.15,1402.25,No,Bank transfer (automatic),Low (<$35),No,5137,0.00733337369130599,0,Very Low Risk
8590-OHDIW,38,One year,20.3,749.35,No,Mailed check,Low (<$35),No,4686,0.013207675120928011,0,Very Low Risk
8015-IHCGW,72,Two year,115.5,8425.15,Fiber optic,Electronic check,Premium (>$95),No,4017,0.01922800355458242,0,Very Low Risk
2332-TODQS,48,One year,25.05,1171.5,No,Credit card (automatic),Low (<$35),No,3642,0.05779517208086762,0,Very Low Risk
9278-VZKCD,52,Month-to-month,109.1,5647.95,Fiber optic,Electronic check,Premium (>$95),No,4428,0.4751491410349009,0,Low Risk
8008-OTEZX,35,One year,19.65,708.8,No,Mailed check,Low (<$35),No,3739,0.012719517389481003,0,Very Low Risk
2773-OVBPK,67,Two year,111.3,7567.2,Fiber optic,Bank transfer (automatic),Premium (>$95),No,4469,0.19622276631070334,0,Very Low Risk
5999-LCXAO,1,Month-to-month,29.9,29.9,DSL,Mailed check,Low (<$35),No,4155,0.4455271325164538,0,Low Risk
5206-XZZQI,53,Month-to-month,80.6,4348.1,Fiber optic,Mailed check,High ($65-95),No,6113,0.23969170034994514,0,Very Low Risk
4803-LBYPN,34,Month-to-month,20.8,635.9,No,Mailed check,Low (<$35),No,4985,0.029162862245623283,0,Very Low Risk
2139-FQHLM,19,Month-to-month,89.95,1682.4,Fiber optic,Mailed check,High ($65-95),No,3402,0.3796591779885613,0,Low Risk
8261-GWDBQ,60,Two year,116.05,6925.9,Fiber optic,Bank transfer (automatic),Premium (>$95),No,4734,0.08474736047881669,0,Very Low Risk
1093-YSWCA,11,Two year,19.55,223.15,No,Credit card (automatic),Low (<$35),No,5433,0.06874082643419822,0,Very Low Risk
3882-IYOIJ,60,Two year,115.25,6758.45,Fiber optic,Credit card (automatic),Premium (>$95),No,5328,0.026227266217062423,0,Very Low Risk
8749-TZYEC,72,Two year,24.8,1874.3,No,Credit card (automatic),Low (<$35),No,6251,0.018887067726860433,0,Very Low Risk
1755-FZQEC,39,One year,19.9,791.15,No,Mailed check,Low (<$35),No,4041,0.03187498612190784,0,Very Low Risk
3115-JPJDD,59,One year,81.25,4639.45,Fiber optic,Credit card (automatic),High ($65-95),No,4709,0.10852738934245229,0,Very Low Risk
5600-KTXFM,2,Month-to-month,69.95,143.9,Fiber optic,Mailed check,High ($65-95),No,5010,0.3352313529410237,0,Low Risk
6339-TBELP,71,Two year,86.4,6172.0,Fiber optic,Credit card (automatic),High ($65-95),No,4069,0.10081746781875045,0,Very Low Risk
7964-YESJC,24,Month-to-month,66.3,1559.45,DSL,Mailed check,High ($65-95),No,2235,0.1774900204560461,0,Very Low Risk
6173-GOLSU,67,Month-to-month,94.65,6079.0,Fiber optic,Credit card (automatic),High ($65-95),No,4228,0.5560243247079703,1,Medium Risk
9938-ZREHM,37,One year,72.1,2658.4,DSL,Mailed check,High ($65-95),No,2703,0.13875404471433586,0,Very Low Risk
7950-XWOVN,11,Month-to-month,34.7,383.55,DSL,Mailed check,Low (<$35),No,4310,0.336927349548896,0,Low Risk
4647-MUZON,18,Month-to-month,95.95,1745.5,Fiber optic,Credit card (automatic),Premium (>$95),No,5009,0.6103229224255976,1,Medium Risk
9702-AIUJO,50,One year,44.8,2230.85,DSL,Bank transfer (automatic),Medium ($35-65),No,6115,0.05934801992459948,0,Very Low Risk
8849-PRIQJ,67,One year,109.4,7281.6,Fiber optic,Electronic check,Premium (>$95),No,4103,0.06302778319116256,0,Very Low Risk
8851-RAGOV,25,Month-to-month,71.05,1837.7,DSL,Mailed check,High ($65-95),No,5620,0.1470073213463732,0,Very Low Risk
5396-IZEPB,9,Month-to-month,19.7,180.7,No,Credit card (automatic),Low (<$35),No,4194,0.18141208889394206,0,Very Low Risk
1729-VLAZJ,10,One year,40.25,411.45,DSL,Mailed check,Medium ($35-65),No,2876,0.060510243178395845,0,Very Low Risk
8285-ABVLB,70,Two year,19.85,1328.35,No,Credit card (automatic),Low (<$35),No,4311,0.00779376134102205,0,Very Low Risk
0701-TJSEF,9,Month-to-month,68.25,576.95,DSL,Bank transfer (automatic),High ($65-95),No,4366,0.2650296645521653,0,Low Risk
5712-VBOXD,4,Month-to-month,20.15,68.45,No,Credit card (automatic),Low (<$35),No,5221,0.1844296883273437,0,Very Low Risk
6629-LADHQ,2,Month-to-month,50.95,123.05,DSL,Mailed check,Medium ($35-65),No,5968,0.3915104797881525,0,Low Risk
1559-DTODC,19,Month-to-month,25.15,468.35,DSL,Bank transfer (automatic),Low (<$35),No,3784,0.48225084953259156,0,Low Risk
4797-MIWUM,7,Month-to-month,20.25,174.7,No,Bank transfer (automatic),Low (<$35),No,3149,0.08624679501490369,0,Very Low Risk
8720-RQSBJ,1,Month-to-month,44.0,44.0,DSL,Electronic check,Medium ($35-65),No,4320,0.6921549075820187,1,Medium Risk
4537-CIBHB,9,One year,20.25,172.35,No,Mailed check,Low (<$35),No,4272,0.05622521444546792,0,Very Low Risk
4324-AHJKS,5,Month-to-month,55.8,300.4,DSL,Credit card (automatic),Medium ($35-65),No,5104,0.260805153738499,0,Low Risk
4355-CVPVS,56,One year,88.9,4968.0,Fiber optic,Bank transfer (automatic),High ($65-95),No,4170,0.05282421822427288,0,Very Low Risk
4495-LHSSK,18,Month-to-month,57.65,992.7,DSL,Mailed check,Medium ($35-65),No,3425,0.13340267013134716,0,Very Low Risk
5915-ANOEI,70,Two year,79.15,5536.5,DSL,Mailed check,High ($65-95),No,4408,0.022723287808652626,0,Very Low Risk
9861-PDSZP,72,Two year,108.05,7806.6,Fiber optic,Credit card (automatic),Premium (>$95),No,5430,0.10612617089743966,0,Very Low Risk
7225-CBZPL,17,Month-to-month,94.8,1563.9,Fiber optic,Electronic check,High ($65-95),No,4831,0.8278783385998788,1,High Risk
6704-UTUKK,29,Month-to-month,45.9,1332.4,DSL,Electronic check,Medium ($35-65),No,5074,0.6062957210446092,1,Medium Risk
2019-HDCZY,63,Two year,102.6,6296.75,Fiber optic,Electronic check,Premium (>$95),No,4004,0.3090923496012595,0,Low Risk
8788-DOXSU,59,One year,61.35,3645.5,DSL,Bank transfer (automatic),Medium ($35-65),No,6250,0.22063732736827252,0,Very Low Risk
7404-JLKQG,3,Month-to-month,57.55,161.45,DSL,Electronic check,Medium ($35-65),No,4099,0.5665214398999292,1,Medium Risk
7421-ZLUPA,8,Month-to-month,29.25,226.95,DSL,Mailed check,Low (<$35),No,2038,0.4837929754425674,0,Low Risk
3274-NSDWE,68,Two year,19.6,1441.65,No,Credit card (automatic),Low (<$35),No,6161,0.013674454680585611,0,Very Low Risk
2632-IVXVF,68,Two year,111.75,7511.3,Fiber optic,Credit card (automatic),Premium (>$95),No,4967,0.034641424697547635,0,Very Low Risk
3692-JHONH,52,One year,106.5,5621.85,Fiber optic,Electronic check,Premium (>$95),No,4499,0.45203497607660487,0,Low Risk
8915-NNTRC,72,Two year,107.7,7919.8,Fiber optic,Credit card (automatic),Premium (>$95),No,4351,0.02339738390327696,0,Very Low Risk
5914-GXMDA,32,One year,19.3,593.2,No,Mailed check,Low (<$35),No,5817,0.04762277662323529,0,Very Low Risk
7463-IFMQU,72,Two year,20.05,1423.65,No,Bank transfer (automatic),Low (<$35),No,4747,0.014054132223326545,0,Very Low Risk
2920-RNCEZ,1,Month-to-month,69.95,69.95,Fiber optic,Credit card (automatic),High ($65-95),No,5133,0.2893177755215551,0,Low Risk
2541-YGPKE,42,One year,63.7,2763.35,DSL,Credit card (automatic),Medium ($35-65),No,3764,0.06255314909393568,0,Very Low Risk
5382-TEMLV,45,Month-to-month,50.9,2298.55,DSL,Bank transfer (automatic),Medium ($35-65),No,5274,0.25367220214477315,0,Low Risk
3441-CGZJH,43,One year,60.4,2640.55,DSL,Credit card (automatic),Medium ($35-65),No,2725,0.029323733839677336,0,Very Low Risk
9592-ERDKV,37,One year,79.25,2911.8,DSL,Mailed check,High ($65-95),No,2322,0.10936467634871512,0,Very Low Risk
4778-IZARL,63,Two year,110.1,6705.7,Fiber optic,Credit card (automatic),Premium (>$95),No,6216,0.12251825256941658,0,Very Low Risk
0432-CAJZV,3,Month-to-month,90.7,237.65,Fiber optic,Mailed check,High ($65-95),No,3953,0.7071619464494876,1,Medium Risk
7008-LZVOZ,66,Two year,25.3,1672.35,No,Credit card (automatic),Low (<$35),No,5617,0.016007122458441107,0,Very Low Risk
1200-TUZHR,8,Month-to-month,85.2,695.75,Fiber optic,Electronic check,High ($65-95),No,2565,0.7584520646063893,1,High Risk
9365-CSLBQ,71,Two year,24.35,1654.6,No,Mailed check,Low (<$35),No,4155,0.004118389541179291,0,Very Low Risk
5884-FBCTL,72,Two year,25.1,1857.85,No,Bank transfer (automatic),Low (<$35),No,5611,0.001953689091598423,0,Very Low Risk
7130-CTCUS,16,Month-to-month,54.55,825.1,DSL,Bank transfer (automatic),Medium ($35-65),No,3324,0.2943374931023694,0,Low Risk
6242-FEGFD,66,Two year,96.6,6424.25,Fiber optic,Mailed check,Premium (>$95),No,4454,0.08323379364412521,0,Very Low Risk
6194-HBGQN,51,One year,81.15,4126.2,DSL,Credit card (automatic),High ($65-95),No,4549,0.10216497155422527,0,Very Low Risk
7634-WSWDB,8,Month-to-month,38.5,330.8,DSL,Electronic check,Medium ($35-65),No,4194,0.30612435528749726,0,Low Risk
6986-IXNDM,14,Month-to-month,92.9,1337.45,Fiber optic,Electronic check,High ($65-95),No,4296,0.8280151822085787,1,High Risk
2987-BJXIK,70,Two year,84.7,5991.05,DSL,Mailed check,High ($65-95),No,4180,0.028929458219799784,0,Very Low Risk
9769-TSBZE,70,Two year,66.0,4891.5,DSL,Electronic check,High ($65-95),No,5265,0.02265707485210404,0,Very Low Risk
1395-WSWXR,24,Two year,20.75,487.05,No,Mailed check,Low (<$35),No,4117,0.042268376197389906,0,Very Low Risk
6023-GSSXW,69,Two year,61.45,4131.2,DSL,Credit card (automatic),Medium ($35-65),No,4162,0.07464165752928789,0,Very Low Risk
6752-APNJL,42,Month-to-month,54.5,2301.15,DSL,Mailed check,Medium ($35-65),No,3449,0.1032222427040089,0,Very Low Risk
0420-HLGXF,39,Month-to-month,99.75,4036.0,Fiber optic,Electronic check,Premium (>$95),No,3860,0.7737458192860008,1,High Risk
7446-KQISO,45,Two year,109.75,4900.65,Fiber optic,Bank transfer (automatic),Premium (>$95),No,4221,0.07868459773566419,0,Very Low Risk
9823-EALYC,72,Two year,80.85,5727.45,DSL,Bank transfer (automatic),High ($65-95),No,6067,0.0023884216649629722,0,Very Low Risk
0582-AVCLN,38,Two year,20.3,743.05,No,Mailed check,Low (<$35),No,5919,0.03356864977489193,0,Very Low Risk
5803-NQJZO,72,Two year,67.8,4804.65,DSL,Bank transfer (automatic),High ($65-95),No,5242,0.01920034877004555,0,Very Low Risk
2607-DHDAK,72,Two year,19.8,1414.65,No,Credit card (automatic),Low (<$35),No,5027,0.0023348858761290886,0,Very Low Risk
1073-XXCZD,55,Two year,25.7,1443.65,No,Bank transfer (automatic),Low (<$35),No,6228,0.04220111914304514,0,Very Low Risk
0743-HRVFF,51,One year,56.15,2898.95,DSL,Electronic check,Medium ($35-65),No,4132,0.08585280099947211,0,Very Low Risk
4006-HKYHO,63,Two year,86.7,5309.5,DSL,Bank transfer (automatic),High ($65-95),No,5841,0.021244445934587484,0,Very Low Risk
3727-JEZTU,1,Month-to-month,20.4,20.4,No,Mailed check,Low (<$35),No,2152,0.5623864595692125,1,Medium Risk
8143-ETQTI,23,Two year,19.65,451.55,No,Mailed check,Low (<$35),No,4896,0.011483921799064871,0,Very Low Risk
9667-TKTVZ,2,Month-to-month,54.35,117.05,DSL,Mailed check,Medium ($35-65),No,4916,0.5086428860412113,1,Medium Risk
3657-COGMW,52,Month-to-month,108.1,5839.3,Fiber optic,Credit card (automatic),Premium (>$95),No,4251,0.24663147451536363,0,Very Low Risk
8570-KLJYJ,36,One year,54.45,1893.5,DSL,Mailed check,Medium ($35-65),No,4462,0.06651470863034946,0,Very Low Risk
7754-IXRMC,1,Month-to-month,45.35,45.35,DSL,Mailed check,Medium ($35-65),No,3980,0.6121542750047886,1,Medium Risk
9473-CBZOP,28,One year,59.0,1654.45,DSL,Mailed check,Medium ($35-65),No,4891,0.09033453779160384,0,Very Low Risk
2969-WGHQO,7,One year,69.45,477.05,DSL,Electronic check,High ($65-95),No,3334,0.12193847898859093,0,Very Low Risk
4334-HOWRP,72,Two year,64.95,4546.0,DSL,Credit card (automatic),Medium ($35-65),No,4049,0.0130941304418833,0,Very Low Risk
5863-OOKCL,10,Month-to-month,18.85,163.2,No,Mailed check,Low (<$35),No,5949,0.2053123163609306,0,Very Low Risk
1686-STUHN,42,One year,19.8,849.9,No,Bank transfer (automatic),Low (<$35),No,3575,0.038348088870660976,0,Very Low Risk
1329-VHWNP,7,Month-to-month,25.05,189.95,DSL,Bank transfer (automatic),Low (<$35),No,4404,0.46915281785244567,0,Low Risk
0266-GMEAO,72,Two year,114.3,8058.55,Fiber optic,Credit card (automatic),Premium (>$95),No,5879,0.011377550560682468,0,Very Low Risk
5574-NXZIU,63,Two year,109.2,7049.75,Fiber optic,Credit card (automatic),Premium (>$95),No,4273,0.15602730600720832,0,Very Low Risk
0019-GFNTW,56,Two year,45.05,2560.1,DSL,Bank transfer (automatic),Medium ($35-65),No,5795,0.022847439206130134,0,Very Low Risk
4256-ZWTZI,5,Month-to-month,51.0,286.8,DSL,Mailed check,Medium ($35-65),No,2789,0.35441273967235304,0,Low Risk
8309-PPCED,72,Two year,110.45,7982.5,Fiber optic,Bank transfer (automatic),Premium (>$95),No,6030,0.10772884564923739,0,Very Low Risk
4098-NAUKP,68,Month-to-month,84.65,5683.6,Fiber optic,Electronic check,High ($65-95),No,6404,0.1891373127490743,0,Very Low Risk
5196-WPYOW,67,One year,60.05,3994.05,DSL,Mailed check,Medium ($35-65),No,6148,0.017403650690991396,0,Very Low Risk
4608-LCIMN,8,Month-to-month,44.65,369.15,DSL,Bank transfer (automatic),Medium ($35-65),No,5724,0.23057323026318016,0,Very Low Risk
1485-YDHMM,52,Month-to-month,93.25,4631.7,Fiber optic,Bank transfer (automatic),High ($65-95),No,4740,0.0900623321275988,0,Very Low Risk
4054-CUMIA,18,Month-to-month,20.25,401.95,No,Mailed check,Low (<$35),No,2429,0.07112922182834389,0,Very Low Risk
0603-TPMIB,59,Two year,25.45,1534.05,No,Mailed check,Low (<$35),No,4746,0.0009504532270348597,0,Very Low Risk
2525-GVKQU,60,Two year,20.6,1093.0,No,Mailed check,Low (<$35),No,4192,0.026713365071880477,0,Very Low Risk
8161-QYMTT,7,Month-to-month,94.1,701.3,Fiber optic,Electronic check,High ($65-95),No,5259,0.8967434062573808,1,High Risk
9581-GVBXT,59,One year,34.8,1980.3,DSL,Mailed check,Low (<$35),No,6300,0.04116902726794239,0,Very Low Risk
5862-BRIXZ,46,Two year,60.75,2893.4,DSL,Bank transfer (automatic),Medium ($35-65),No,2694,0.04347208950347997,0,Very Low Risk
5404-GGUKR,5,Month-to-month,51.35,262.3,DSL,Electronic check,Medium ($35-65),No,2893,0.6300380982331734,1,Medium Risk
3308-JSGML,59,Two year,64.05,3886.85,DSL,Credit card (automatic),Medium ($35-65),No,6306,0.03660579534102585,0,Very Low Risk
2126-GSEGL,70,Two year,84.8,5917.55,DSL,Bank transfer (automatic),High ($65-95),No,4032,0.03963938346268545,0,Very Low Risk
0440-QEXBZ,44,Month-to-month,50.15,2139.1,DSL,Mailed check,Medium ($35-65),No,5790,0.3920610690326017,0,Low Risk
2434-EEVDB,64,Two year,94.6,5948.7,Fiber optic,Credit card (automatic),High ($65-95),No,5038,0.11303949044353269,0,Very Low Risk
6762-QVYJO,58,Two year,59.75,3624.35,DSL,Mailed check,Medium ($35-65),No,4678,0.0072416811638387705,0,Very Low Risk
6199-IWKGC,46,One year,100.25,4753.85,Fiber optic,Electronic check,Premium (>$95),No,5453,0.38958123628498803,0,Low Risk
2675-DHUTR,58,Month-to-month,98.9,5780.7,Fiber optic,Electronic check,Premium (>$95),No,4993,0.6909115245920803,1,Medium Risk
8152-VETUR,72,Two year,97.7,6869.7,Fiber optic,Credit card (automatic),Premium (>$95),No,5406,0.1549917911015717,0,Very Low Risk
7446-YPODE,11,Month-to-month,60.25,662.95,DSL,Bank transfer (automatic),Medium ($35-65),No,5296,0.21828894240208171,0,Very Low Risk
9522-BNTHX,34,Month-to-month,56.25,1765.95,DSL,Electronic check,Medium ($35-65),No,5597,0.4542982132708176,0,Low Risk
4676-WLUHT,54,Two year,46.2,2431.95,DSL,Bank transfer (automatic),Medium ($35-65),No,6143,0.04690824947019484,0,Very Low Risk
7980-MHFLQ,72,Two year,24.9,1859.2,No,Mailed check,Low (<$35),No,5192,0.005408357106428218,0,Very Low Risk
0757-WCUUZ,54,Two year,63.35,3409.1,DSL,Credit card (automatic),Medium ($35-65),No,4232,0.024675073345931622,0,Very Low Risk
1629-DQQVB,14,Month-to-month,50.1,709.5,DSL,Bank transfer (automatic),Medium ($35-65),No,2331,0.2818728335797652,0,Low Risk
0374-AACSZ,1,Month-to-month,50.15,50.15,DSL,Electronic check,Medium ($35-65),No,4421,0.49721067371832556,0,Low Risk
4872-VXRIL,56,One year,64.65,3665.55,DSL,Bank transfer (automatic),Medium ($35-65),No,4656,0.09258937445807301,0,Very Low Risk
9140-CZQZZ,68,Two year,79.6,5515.8,DSL,Bank transfer (automatic),High ($65-95),No,5601,0.03890147819182538,0,Very Low Risk
3423-HHXAO,14,One year,19.5,272.0,No,Mailed check,Low (<$35),No,2993,0.028643043183859924,0,Very Low Risk
9938-TKDGL,68,Two year,99.55,6668.0,Fiber optic,Electronic check,Premium (>$95),No,4319,0.040981149185410966,0,Very Low Risk
0531-ZZJWQ,55,Month-to-month,74.0,4052.4,Fiber optic,Electronic check,High ($65-95),No,4958,0.642274865085788,1,Medium Risk
6537-QLGEX,16,Month-to-month,38.9,664.4,DSL,Electronic check,Medium ($35-65),No,3300,0.5667696662052772,1,Medium Risk
2688-BHGOG,9,Month-to-month,79.55,718.55,Fiber optic,Electronic check,High ($65-95),No,5811,0.805490167621183,1,High Risk
3160-TYXLT,53,Month-to-month,46.3,2546.85,DSL,Bank transfer (automatic),Medium ($35-65),No,6245,0.2252028611590989,0,Very Low Risk
1325-USMEC,70,Two year,99.35,6944.5,Fiber optic,Credit card (automatic),Premium (>$95),No,4120,0.06715039208892423,0,Very Low Risk
0916-QOFDP,14,Month-to-month,95.8,1346.3,Fiber optic,Electronic check,Premium (>$95),No,3471,0.39995842524379355,0,Low Risk
5606-AMZBO,10,Month-to-month,78.15,765.15,Fiber optic,Credit card (automatic),High ($65-95),No,3403,0.5690090873160241,1,Medium Risk
6199-IPCAO,29,Two year,26.1,692.55,No,Mailed check,Low (<$35),No,2828,0.03396599206168419,0,Very Low Risk
5640-CAXOA,30,One year,40.35,1187.05,DSL,Credit card (automatic),Medium ($35-65),No,5455,0.19165351983110102,0,Very Low Risk
2235-EZAIK,72,Two year,79.2,5401.9,DSL,Credit card (automatic),High ($65-95),No,4288,0.020263193189313883,0,Very Low Risk
3847-BAERP,10,Month-to-month,20.9,247.0,No,Mailed check,Low (<$35),No,4905,0.225956922243042,0,Very Low Risk
1453-RZFON,1,Month-to-month,49.9,49.9,DSL,Mailed check,Medium ($35-65),No,5969,0.30777389972240615,0,Low Risk
8263-OKETD,20,Month-to-month,68.9,1370.35,DSL,Credit card (automatic),High ($65-95),No,3265,0.31831223123052726,0,Low Risk
0670-KDOMA,1,Month-to-month,20.25,20.25,No,Mailed check,Low (<$35),No,5854,0.5943024403857659,1,Medium Risk
2476-YGEFM,29,Month-to-month,76.0,2215.25,Fiber optic,Credit card (automatic),High ($65-95),No,5324,0.5352731960601866,1,Medium Risk
8687-BAFGU,1,Month-to-month,74.0,74.0,Fiber optic,Electronic check,High ($65-95),No,4148,0.5730606646867403,1,Medium Risk
0641-EVBOJ,3,Month-to-month,82.3,214.4,Fiber optic,Mailed check,High ($65-95),No,5755,0.4069531667494742,0,Low Risk
0829-XXPLX,20,Month-to-month,89.4,1871.15,Fiber optic,Bank transfer (automatic),High ($65-95),No,2098,0.45852387351070467,0,Low Risk
9974-JFBHQ,64,Month-to-month,99.15,6171.2,Fiber optic,Credit card (automatic),Premium (>$95),No,4590,0.1330651043301687,0,Very Low Risk
6624-JDRDS,6,Month-to-month,29.45,161.45,DSL,Bank transfer (automatic),Low (<$35),No,4391,0.32975832335916894,0,Low Risk
0608-JDVEC,50,Two year,19.8,1013.2,No,Electronic check,Low (<$35),No,5914,0.04418716097272829,0,Very Low Risk
9780-FKVVF,6,Month-to-month,59.15,336.7,DSL,Bank transfer (automatic),Medium ($35-65),No,3613,0.37460841352764307,0,Low Risk
1919-RTPQD,7,Month-to-month,44.75,333.65,DSL,Electronic check,Medium ($35-65),No,4699,0.31845950428252245,0,Low Risk
5214-NLTIT,72,Two year,90.8,6511.8,Fiber optic,Credit card (automatic),High ($65-95),No,6188,0.04944477321839053,0,Very Low Risk
3345-PBBFH,8,Month-to-month,49.55,393.45,DSL,Bank transfer (automatic),Medium ($35-65),No,5922,0.41600332718187316,0,Low Risk
5055-BRMNE,67,Two year,106.7,7009.5,Fiber optic,Credit card (automatic),Premium (>$95),No,4780,0.03152540075498691,0,Very Low Risk
2190-PHBHR,72,Two year,94.45,6921.7,Fiber optic,Credit card (automatic),High ($65-95),No,5274,0.0906412939777197,0,Very Low Risk
2650-GYRYL,33,One year,19.45,600.25,No,Bank transfer (automatic),Low (<$35),No,3470,0.01145946395682386,0,Very Low Risk
5208-FVQKB,70,Two year,67.95,4664.15,DSL,Mailed check,High ($65-95),No,5514,0.019914619156017877,0,Very Low Risk
7184-LRUUR,22,One year,65.25,1441.8,DSL,Bank transfer (automatic),High ($65-95),No,5146,0.12961614199001262,0,Very Low Risk
6627-CFOSN,59,Month-to-month,99.45,5623.7,Fiber optic,Bank transfer (automatic),Premium (>$95),No,5247,0.2959177538803414,0,Low Risk
3982-JGSFD,36,One year,20.35,695.85,No,Credit card (automatic),Low (<$35),No,3526,0.022766400974562496,0,Very Low Risk
1574-DYCWE,51,Two year,19.95,1028.75,No,Mailed check,Low (<$35),No,4057,0.002071536948453458,0,Very Low Risk
7247-XOZPB,53,One year,77.4,4155.95,DSL,Bank transfer (automatic),High ($65-95),No,5313,0.08258693076849774,0,Very Low Risk
2466-FCCPT,20,One year,19.7,395.6,No,Bank transfer (automatic),Low (<$35),No,4910,0.0433401203218119,0,Very Low Risk
6211-WWLTF,63,Two year,99.7,6330.4,Fiber optic,Credit card (automatic),Premium (>$95),No,5135,0.10985850091860762,0,Very Low Risk
4826-TZEVA,40,Month-to-month,74.8,2971.7,Fiber optic,Credit card (automatic),High ($65-95),No,3258,0.3824545173989171,0,Low Risk
6016-NXBNJ,35,One year,19.15,638.0,No,Mailed check,Low (<$35),No,4052,0.046103347293899255,0,Very Low Risk
9138-EFSMO,26,One year,78.95,2034.25,Fiber optic,Bank transfer (automatic),High ($65-95),No,4237,0.069053210476135,0,Very Low Risk
4632-XJMEX,53,One year,62.85,3419.5,DSL,Credit card (automatic),Medium ($35-65),No,6281,0.029598937190405513,0,Very Low Risk
8910-LEDAG,34,Month-to-month,71.55,2427.35,Fiber optic,Credit card (automatic),High ($65-95),No,3583,0.40494520034625303,0,Low Risk
3452-GWUIN,19,Month-to-month,94.95,1760.25,Fiber optic,Electronic check,High ($65-95),No,5316,0.8102145162764905,1,High Risk
2716-GFZOR,43,Month-to-month,86.1,3551.65,Fiber optic,Credit card (automatic),High ($65-95),No,2358,0.3029106430204582,0,Low Risk
3724-UCSHY,6,Month-to-month,19.55,122.9,No,Mailed check,Low (<$35),No,3072,0.10221539919291737,0,Very Low Risk
8626-XHBIE,56,Two year,24.8,1424.2,No,Mailed check,Low (<$35),No,4262,0.013316114605653977,0,Very Low Risk
3192-LNKRK,34,Month-to-month,84.05,2909.95,Fiber optic,Mailed check,High ($65-95),No,3476,0.12533855269431185,0,Very Low Risk
4439-YRNVD,10,Month-to-month,36.25,374.0,DSL,Electronic check,Medium ($35-65),No,4571,0.28418337165488106,0,Low Risk
2208-UGTGR,56,Month-to-month,98.6,5581.05,Fiber optic,Electronic check,Premium (>$95),No,5601,0.5004129436936526,1,Medium Risk
3005-TYFRD,55,Month-to-month,103.65,5676.65,Fiber optic,Credit card (automatic),Premium (>$95),No,4768,0.5045583307889738,1,Medium Risk
8670-MEFCP,36,Two year,92.9,3379.25,DSL,Credit card (automatic),High ($65-95),No,3570,0.02560736794384272,0,Very Low Risk
3079-BCHLN,47,One year,19.9,942.95,No,Bank transfer (automatic),Low (<$35),No,5394,0.03245976385523129,0,Very Low Risk
7777-UNYHB,12,Month-to-month,20.1,232.4,No,Credit card (automatic),Low (<$35),No,2360,0.11741126246822317,0,Very Low Risk
7278-CKDNC,24,Month-to-month,80.5,2088.45,Fiber optic,Electronic check,High ($65-95),No,4422,0.7859597116524776,1,High Risk
8450-UYIBU,35,Month-to-month,39.85,1434.6,DSL,Electronic check,Medium ($35-65),No,2030,0.5389149198153715,1,Medium Risk
2969-VAPYH,67,One year,60.5,3870.0,DSL,Credit card (automatic),Medium ($35-65),No,4363,0.061155168921573466,0,Very Low Risk
7181-OQCUT,21,Month-to-month,103.85,2215.0,Fiber optic,Mailed check,Premium (>$95),No,4520,0.44359340434271893,0,Low Risk
8474-UMLNT,13,Month-to-month,67.8,842.25,DSL,Bank transfer (automatic),High ($65-95),No,4115,0.1748386581680973,0,Very Low Risk
3836-FZSDJ,71,Two year,24.85,1901.0,No,Bank transfer (automatic),Low (<$35),No,4367,0.006918466042112567,0,Very Low Risk
9142-XMYJH,29,Month-to-month,19.35,601.6,No,Credit card (automatic),Low (<$35),No,5227,0.12306424409569568,0,Very Low Risk
0187-QSXOE,7,Month-to-month,89.0,605.45,Fiber optic,Electronic check,High ($65-95),No,5711,0.8456983652630629,1,High Risk
7733-UDMTP,57,Month-to-month,55.0,3094.05,DSL,Electronic check,Medium ($35-65),No,4622,0.47306628728216205,0,Low Risk
2649-HWLYB,65,Two year,76.15,4929.55,DSL,Bank transfer (automatic),High ($65-95),No,6177,0.06479136326790329,0,Very Low Risk
5214-CHIWJ,27,One year,20.3,595.05,No,Mailed check,Low (<$35),No,3159,0.031074863206307386,0,Very Low Risk
6904-JLBGY,72,Two year,117.35,8436.25,Fiber optic,Credit card (automatic),Premium (>$95),No,4008,0.04458961473387537,0,Very Low Risk
2465-BLLEU,1,Month-to-month,19.75,19.75,No,Mailed check,Low (<$35),No,4441,0.6393067232178357,1,Medium Risk
1685-VAYJF,11,Month-to-month,45.2,492.0,DSL,Credit card (automatic),Medium ($35-65),No,5253,0.3784506629380931,0,Low Risk
8874-EJNSR,39,Two year,25.2,987.95,No,Mailed check,Low (<$35),No,5453,0.001520771154370829,0,Very Low Risk
6917-YACBP,59,Month-to-month,89.75,5496.9,Fiber optic,Electronic check,High ($65-95),No,5170,0.29678585539554575,0,Low Risk
5049-MUBWG,26,One year,75.0,1908.35,DSL,Bank transfer (automatic),High ($65-95),No,4705,0.10302803407831551,0,Very Low Risk
4223-WOZCM,2,Month-to-month,49.95,107.1,DSL,Mailed check,Medium ($35-65),No,5251,0.627685465151885,1,Medium Risk
0769-MURVM,72,Two year,65.7,4575.35,DSL,Bank transfer (automatic),High ($65-95),No,6187,0.003290457114344514,0,Very Low Risk
9253-VIFJQ,65,One year,67.05,4309.55,DSL,Credit card (automatic),High ($65-95),No,5224,0.17140082407249435,0,Very Low Risk
7030-FZTFM,72,Two year,110.9,7922.75,Fiber optic,Credit card (automatic),Premium (>$95),No,6444,0.01835579785520088,0,Very Low Risk
9741-YLNTD,6,Month-to-month,87.95,522.35,Fiber optic,Bank transfer (automatic),High ($65-95),No,2684,0.6331764859053046,1,Medium Risk
5917-RYRMG,32,One year,19.8,587.7,No,Credit card (automatic),Low (<$35),No,3836,0.020598141377075316,0,Very Low Risk
5120-ZBLAI,50,One year,75.7,3876.2,DSL,Bank transfer (automatic),High ($65-95),No,6144,0.1384467719837204,0,Very Low Risk
1194-BHJYC,61,Two year,62.15,3778.85,DSL,Mailed check,Medium ($35-65),No,6427,0.02094926349760984,0,Very Low Risk
0906-QVPMS,72,Two year,115.15,8349.45,Fiber optic,Bank transfer (automatic),Premium (>$95),No,5398,0.06848817197532896,0,Very Low Risk
1905-OEILC,1,Month-to-month,19.5,19.5,No,Mailed check,Low (<$35),No,3107,0.5390463199669931,1,Medium Risk
7858-GTZSP,12,Month-to-month,86.55,1066.9,Fiber optic,Electronic check,High ($65-95),No,2061,0.8574671487452084,1,High Risk
6248-BSHKG,61,One year,20.4,1226.45,No,Mailed check,Low (<$35),No,5897,0.019494361913655008,0,Very Low Risk
4685-TFLLS,18,One year,19.8,342.3,No,Bank transfer (automatic),Low (<$35),No,4808,0.022252520566804865,0,Very Low Risk
3470-BTGQO,21,Month-to-month,45.65,985.05,DSL,Mailed check,Medium ($35-65),No,5731,0.16354542931380286,0,Very Low Risk
1209-VFFOC,68,Two year,56.4,3948.45,DSL,Mailed check,Medium ($35-65),No,4556,0.0017452034552564333,0,Very Low Risk
8224-DWCKX,12,Month-to-month,73.3,828.05,Fiber optic,Credit card (automatic),High ($65-95),No,5159,0.5415535465997108,1,Medium Risk
4553-DVPZG,62,Month-to-month,101.35,6164.7,Fiber optic,Electronic check,Premium (>$95),No,5049,0.7040174843683178,1,Medium Risk
6917-IAYHD,1,Month-to-month,33.6,33.6,DSL,Mailed check,Low (<$35),No,4369,0.19171247626679616,0,Very Low Risk
8620-RJPZN,1,Month-to-month,20.7,20.7,No,Electronic check,Low (<$35),No,3061,0.3379682380308504,0,Low Risk
7572-KPVKK,62,Two year,104.05,6590.5,Fiber optic,Electronic check,Premium (>$95),No,5900,0.16839538224843303,0,Very Low Risk
2642-MAWLJ,36,Two year,20.25,717.95,No,Bank transfer (automatic),Low (<$35),No,5272,0.004974049129156661,0,Very Low Risk
7103-ZGVNT,69,One year,73.7,4885.85,DSL,Credit card (automatic),High ($65-95),No,4268,0.037516720015637016,0,Very Low Risk
2027-WKXMW,63,Month-to-month,108.75,6871.7,Fiber optic,Electronic check,Premium (>$95),No,4582,0.4668177516896588,0,Low Risk
7137-NAXML,23,One year,20.15,405.6,No,Bank transfer (automatic),Low (<$35),No,4402,0.06297068511708691,0,Very Low Risk
2428-ZMCTB,10,Month-to-month,19.75,208.25,No,Credit card (automatic),Low (<$35),No,3926,0.18738040100023093,0,Very Low Risk
2961-VNFKL,71,Two year,25.95,1801.9,No,Credit card (automatic),Low (<$35),No,5072,0.01805154564967048,0,Very Low Risk
1768-HNVGJ,45,Month-to-month,70.05,3062.45,DSL,Electronic check,High ($65-95),No,4223,0.279844334383067,0,Low Risk
6963-KQYQB,70,Two year,24.05,1764.75,No,Mailed check,Low (<$35),No,4722,0.0036875421284546495,0,Very Low Risk
5934-RMPOV,22,Month-to-month,84.75,1816.75,Fiber optic,Electronic check,High ($65-95),No,4240,0.3730343514820546,0,Low Risk
1207-BLKSA,52,Two year,23.05,1255.1,No,Mailed check,Low (<$35),No,4922,0.004026868028029885,0,Very Low Risk
8316-BBQAY,65,Two year,59.95,3921.1,DSL,Credit card (automatic),Medium ($35-65),No,6251,0.02750031284574588,0,Very Low Risk
1166-PQLGG,72,Two year,19.55,1463.45,No,Bank transfer (automatic),Low (<$35),No,4424,0.003511031355627543,0,Very Low Risk
3146-JTQHR,10,One year,19.6,189.45,No,Bank transfer (automatic),Low (<$35),No,3778,0.0888211083094912,0,Very Low Risk
4291-YZODP,7,One year,20.05,96.8,No,Mailed check,Low (<$35),No,3810,0.06107730196423081,0,Very Low Risk
4395-PZMSN,5,Month-to-month,85.55,408.5,Fiber optic,Electronic check,High ($65-95),No,2850,0.7965936436966936,1,High Risk
6427-FEFIG,24,Two year,78.6,1846.65,DSL,Credit card (automatic),High ($65-95),No,2939,0.035673729855640365,0,Very Low Risk
0017-IUDMW,72,Two year,116.8,8456.75,Fiber optic,Credit card (automatic),Premium (>$95),No,6252,0.013601992484061243,0,Very Low Risk
8706-HRADD,21,Month-to-month,43.55,1011.5,DSL,Mailed check,Medium ($35-65),No,5808,0.2128769269289718,0,Very Low Risk
9955-QOPOY,69,One year,60.8,4263.4,DSL,Credit card (automatic),Medium ($35-65),No,5683,0.15706192949144893,0,Very Low Risk
4385-ZKVNW,44,Month-to-month,54.9,2549.1,DSL,Bank transfer (automatic),Medium ($35-65),No,4412,0.09746792740950184,0,Very Low Risk
5446-DKWYW,61,One year,65.2,3965.05,DSL,Electronic check,High ($65-95),No,6238,0.14321374907460507,0,Very Low Risk
9031-ZVQPT,72,Two year,108.2,7840.6,Fiber optic,Electronic check,Premium (>$95),No,4773,0.1622522976062357,0,Very Low Risk
2990-IAJSV,72,Two year,92.0,6632.75,DSL,Bank transfer (automatic),High ($65-95),No,4200,0.00895725126181091,0,Very Low Risk
8107-KNCIM,14,Month-to-month,75.1,1013.35,Fiber optic,Electronic check,High ($65-95),No,3771,0.8156948534915652,1,High Risk
9027-YFHQJ,7,Month-to-month,25.05,152.95,No,Bank transfer (automatic),Low (<$35),No,4868,0.14558043280306368,0,Very Low Risk
5176-LDKUH,48,One year,75.15,3772.65,Fiber optic,Electronic check,High ($65-95),No,3345,0.2334085099440769,0,Very Low Risk
4644-OBGFZ,55,One year,19.5,1026.35,No,Mailed check,Low (<$35),No,5067,0.015194133303180228,0,Very Low Risk
7926-IJOOU,1,Month-to-month,19.3,19.3,No,Credit card (automatic),Low (<$35),No,5626,0.1548225293611648,0,Very Low Risk
6480-YAGIY,45,One year,112.2,5031.85,Fiber optic,Credit card (automatic),Premium (>$95),No,3091,0.2183806762642117,0,Very Low Risk
4029-HPFVY,3,Month-to-month,70.3,220.4,Fiber optic,Mailed check,High ($65-95),No,4275,0.7661932807314001,1,High Risk
7602-DBTOU,71,Two year,19.6,1416.5,No,Mailed check,Low (<$35),No,4890,0.021886272035399435,0,Very Low Risk
5345-BMKWB,8,Month-to-month,20.25,158.35,No,Mailed check,Low (<$35),No,4964,0.24204129486931436,0,Very Low Risk
5457-COLHT,69,Two year,80.65,5542.55,DSL,Bank transfer (automatic),High ($65-95),No,4618,0.005153776238367559,0,Very Low Risk
5451-YHYPW,72,Two year,115.75,8443.7,Fiber optic,Credit card (automatic),Premium (>$95),No,6205,0.028772208481802567,0,Very Low Risk
7998-WNZEM,71,Two year,80.6,5708.2,DSL,Bank transfer (automatic),High ($65-95),No,5447,0.017140915176019206,0,Very Low Risk
4664-NJCMS,33,Two year,59.55,2016.3,DSL,Bank transfer (automatic),Medium ($35-65),No,5980,0.0366007691318908,0,Very Low Risk
0307-BCOPK,16,One year,19.05,326.65,No,Mailed check,Low (<$35),No,4336,0.058788710810551405,0,Very Low Risk
7629-WFGLW,56,One year,95.65,5471.75,Fiber optic,Electronic check,Premium (>$95),No,6335,0.1726034316995576,0,Very Low Risk
2542-HYGIQ,1,Month-to-month,19.95,19.95,No,Credit card (automatic),Low (<$35),No,2732,0.24886900372955767,0,Very Low Risk
5016-LIPDW,57,One year,19.4,1061.6,No,Mailed check,Low (<$35),No,4194,0.03692163973080611,0,Very Low Risk
6481-LXPWL,56,One year,36.1,1971.5,DSL,Credit card (automatic),Medium ($35-65),No,5092,0.0527042557285235,0,Very Low Risk
6124-ACRHJ,1,Month-to-month,19.75,19.75,No,Mailed check,Low (<$35),No,4099,0.5594096823638925,1,Medium Risk
9362-MWODR,40,Month-to-month,64.1,2460.35,DSL,Credit card (automatic),Medium ($35-65),No,5056,0.08508175276446556,0,Very Low Risk
9975-GPKZU,46,Two year,19.75,856.5,No,Credit card (automatic),Low (<$35),No,2610,0.0011079466275348794,0,Very Low Risk
9625-RZFUK,63,Two year,19.7,1275.85,No,Mailed check,Low (<$35),No,4235,0.003571768754459909,0,Very Low Risk
5153-LXKDT,68,Two year,110.2,7467.5,Fiber optic,Electronic check,Premium (>$95),No,4108,0.057914179239837285,0,Very Low Risk
5161-UBZXI,69,Two year,106.35,7261.75,Fiber optic,Credit card (automatic),Premium (>$95),No,6315,0.028062428286544386,0,Very Low Risk
1020-JPQOW,56,Month-to-month,90.55,5116.6,Fiber optic,Electronic check,High ($65-95),No,6161,0.2712926094325779,0,Low Risk
7919-ZODZZ,10,One year,65.9,660.05,DSL,Mailed check,High ($65-95),No,5289,0.17061460894743066,0,Very Low Risk
0565-JUPYD,63,One year,104.5,6590.8,Fiber optic,Credit card (automatic),Premium (>$95),No,4908,0.17750799103482684,0,Very Low Risk
6867-ACCZI,24,Two year,52.5,1208.15,DSL,Mailed check,Medium ($35-65),No,3303,0.0260583653741823,0,Very Low Risk
5939-XAIXZ,19,Month-to-month,56.1,1033.9,DSL,Mailed check,Medium ($35-65),No,3367,0.47020153691197636,0,Low Risk
9054-FOWNV,22,Month-to-month,88.75,1885.15,Fiber optic,Electronic check,High ($65-95),No,5585,0.29522315292820345,0,Low Risk
8207-VVMYB,70,Two year,26.0,2006.95,No,Bank transfer (automatic),Low (<$35),No,6170,0.010643841197794355,0,Very Low Risk
9732-EQMWY,49,Month-to-month,99.4,5025.0,Fiber optic,Electronic check,Premium (>$95),No,4725,0.4832754598415836,0,Low Risk
5269-NRGDP,42,One year,73.15,3088.25,DSL,Electronic check,High ($65-95),No,2531,0.04595846525503628,0,Very Low Risk
6195-MELTI,57,One year,54.65,3134.7,DSL,Mailed check,Medium ($35-65),No,4223,0.1309412725925477,0,Very Low Risk
2121-JAFOM,72,Two year,115.55,8312.4,Fiber optic,Credit card (automatic),Premium (>$95),No,5076,0.03968709323610356,0,Very Low Risk
8818-DOPVL,46,Month-to-month,104.45,4863.85,Fiber optic,Electronic check,Premium (>$95),No,4103,0.6950764973344067,1,Medium Risk
1227-UDMZR,72,Two year,91.15,6637.9,DSL,Bank transfer (automatic),High ($65-95),No,4311,0.009841186370389405,0,Very Low Risk
5198-HQAEN,35,One year,89.7,3165.6,Fiber optic,Electronic check,High ($65-95),No,2775,0.07756655052587723,0,Very Low Risk
2167-FQSTQ,72,Two year,92.4,6786.1,DSL,Electronic check,High ($65-95),No,5527,0.022923383900813055,0,Very Low Risk
2819-GWENI,28,One year,19.9,543.0,No,Mailed check,Low (<$35),No,2987,0.01692726335971922,0,Very Low Risk
3572-UUHRS,45,One year,18.85,867.3,No,Bank transfer (automatic),Low (<$35),No,2653,0.034186670840266026,0,Very Low Risk
2692-PFYTJ,1,Month-to-month,25.75,25.75,No,Mailed check,Low (<$35),No,2569,0.395952156351559,0,Low Risk
5955-EPOAZ,6,Month-to-month,20.95,109.5,No,Mailed check,Low (<$35),No,5554,0.2325945723160056,0,Very Low Risk
6821-JPCDC,48,One year,97.05,4692.95,Fiber optic,Electronic check,Premium (>$95),No,5893,0.4336513735742456,0,Low Risk
8815-LMFLX,25,Month-to-month,25.4,546.85,No,Bank transfer (automatic),Low (<$35),No,5250,0.04684832092084587,0,Very Low Risk
9135-HSWOC,64,Two year,19.7,1274.05,No,Bank transfer (automatic),Low (<$35),No,5431,0.007205889163980616,0,Very Low Risk
8582-KRHPJ,50,Month-to-month,35.0,1782.4,DSL,Mailed check,Low (<$35),No,5629,0.2115929703125221,0,Very Low Risk
5811-IWXYM,52,One year,101.25,5301.1,Fiber optic,Bank transfer (automatic),Premium (>$95),No,5954,0.07771183151294019,0,Very Low Risk
7044-YAACC,4,Month-to-month,70.2,280.35,Fiber optic,Electronic check,High ($65-95),No,4444,0.8170603410901218,1,High Risk
8189-XRIKE,32,Month-to-month,90.95,2897.95,Fiber optic,Electronic check,High ($65-95),No,5936,0.5827735973996933,1,Medium Risk
1506-YJTYT,45,Two year,73.85,3371.0,DSL,Credit card (automatic),High ($65-95),No,5264,0.015926161078969926,0,Very Low Risk
4123-DVHPH,9,Month-to-month,88.05,801.3,Fiber optic,Electronic check,High ($65-95),No,2715,0.6280808911214243,1,Medium Risk
2228-BZDEE,54,Two year,20.1,1079.45,No,Mailed check,Low (<$35),No,5755,0.04006938920106285,0,Very Low Risk
2789-CZANW,64,Two year,110.3,6997.3,Fiber optic,Bank transfer (automatic),Premium (>$95),No,5574,0.032224708911566174,0,Very Low Risk
7596-LDUXP,12,One year,85.15,979.05,Fiber optic,Credit card (automatic),High ($65-95),No,2452,0.3181483822319889,0,Low Risk
3740-RLMVT,67,One year,60.95,4119.4,DSL,Bank transfer (automatic),Medium ($35-65),No,5792,0.08336851216404834,0,Very Low Risk
2192-OZITF,45,Two year,73.55,3349.1,DSL,Mailed check,High ($65-95),No,2280,0.04306042940206622,0,Very Low Risk
5651-CPDND,10,Month-to-month,46.0,492.1,DSL,Mailed check,Medium ($35-65),No,3903,0.4250208764037678,0,Low Risk
2186-QZEYA,29,Month-to-month,58.55,1718.95,DSL,Bank transfer (automatic),Medium ($35-65),No,2044,0.2761073087336187,0,Low Risk
1131-ALZWV,24,One year,24.6,605.25,No,Bank transfer (automatic),Low (<$35),No,4147,0.08386408951230347,0,Very Low Risk
7729-XBTWX,66,Two year,19.75,1344.5,No,Mailed check,Low (<$35),No,4485,0.010067896969326626,0,Very Low Risk
9134-WYRVP,51,One year,86.35,4267.15,Fiber optic,Mailed check,High ($65-95),No,5311,0.11634994307335336,0,Very Low Risk
3284-SVCRO,45,Two year,25.5,1121.05,No,Mailed check,Low (<$35),No,3146,0.034920942763089644,0,Very Low Risk
9732-OUYRN,49,One year,19.0,918.7,No,Credit card (automatic),Low (<$35),No,4066,0.04563310818755764,0,Very Low Risk
0559-CKHUS,29,Two year,19.55,521.8,No,Mailed check,Low (<$35),No,5758,0.10023413914725796,0,Very Low Risk
2931-SVLTV,40,Month-to-month,110.1,4469.1,Fiber optic,Credit card (automatic),Premium (>$95),No,2283,0.1001983243328409,0,Very Low Risk
7504-UWHNB,25,Month-to-month,69.75,1729.35,Fiber optic,Electronic check,High ($65-95),No,3080,0.6067747373478737,1,Medium Risk
2582-FFFZR,22,Month-to-month,50.6,1073.3,DSL,Electronic check,Medium ($35-65),No,2854,0.6350630478111057,1,Medium Risk
8908-NMQTX,72,Two year,65.6,4566.5,DSL,Bank transfer (automatic),High ($65-95),No,4369,0.009522736772201917,0,Very Low Risk
1431-AIDJQ,33,Two year,82.1,2603.1,DSL,Credit card (automatic),High ($65-95),No,2281,0.02081365171742615,0,Very Low Risk
6288-LBEAR,23,Month-to-month,79.1,1783.75,Fiber optic,Mailed check,High ($65-95),No,3619,0.386789968005864,0,Low Risk
8413-YNHNV,69,Two year,90.65,6322.1,DSL,Mailed check,High ($65-95),No,6487,0.009530314313847073,0,Very Low Risk
5808-TOTXO,3,One year,20.55,57.4,No,Credit card (automatic),Low (<$35),No,2774,0.0893040442083865,0,Very Low Risk
4369-NYSCF,56,One year,75.75,4284.65,DSL,Bank transfer (automatic),High ($65-95),No,6487,0.20823369364627659,0,Very Low Risk
6333-YDVLT,65,One year,110.0,7138.65,Fiber optic,Credit card (automatic),Premium (>$95),No,6351,0.301602650875389,0,Low Risk
5324-KTGCG,71,One year,20.85,1539.75,No,Electronic check,Low (<$35),No,4837,0.11244125490460855,0,Very Low Risk
5599-HVLTW,14,Month-to-month,80.35,1058.1,Fiber optic,Bank transfer (automatic),High ($65-95),No,3276,0.6631235729463384,1,Medium Risk
7394-LWLYN,2,Month-to-month,70.15,123.8,Fiber optic,Electronic check,High ($65-95),No,4840,0.8656908815102976,1,High Risk
6873-UDNLD,40,Month-to-month,67.45,2731.0,DSL,Electronic check,High ($65-95),No,4714,0.20922075047800978,0,Very Low Risk
2700-LUEVA,1,Month-to-month,20.75,20.75,No,Credit card (automatic),Low (<$35),No,2791,0.216137180983274,0,Very Low Risk
0958-YHXGP,7,Month-to-month,69.9,497.3,Fiber optic,Mailed check,High ($65-95),No,4562,0.7493259577488222,1,Medium Risk
1101-SSWAG,15,Month-to-month,51.1,711.15,DSL,Electronic check,Medium ($35-65),No,4858,0.6456346789830261,1,Medium Risk
5743-KHMNA,71,Two year,25.55,1898.1,No,Bank transfer (automatic),Low (<$35),No,6305,0.011918040345103608,0,Very Low Risk
4194-FJARJ,54,Two year,60.0,3273.95,DSL,Bank transfer (automatic),Medium ($35-65),No,4798,0.006949770326371784,0,Very Low Risk
5325-UWTWJ,31,Month-to-month,90.55,2929.75,Fiber optic,Credit card (automatic),High ($65-95),No,5722,0.23795670808191427,0,Very Low Risk
3969-GYXEL,11,Month-to-month,76.4,838.7,Fiber optic,Electronic check,High ($65-95),No,4033,0.49087173102580356,0,Low Risk
9208-OLGAQ,18,Month-to-month,84.95,1443.65,Fiber optic,Electronic check,High ($65-95),No,3878,0.7632891937961042,1,High Risk
3244-CQPHU,72,Two year,110.1,7746.7,Fiber optic,Bank transfer (automatic),Premium (>$95),No,5232,0.07418319675873583,0,Very Low Risk
2674-MLXMN,71,Month-to-month,99.65,6951.15,Fiber optic,Credit card (automatic),Premium (>$95),No,4241,0.4348511626636082,0,Low Risk
9708-HPXWZ,5,Month-to-month,45.4,214.75,DSL,Credit card (automatic),Medium ($35-65),No,2599,0.26359050007045687,0,Low Risk
6992-TKNYO,38,One year,69.0,2669.45,DSL,Credit card (automatic),High ($65-95),No,4487,0.12469015774244585,0,Very Low Risk
4468-YDOVK,5,Month-to-month,48.65,235.2,DSL,Bank transfer (automatic),Medium ($35-65),No,3307,0.3370320872826273,0,Low Risk
5792-JALQC,52,Two year,59.85,3103.25,DSL,Bank transfer (automatic),Medium ($35-65),No,5085,0.055053675167436894,0,Very Low Risk
2200-DSAAL,68,Two year,80.65,5330.2,DSL,Electronic check,High ($65-95),No,5914,0.2014640283848348,0,Very Low Risk
4302-ZYFEL,69,One year,20.55,1403.1,No,Credit card (automatic),Low (<$35),No,5366,0.014182634199046163,0,Very Low Risk
9351-LZYGF,42,Month-to-month,66.4,2727.8,DSL,Credit card (automatic),High ($65-95),No,3773,0.14820245323622064,0,Very Low Risk
4366-CTOUZ,50,Two year,100.2,5038.45,Fiber optic,Mailed check,Premium (>$95),No,5419,0.11027572203306076,0,Very Low Risk
1518-OMDIK,33,Month-to-month,44.55,1462.6,DSL,Credit card (automatic),Medium ($35-65),No,2422,0.3336685193336352,0,Low Risk
6671-NGWON,7,Month-to-month,20.35,150.6,No,Mailed check,Low (<$35),No,3098,0.2921029466059017,0,Low Risk
0595-ITUDF,64,Month-to-month,91.8,5960.5,Fiber optic,Electronic check,High ($65-95),No,5371,0.09765401683719763,0,Very Low Risk
1955-IBMMB,59,Two year,20.2,1192.3,No,Bank transfer (automatic),Low (<$35),No,5216,0.030777869995776797,0,Very Low Risk
0096-BXERS,6,Month-to-month,50.35,314.55,DSL,Electronic check,Medium ($35-65),No,3442,0.5951728336835372,1,Medium Risk
3806-YAZOV,3,Month-to-month,18.8,56.0,No,Mailed check,Low (<$35),No,3010,0.2459114404178457,0,Very Low Risk
7998-ZLXWN,15,Month-to-month,20.45,330.8,No,Credit card (automatic),Low (<$35),No,5184,0.20128296124668604,0,Very Low Risk
6253-WRFHY,13,One year,64.75,877.35,DSL,Electronic check,Medium ($35-65),No,4741,0.16767740974222967,0,Very Low Risk
9133-AYJZG,23,Month-to-month,98.7,2249.1,Fiber optic,Credit card (automatic),Premium (>$95),No,5781,0.5939788083631549,1,Medium Risk
2675-OTVVJ,31,Month-to-month,89.45,2807.65,Fiber optic,Electronic check,High ($65-95),No,5597,0.503734638138201,1,Medium Risk
8680-CGLTP,29,One year,58.75,1696.2,DSL,Electronic check,Medium ($35-65),No,5198,0.10899058173522072,0,Very Low Risk
8430-TWCBX,49,One year,20.7,1032.05,No,Credit card (automatic),Low (<$35),No,4074,0.06446435674811109,0,Very Low Risk
5018-GWURO,56,Month-to-month,85.6,4902.8,Fiber optic,Bank transfer (automatic),High ($65-95),No,6483,0.4812720030487793,0,Low Risk
6741-QRLUP,63,Two year,80.3,4995.35,DSL,Credit card (automatic),High ($65-95),No,5554,0.019012685080912875,0,Very Low Risk
4737-HOBAX,63,Two year,79.8,5034.05,DSL,Credit card (automatic),High ($65-95),No,4073,0.03174639074641397,0,Very Low Risk
0537-QYZZN,24,Month-to-month,79.85,1857.75,Fiber optic,Electronic check,High ($65-95),No,3412,0.3401482026402268,0,Low Risk
3340-QBBFM,36,One year,54.1,1992.85,DSL,Credit card (automatic),Medium ($35-65),No,4017,0.13101262700663496,0,Very Low Risk
8200-KLNYW,21,One year,80.9,1714.95,DSL,Mailed check,High ($65-95),No,5733,0.12233720539197877,0,Very Low Risk
3372-CDXFJ,13,One year,24.5,343.6,No,Bank transfer (automatic),Low (<$35),No,5077,0.027746411875644,0,Very Low Risk
4781-ZXYGU,1,Month-to-month,20.15,20.15,No,Bank transfer (automatic),Low (<$35),No,3960,0.31067733826690047,0,Low Risk
7632-YUTXB,25,One year,20.05,520.1,No,Mailed check,Low (<$35),No,2010,0.015108548373724823,0,Very Low Risk
2718-YSKCS,71,Two year,19.6,1387.45,No,Bank transfer (automatic),Low (<$35),No,6444,0.006612785589979964,0,Very Low Risk
9896-UYMIE,66,One year,114.3,7383.7,Fiber optic,Bank transfer (automatic),Premium (>$95),No,5303,0.3017311465425751,0,Low Risk
0853-NWIFK,45,One year,100.3,4483.95,Fiber optic,Electronic check,Premium (>$95),No,4868,0.2783043533981349,0,Low Risk
8212-CRQXP,22,Month-to-month,80.0,1706.45,Fiber optic,Credit card (automatic),High ($65-95),No,2640,0.5569567308375959,1,Medium Risk
6980-CDGFC,67,One year,20.85,1327.4,No,Bank transfer (automatic),Low (<$35),No,5972,0.08422037887132687,0,Very Low Risk
7691-XVTZH,68,Two year,89.95,5974.3,Fiber optic,Bank transfer (automatic),High ($65-95),No,5672,0.24135830693903174,0,Very Low Risk
2520-SGTTA,0,Two year,20.0,0.0,No,Mailed check,Low (<$35),No,3763,0.10422550159338569,0,Very Low Risk
2277-VWCNI,4,Month-to-month,48.75,179.85,DSL,Mailed check,Medium ($35-65),No,3048,0.6059733986455356,1,Medium Risk
1088-CNNKB,63,One year,80.0,5040.2,DSL,Credit card (automatic),High ($65-95),No,5540,0.1584222401400578,0,Very Low Risk
1930-BZLHI,21,One year,20.35,422.7,No,Mailed check,Low (<$35),No,3721,0.03878612262021044,0,Very Low Risk
5868-YTYKS,1,Month-to-month,20.25,20.25,No,Mailed check,Low (<$35),No,2448,0.279459761769905,0,Low Risk
3525-DVKFN,17,Two year,19.4,358.05,No,Mailed check,Low (<$35),No,3561,0.05230025948999325,0,Very Low Risk
1482-OXZSY,30,Month-to-month,100.4,2936.25,Fiber optic,Bank transfer (automatic),Premium (>$95),No,3778,0.43789854963105446,0,Low Risk
0377-JBKKT,22,Month-to-month,57.95,1271.8,DSL,Mailed check,Medium ($35-65),No,5036,0.12224381206559898,0,Very Low Risk
5778-BVOFB,9,Month-to-month,59.5,530.05,DSL,Bank transfer (automatic),Medium ($35-65),No,4011,0.4309997113656238,0,Low Risk
3373-YZZYM,1,Month-to-month,19.2,19.2,No,Mailed check,Low (<$35),No,3007,0.3047914066192409,0,Low Risk
0228-MAUWC,19,Month-to-month,59.55,1144.6,DSL,Electronic check,Medium ($35-65),No,3949,0.36569342497583335,0,Low Risk
7663-YJHSN,72,Two year,103.95,7556.9,Fiber optic,Bank transfer (automatic),Premium (>$95),No,5096,0.04581641942822318,0,Very Low Risk
4915-BFSXL,70,Two year,68.95,4858.7,DSL,Credit card (automatic),High ($65-95),No,4858,0.024030675636229216,0,Very Low Risk
3086-RUCRN,66,Month-to-month,103.1,6595.0,Fiber optic,Bank transfer (automatic),Premium (>$95),No,6183,0.23209755171688085,0,Very Low Risk
5215-LNLDJ,7,Month-to-month,24.7,149.05,DSL,Electronic check,Low (<$35),No,3872,0.2845855626388126,0,Low Risk
7576-JMYWV,46,Month-to-month,110.2,4972.1,Fiber optic,Electronic check,Premium (>$95),No,4162,0.15458067598888045,0,Very Low Risk
0257-KXZGU,32,Month-to-month,62.45,2045.55,DSL,Bank transfer (automatic),Medium ($35-65),No,5442,0.10948743168729715,0,Very Low Risk
1307-ATKGB,24,Month-to-month,89.55,2187.15,Fiber optic,Electronic check,High ($65-95),No,2007,0.6621513940057785,1,Medium Risk
3714-XPXBW,37,Month-to-month,78.9,2976.95,DSL,Credit card (automatic),High ($65-95),No,3801,0.1663509638578341,0,Very Low Risk
1850-AKQEP,8,Month-to-month,20.35,178.7,No,Mailed check,Low (<$35),No,4577,0.10300009235836007,0,Very Low Risk
2824-DXNKN,72,Two year,71.45,5025.85,DSL,Bank transfer (automatic),High ($65-95),No,5656,0.030284152471871214,0,Very Low Risk
5227-JSCFE,71,Two year,46.35,3353.4,DSL,Credit card (automatic),Medium ($35-65),No,5421,0.03848719895380573,0,Very Low Risk
0848-ZGQIJ,16,Month-to-month,94.65,1461.15,Fiber optic,Bank transfer (automatic),High ($65-95),No,3050,0.6217611974979901,1,Medium Risk
3621-CHYVB,57,Month-to-month,49.9,2782.4,DSL,Bank transfer (automatic),Medium ($35-65),No,5866,0.10365713661888716,0,Very Low Risk
8042-RNLKO,66,One year,25.45,1699.15,No,Bank transfer (automatic),Low (<$35),No,4163,0.07663278651995224,0,Very Low Risk
5372-FBKBN,21,Month-to-month,20.75,452.2,No,Mailed check,Low (<$35),No,2143,0.07773564846919025,0,Very Low Risk
0420-TXVSG,66,Two year,66.1,4428.45,DSL,Credit card (automatic),High ($65-95),No,5933,0.04058887135257598,0,Very Low Risk
6217-TOWGS,17,Month-to-month,75.4,1322.55,DSL,Bank transfer (automatic),High ($65-95),No,4852,0.38966991737972384,0,Low Risk
1045-LTCYT,8,Month-to-month,21.05,139.75,No,Credit card (automatic),Low (<$35),No,2158,0.11101546308139752,0,Very Low Risk
1544-JJMYL,27,One year,69.35,1927.3,DSL,Credit card (automatic),High ($65-95),No,2450,0.0830244790193674,0,Very Low Risk
4636-JGAAI,34,Month-to-month,88.85,3000.25,Fiber optic,Mailed check,High ($65-95),No,4014,0.4267164809994245,0,Low Risk
6874-SGLHU,30,One year,97.0,3021.3,Fiber optic,Bank transfer (automatic),Premium (>$95),No,4126,0.3623934938635552,0,Low Risk
5951-AOFIH,33,Month-to-month,66.4,2245.4,DSL,Credit card (automatic),High ($65-95),No,3843,0.288298135501697,0,Low Risk
3059-NGMXB,14,Month-to-month,69.2,944.65,DSL,Mailed check,High ($65-95),No,2871,0.10464288123565721,0,Very Low Risk
8652-YHIYU,16,One year,79.5,1264.2,Fiber optic,Credit card (automatic),High ($65-95),No,5040,0.11038319796380044,0,Very Low Risk
5278-PNYOX,49,Two year,100.65,4917.75,Fiber optic,Credit card (automatic),Premium (>$95),No,5499,0.08407965583991134,0,Very Low Risk
3486-HOOGQ,70,Two year,79.7,5743.3,DSL,Bank transfer (automatic),High ($65-95),No,4848,0.007283196930443491,0,Very Low Risk
5061-PBXFW,32,Month-to-month,61.4,1864.65,DSL,Bank transfer (automatic),Medium ($35-65),No,2649,0.08543116764087863,0,Very Low Risk
8630-FJLIB,18,Month-to-month,69.8,1221.65,Fiber optic,Electronic check,High ($65-95),No,2421,0.773277853145334,1,High Risk
3891-NLXJB,37,Two year,40.55,1390.85,DSL,Mailed check,Medium ($35-65),No,4050,0.04361166096924718,0,Very Low Risk
4749-OJKQU,4,Month-to-month,75.65,302.35,Fiber optic,Electronic check,High ($65-95),No,5396,0.8683343390228722,1,High Risk
0577-WHMEV,16,Month-to-month,90.7,1374.9,Fiber optic,Electronic check,High ($65-95),No,4839,0.4404435070809187,0,Low Risk
5453-AXEPF,17,Month-to-month,80.5,1336.9,Fiber optic,Bank transfer (automatic),High ($65-95),No,3591,0.5603536996530849,1,Medium Risk
3639-XJHKQ,19,Month-to-month,60.6,1297.8,DSL,Electronic check,Medium ($35-65),No,2463,0.2990433872240081,0,Low Risk
3716-LRGXK,60,Two year,101.15,6067.4,Fiber optic,Credit card (automatic),Premium (>$95),No,5301,0.14553459416448264,0,Very Low Risk
2263-SFSQZ,51,Two year,24.95,1222.25,No,Mailed check,Low (<$35),No,5461,0.017006148728623896,0,Very Low Risk
9950-MTGYX,28,Two year,20.3,487.95,No,Credit card (automatic),Low (<$35),No,2948,0.007382148931853321,0,Very Low Risk
3397-AVTKU,43,Two year,60.0,2548.55,DSL,Electronic check,Medium ($35-65),No,4614,0.24817293265550586,0,Very Low Risk
4825-FUREZ,42,Two year,20.25,835.5,No,Electronic check,Low (<$35),No,5940,0.02261464677821265,0,Very Low Risk
2672-OJQZP,1,Month-to-month,44.75,44.75,DSL,Mailed check,Medium ($35-65),No,4118,0.6082888744992594,1,Medium Risk
3134-DSHVC,63,Two year,98.0,6218.45,Fiber optic,Credit card (automatic),Premium (>$95),No,5989,0.07217041149827856,0,Very Low Risk
7821-DPRQE,68,Month-to-month,107.7,7320.9,Fiber optic,Electronic check,Premium (>$95),No,5015,0.3230322863750197,0,Low Risk
2001-EWBQU,60,Two year,104.7,6333.8,Fiber optic,Electronic check,Premium (>$95),No,6186,0.22398253797175025,0,Very Low Risk
1608-GMEWB,45,Month-to-month,93.9,4200.25,Fiber optic,Bank transfer (automatic),High ($65-95),No,3960,0.5798603152372472,1,Medium Risk
6695-AMZUF,70,Two year,86.45,5950.2,DSL,Credit card (automatic),High ($65-95),No,5950,0.01624251680222254,0,Very Low Risk
8410-BGQXN,4,Month-to-month,19.4,93.4,No,Mailed check,Low (<$35),No,4402,0.2389785975366095,0,Very Low Risk
1619-YWUBB,68,Two year,24.95,1614.9,No,Credit card (automatic),Low (<$35),No,6146,0.016118968026599984,0,Very Low Risk
7611-YKYTC,22,Month-to-month,75.0,1573.95,Fiber optic,Bank transfer (automatic),High ($65-95),No,4040,0.1264576736484102,0,Very Low Risk
0365-GXEZS,18,Month-to-month,78.2,1468.75,Fiber optic,Electronic check,High ($65-95),No,2831,0.465697065214991,0,Low Risk
0082-OQIQY,29,Month-to-month,94.2,2607.6,Fiber optic,Electronic check,High ($65-95),No,4561,0.5810950136018115,1,Medium Risk
3606-SBKRY,31,One year,50.05,1523.4,DSL,Electronic check,Medium ($35-65),No,4529,0.3537910784480196,0,Low Risk
0667-NSRGI,48,One year,69.55,3435.6,DSL,Mailed check,High ($65-95),No,2478,0.20002793566216287,0,Very Low Risk
6893-ODYYE,50,One year,90.1,4549.45,Fiber optic,Credit card (automatic),High ($65-95),No,6435,0.09533951318591556,0,Very Low Risk
8242-JSVBO,7,Month-to-month,44.65,322.5,DSL,Bank transfer (automatic),Medium ($35-65),No,4300,0.5741817066040178,1,Medium Risk
9541-ZPSEA,68,Two year,80.35,5375.15,Fiber optic,Credit card (automatic),High ($65-95),No,5954,0.011421807455988817,0,Very Low Risk
2665-NPTGL,26,Month-to-month,98.1,2510.7,Fiber optic,Bank transfer (automatic),Premium (>$95),No,3114,0.6454050158274403,1,Medium Risk
1139-WUOAH,57,Two year,53.35,3090.05,DSL,Credit card (automatic),Medium ($35-65),No,5461,0.023811003948809993,0,Very Low Risk
4693-VWVBO,3,Month-to-month,19.55,61.05,No,Electronic check,Low (<$35),No,3889,0.42508153947839455,0,Low Risk
6937-GCDGQ,19,One year,48.95,955.6,DSL,Bank transfer (automatic),Medium ($35-65),No,2394,0.08835819866448434,0,Very Low Risk
0988-JRWWP,3,Month-to-month,54.2,140.4,DSL,Electronic check,Medium ($35-65),No,3167,0.7159741589988005,1,Medium Risk
5075-JSDKI,59,Two year,24.45,1493.1,No,Electronic check,Low (<$35),No,6196,0.0403683771093257,0,Very Low Risk
8644-XYTSV,42,Month-to-month,40.15,1626.05,DSL,Bank transfer (automatic),Medium ($35-65),No,4348,0.25868164505424046,0,Low Risk
3873-WOSBC,67,Two year,25.6,1784.9,No,Credit card (automatic),Low (<$35),No,4879,0.02075862159263735,0,Very Low Risk
7465-ZZRVX,1,Month-to-month,70.35,70.35,Fiber optic,Electronic check,High ($65-95),No,2722,0.8768091205057641,1,High Risk
7975-JMZNT,66,Two year,91.7,6075.9,DSL,Bank transfer (automatic),High ($65-95),No,5453,0.03043202562066551,0,Very Low Risk
7251-XFOIL,61,Month-to-month,89.2,5500.6,Fiber optic,Mailed check,High ($65-95),No,5536,0.3378775786997458,0,Low Risk
4116-IQRFR,4,One year,24.1,73.1,No,Credit card (automatic),Low (<$35),No,4463,0.03384707222387094,0,Very Low Risk
8259-DZLIZ,64,One year,53.85,3399.85,DSL,Bank transfer (automatic),Medium ($35-65),No,4954,0.0696682430617554,0,Very Low Risk
0442-ZXKVS,54,One year,115.6,6431.05,Fiber optic,Bank transfer (automatic),Premium (>$95),No,4337,0.24406965766116379,0,Very Low Risk
7853-WNZSY,1,Month-to-month,19.75,19.75,No,Credit card (automatic),Low (<$35),No,5809,0.30229855575094833,0,Low Risk
3120-FAZKD,54,Two year,24.05,1230.9,No,Bank transfer (automatic),Low (<$35),No,4039,0.015444537186645594,0,Very Low Risk
8606-OEGQZ,18,Two year,25.3,454.65,No,Credit card (automatic),Low (<$35),No,3416,0.03484261657502571,0,Very Low Risk
0225-ZORZP,3,Month-to-month,84.3,235.05,Fiber optic,Electronic check,High ($65-95),No,5828,0.6222118244059716,1,Medium Risk
9489-JMTTN,72,Two year,89.75,6595.9,DSL,Credit card (automatic),High ($65-95),No,5096,0.002079644611593809,0,Very Low Risk
0575-CUQOV,60,One year,97.95,5867.0,Fiber optic,Electronic check,Premium (>$95),No,6150,0.41076331441586034,0,Low Risk
0967-BMLBD,11,One year,20.0,196.35,No,Mailed check,Low (<$35),No,5837,0.04696138501186181,0,Very Low Risk
2830-LEWOA,61,One year,103.9,6449.15,Fiber optic,Credit card (automatic),Premium (>$95),No,4079,0.042850090942480816,0,Very Low Risk
5006-MXVRN,39,Two year,20.7,762.45,No,Credit card (automatic),Low (<$35),No,3733,0.026107165916978956,0,Very Low Risk
8327-WKMIE,37,One year,20.15,785.75,No,Credit card (automatic),Low (<$35),No,4422,0.028189582767586145,0,Very Low Risk
6917-FIJHC,72,Two year,26.0,1776.0,No,Mailed check,Low (<$35),No,5374,0.018749567534786963,0,Very Low Risk
5329-KRDTM,72,Two year,77.35,5396.25,DSL,Credit card (automatic),High ($65-95),No,6202,0.11228220986099595,0,Very Low Risk
7797-EJMDP,8,Month-to-month,66.05,574.5,DSL,Bank transfer (automatic),High ($65-95),No,4157,0.23539862854504043,0,Very Low Risk
3530-VWVGU,22,Month-to-month,19.9,400.3,No,Mailed check,Low (<$35),No,5657,0.06551067746356216,0,Very Low Risk
6368-NWMCE,38,Month-to-month,68.15,2656.3,DSL,Credit card (automatic),High ($65-95),No,3371,0.20912667034016652,0,Very Low Risk
3633-CDBUW,17,One year,80.85,1445.95,DSL,Electronic check,High ($65-95),No,3913,0.07242020786145104,0,Very Low Risk
0707-HOVVN,70,Two year,75.5,5212.65,DSL,Bank transfer (automatic),High ($65-95),No,6024,0.11606960654982408,0,Very Low Risk
3956-MGXOG,28,Month-to-month,80.6,2244.95,Fiber optic,Electronic check,High ($65-95),No,2951,0.733870270040171,1,Medium Risk
9274-UARKJ,15,Month-to-month,83.2,1130.0,Fiber optic,Bank transfer (automatic),High ($65-95),No,4096,0.6014964351883739,1,Medium Risk
4077-HWUYD,72,Two year,87.55,6463.15,DSL,Bank transfer (automatic),High ($65-95),No,5341,0.002874541794833102,0,Very Low Risk
0103-CSITQ,57,One year,109.4,6252.7,Fiber optic,Bank transfer (automatic),Premium (>$95),No,6026,0.2815357055406686,0,Low Risk
8671-KKKOS,46,Month-to-month,45.55,2062.15,DSL,Electronic check,Medium ($35-65),No,5565,0.32592017089111364,0,Low Risk
7305-ZWMAJ,30,One year,20.7,587.1,No,Credit card (automatic),Low (<$35),No,2492,0.03790975641894733,0,Very Low Risk
9518-XXBXE,10,Month-to-month,75.3,720.45,Fiber optic,Electronic check,High ($65-95),No,4254,0.4933279280100597,0,Low Risk
6578-KRMAW,32,Month-to-month,93.4,2979.3,Fiber optic,Credit card (automatic),High ($65-95),No,3224,0.33028098141837575,0,Low Risk
4860-IJUDE,13,Month-to-month,73.75,956.65,Fiber optic,Credit card (automatic),High ($65-95),No,2070,0.3940868409497891,0,Low Risk
9688-YGXVR,44,Month-to-month,88.15,3973.2,Fiber optic,Credit card (automatic),High ($65-95),No,4112,0.47163958273965273,0,Low Risk
0423-UDIJQ,9,Month-to-month,49.2,447.9,DSL,Mailed check,Medium ($35-65),No,2145,0.32237505407553096,0,Low Risk
1945-XISKS,67,Two year,19.65,1335.2,No,Mailed check,Low (<$35),No,4994,0.02291565233738058,0,Very Low Risk
5360-LJCNJ,71,Two year,105.15,7555.0,Fiber optic,Bank transfer (automatic),Premium (>$95),No,5707,0.23688724724413046,0,Very Low Risk
2607-FBDFF,1,Month-to-month,49.0,49.0,DSL,Credit card (automatic),Medium ($35-65),No,5289,0.45846864927642195,0,Low Risk
1100-DDVRV,17,Month-to-month,49.8,836.35,DSL,Mailed check,Medium ($35-65),No,5575,0.4491654117065529,0,Low Risk
6728-WYQBC,1,Month-to-month,20.95,20.95,No,Bank transfer (automatic),Low (<$35),No,2285,0.3440272531118866,0,Low Risk
9029-FEGVJ,32,Month-to-month,79.3,2570.0,Fiber optic,Mailed check,High ($65-95),No,5242,0.4119135722952111,0,Low Risk
7216-KAOID,41,One year,19.5,798.2,No,Bank transfer (automatic),Low (<$35),No,2446,0.012333224304916252,0,Very Low Risk
6145-NNPNO,1,Month-to-month,44.15,44.15,DSL,Bank transfer (automatic),Medium ($35-65),No,3103,0.5938484498682917,1,Medium Risk
5339-TJFEK,62,Month-to-month,105.5,6487.2,Fiber optic,Electronic check,Premium (>$95),No,4271,0.1300750031850942,0,Very Low Risk
2074-GUHPQ,17,Month-to-month,92.7,1556.85,Fiber optic,Credit card (automatic),High ($65-95),No,2347,0.12320629226840482,0,Very Low Risk
4625-XMOYM,72,Two year,26.25,1988.05,No,Bank transfer (automatic),Low (<$35),No,5098,0.0024069863955888237,0,Very Low Risk
5827-MWCZK,56,Month-to-month,96.95,5432.2,Fiber optic,Credit card (automatic),Premium (>$95),No,6484,0.08350875408101263,0,Very Low Risk
1385-TQOZW,9,Month-to-month,20.45,147.55,No,Credit card (automatic),Low (<$35),No,2392,0.15602836241071136,0,Very Low Risk
5914-XRFQB,72,Two year,115.8,8424.9,Fiber optic,Bank transfer (automatic),Premium (>$95),No,6479,0.06718357349312176,0,Very Low Risk
4329-YPDDQ,20,Month-to-month,108.2,2203.7,Fiber optic,Bank transfer (automatic),Premium (>$95),No,2102,0.46276340775218877,0,Low Risk
4804-NCPET,19,Two year,20.2,387.4,No,Mailed check,Low (<$35),No,4821,0.003152768332857839,0,Very Low Risk
5944-UGLLK,53,One year,54.9,3045.75,DSL,Credit card (automatic),Medium ($35-65),No,5677,0.0859391468624117,0,Very Low Risk
7787-BNTZM,6,Month-to-month,20.15,130.5,No,Bank transfer (automatic),Low (<$35),No,5761,0.2748637229176664,0,Low Risk
2252-ISRNH,9,One year,90.35,767.9,Fiber optic,Electronic check,High ($65-95),No,2993,0.19480206013727902,0,Very Low Risk
9415-TPKRV,8,Month-to-month,55.75,446.8,DSL,Electronic check,Medium ($35-65),No,5681,0.19097377589723538,0,Very Low Risk
5322-TEUJK,71,Two year,114.6,8100.25,Fiber optic,Bank transfer (automatic),Premium (>$95),No,4071,0.014661473241612079,0,Very Low Risk
1866-DIOQZ,71,One year,66.8,4689.15,DSL,Bank transfer (automatic),High ($65-95),No,4698,0.07301960430814086,0,Very Low Risk
8375-KVTHK,68,One year,100.3,6754.35,Fiber optic,Electronic check,Premium (>$95),No,5757,0.37681241317433234,0,Low Risk
2697-NQBPF,34,Month-to-month,105.35,3540.65,Fiber optic,Electronic check,Premium (>$95),No,5503,0.6092779449842876,1,Medium Risk
3709-OIJEA,26,One year,85.2,2184.6,Fiber optic,Electronic check,High ($65-95),No,5156,0.3012164662050185,0,Low Risk
1386-ZIKUV,7,Month-to-month,18.95,130.55,No,Mailed check,Low (<$35),No,4097,0.2147731495920564,0,Very Low Risk
0599-XNYDO,20,Month-to-month,69.8,1540.35,Fiber optic,Bank transfer (automatic),High ($65-95),No,5456,0.6143142461689279,1,Medium Risk
6377-WHAOX,60,Month-to-month,106.15,6411.25,Fiber optic,Electronic check,Premium (>$95),No,4115,0.6811232213514365,1,Medium Risk
6855-VLGOS,72,Two year,20.55,1432.55,No,Electronic check,Low (<$35),No,5809,0.006948957724072432,0,Very Low Risk
8999-XXGNS,72,One year,105.75,7629.85,Fiber optic,Credit card (automatic),Premium (>$95),No,5832,0.2686544635110874,0,Low Risk
8746-OQQRW,4,Month-to-month,25.25,101.9,No,Mailed check,Low (<$35),No,3962,0.24149436503307456,0,Very Low Risk
3181-MIZBN,16,Month-to-month,19.75,313.4,No,Electronic check,Low (<$35),No,3677,0.16380621526180955,0,Very Low Risk
0471-ARVMX,62,One year,104.85,6312.9,Fiber optic,Electronic check,Premium (>$95),No,5061,0.3767680047999415,0,Low Risk
7766-CLTIC,10,Month-to-month,60.95,629.55,DSL,Mailed check,Medium ($35-65),No,4323,0.38671753925134,0,Low Risk
5650-YLIBA,31,Month-to-month,81.15,2640.55,Fiber optic,Electronic check,High ($65-95),No,3031,0.704769949288412,1,Medium Risk
0825-CPPQH,71,Two year,19.1,1372.45,No,Credit card (automatic),Low (<$35),No,4241,0.008720451372687904,0,Very Low Risk
9084-OAYKL,58,Two year,20.8,1212.25,No,Mailed check,Low (<$35),No,4758,0.0316555458327565,0,Very Low Risk
6122-LJADA,70,Two year,90.15,6237.05,DSL,Credit card (automatic),High ($65-95),No,5824,0.008541778200323808,0,Very Low Risk
2400-XIWIO,71,Two year,90.1,6310.9,DSL,Electronic check,High ($65-95),No,5054,0.018725620413722235,0,Very Low Risk
7524-VRLPL,69,Two year,74.1,5031.0,DSL,Credit card (automatic),High ($65-95),No,4204,0.06445678969235275,0,Very Low Risk
7569-NMZYQ,72,Two year,118.75,8672.45,Fiber optic,Bank transfer (automatic),Premium (>$95),No,5475,0.02515020900446163,0,Very Low Risk
5201-USSQZ,26,Month-to-month,85.9,2196.45,Fiber optic,Credit card (automatic),High ($65-95),No,4038,0.37952525304971607,0,Low Risk
2105-PHWON,33,Month-to-month,95.0,3008.15,Fiber optic,Credit card (automatic),High ($65-95),No,4639,0.4194331462697757,0,Low Risk
1494-EJZDW,10,Two year,20.15,220.8,No,Mailed check,Low (<$35),No,2836,0.024972435183870864,0,Very Low Risk
4884-TVUQF,57,Two year,101.3,5779.6,Fiber optic,Credit card (automatic),Premium (>$95),No,4421,0.0849748938596977,0,Very Low Risk
8003-EWNDZ,10,Month-to-month,21.2,222.65,No,Electronic check,Low (<$35),No,2066,0.13507232757907525,0,Very Low Risk
1897-RCFUM,39,One year,24.2,914.6,No,Mailed check,Low (<$35),No,3109,0.01638299509345491,0,Very Low Risk
9256-JTBNZ,11,Month-to-month,20.3,246.3,No,Bank transfer (automatic),Low (<$35),No,4188,0.3362241340048645,0,Low Risk
2211-RMNHO,68,Two year,85.3,5560.0,DSL,Bank transfer (automatic),High ($65-95),No,4732,0.008090616468387095,0,Very Low Risk
2432-TFSMK,18,One year,89.6,1633.0,Fiber optic,Credit card (automatic),High ($65-95),No,2269,0.37298701960247266,0,Low Risk
4929-ROART,18,Month-to-month,56.25,969.85,DSL,Mailed check,Medium ($35-65),No,2277,0.23013231712576288,0,Very Low Risk
1834-ABKHQ,52,One year,50.95,2610.65,DSL,Bank transfer (automatic),Medium ($35-65),No,4298,0.0478637850024848,0,Very Low Risk
1741-WTPON,56,Two year,115.85,6567.9,Fiber optic,Mailed check,Premium (>$95),No,4937,0.04095471852484502,0,Very Low Risk
3932-IJWDZ,45,Month-to-month,103.65,4747.85,Fiber optic,Bank transfer (automatic),Premium (>$95),No,2183,0.5110420640515297,1,Medium Risk
1240-HCBOH,67,Two year,26.1,1759.55,No,Mailed check,Low (<$35),No,6466,0.017830993915977634,0,Very Low Risk
3594-KADLU,3,Month-to-month,35.1,101.1,DSL,Mailed check,Medium ($35-65),No,3610,0.3773612460258258,0,Low Risk
8065-BVEPF,65,Month-to-month,99.1,6496.15,Fiber optic,Bank transfer (automatic),Premium (>$95),No,4574,0.46263403219679894,0,Low Risk
3796-ENZGF,63,Two year,67.25,4234.15,DSL,Mailed check,High ($65-95),No,6438,0.028002238006800195,0,Very Low Risk
1734-ZMNTZ,11,Two year,25.0,300.7,No,Mailed check,Low (<$35),No,5409,0.018567558496188043,0,Very Low Risk
2853-CWQFQ,1,Month-to-month,59.55,59.55,DSL,Mailed check,Medium ($35-65),No,5824,0.30270136369604494,0,Low Risk
0813-TAXXS,55,Two year,77.8,4323.35,DSL,Bank transfer (automatic),High ($65-95),No,6483,0.11573546410546431,0,Very Low Risk
2519-TWKFS,25,One year,55.1,1466.1,DSL,Mailed check,Medium ($35-65),No,2499,0.0636380802005746,0,Very Low Risk
0626-QXNGV,72,Two year,24.15,1776.45,No,Credit card (automatic),Low (<$35),No,5613,0.010911253978221095,0,Very Low Risk
6723-CEGQI,65,Two year,45.25,2933.95,DSL,Mailed check,Medium ($35-65),No,5712,0.031782339202965276,0,Very Low Risk
4732-RRJZC,7,Month-to-month,20.25,144.35,No,Mailed check,Low (<$35),No,4954,0.09388853885770569,0,Very Low Risk
9499-XPZXM,72,Two year,64.75,4804.75,DSL,Bank transfer (automatic),Medium ($35-65),No,4675,0.017865516522889403,0,Very Low Risk
4338-EYCER,21,Month-to-month,54.6,1125.2,DSL,Bank transfer (automatic),Medium ($35-65),No,5763,0.32259151220183746,0,Low Risk
3007-FDPEA,2,Month-to-month,20.7,39.85,No,Bank transfer (automatic),Low (<$35),No,2107,0.20940364081125143,0,Very Low Risk
6350-XFYGW,4,Month-to-month,94.75,422.4,Fiber optic,Electronic check,High ($65-95),No,2757,0.840291382893828,1,High Risk
8513-OLYGY,72,Two year,115.8,8332.15,Fiber optic,Credit card (automatic),Premium (>$95),No,5130,0.05739384805922784,0,Very Low Risk
0311-QYWSS,6,Month-to-month,49.45,314.6,DSL,Electronic check,Medium ($35-65),No,3672,0.5899046991214736,1,Medium Risk
8705-DWKTI,52,Month-to-month,83.8,4331.4,Fiber optic,Credit card (automatic),High ($65-95),No,6339,0.3394734579990521,0,Low Risk
8755-IWJHN,69,Month-to-month,95.35,6382.0,Fiber optic,Bank transfer (automatic),Premium (>$95),No,6132,0.448965328095679,0,Low Risk
4480-QQRHC,8,Month-to-month,74.05,600.15,Fiber optic,Bank transfer (automatic),High ($65-95),No,4899,0.6804633358937058,1,Medium Risk
0929-PECLO,63,Month-to-month,89.6,5538.8,Fiber optic,Bank transfer (automatic),High ($65-95),No,4438,0.4430958876072644,0,Low Risk
3680-CTHUH,60,One year,116.6,7049.5,Fiber optic,Credit card (automatic),Premium (>$95),No,5680,0.33523212974553007,0,Low Risk
1202-KKGFU,12,Month-to-month,54.2,690.5,DSL,Bank transfer (automatic),Medium ($35-65),No,4474,0.2216234016790949,0,Very Low Risk
6112-KTHFQ,13,Month-to-month,19.3,279.3,No,Mailed check,Low (<$35),No,5917,0.19796369351816787,0,Very Low Risk
1852-XEMDW,22,Month-to-month,65.05,1427.55,DSL,Mailed check,High ($65-95),No,4709,0.19817155298761804,0,Very Low Risk
1820-DJFPH,72,Two year,24.05,1709.15,No,Bank transfer (automatic),Low (<$35),No,4755,0.0012767780622554904,0,Very Low Risk
9426-SXNHE,2,Month-to-month,18.75,53.15,No,Bank transfer (automatic),Low (<$35),No,5355,0.23736149630659584,0,Very Low Risk
9068-FHQHD,40,Two year,20.15,777.35,No,Bank transfer (automatic),Low (<$35),No,3556,0.004974049129156661,0,Very Low Risk
1269-FOYWN,44,One year,20.0,860.85,No,Bank transfer (automatic),Low (<$35),No,3743,0.007027963357122648,0,Very Low Risk
9470-YFUYI,71,One year,71.0,5012.1,DSL,Bank transfer (automatic),High ($65-95),No,5247,0.08290747581592316,0,Very Low Risk
7402-EYFXX,26,Month-to-month,93.6,2404.1,Fiber optic,Electronic check,High ($65-95),No,4030,0.8270214501284766,1,High Risk
9895-VFOXH,1,Month-to-month,24.4,24.4,DSL,Mailed check,Low (<$35),No,5092,0.5708366755353711,1,Medium Risk
1230-QAJDW,3,Month-to-month,65.25,209.9,DSL,Mailed check,High ($65-95),No,2562,0.3870706454484046,0,Low Risk
5701-ZIKJE,13,Month-to-month,50.55,610.75,DSL,Mailed check,Medium ($35-65),No,5530,0.364141673911505,0,Low Risk
5032-MIYKT,1,Month-to-month,70.7,70.7,Fiber optic,Mailed check,High ($65-95),No,4056,0.814774656206652,1,High Risk
7396-VJUZB,4,Month-to-month,45.25,155.35,DSL,Mailed check,Medium ($35-65),No,2776,0.30587878970403976,0,Low Risk
9717-QEBGU,2,Month-to-month,70.3,144.0,Fiber optic,Electronic check,High ($65-95),No,2980,0.8583362075686349,1,High Risk
5172-RKOCB,72,Two year,108.95,7875.0,Fiber optic,Credit card (automatic),Premium (>$95),No,5758,0.069872340388087,0,Very Low Risk
6509-TSGWN,37,Month-to-month,26.45,911.6,No,Mailed check,Low (<$35),No,5359,0.05237733703139467,0,Very Low Risk
3178-CIFOT,23,One year,19.65,478.1,No,Credit card (automatic),Low (<$35),No,5916,0.04514097879504858,0,Very Low Risk
4530-NDRKU,42,One year,19.05,761.85,No,Electronic check,Low (<$35),No,5091,0.011533400182057871,0,Very Low Risk
5985-TBABQ,32,One year,74.75,2282.95,DSL,Mailed check,High ($65-95),No,2830,0.08030641975866125,0,Very Low Risk
9800-ONTFE,22,Month-to-month,75.8,1615.1,Fiber optic,Bank transfer (automatic),High ($65-95),No,4479,0.21619388732527578,0,Very Low Risk
6743-HHQPF,42,Month-to-month,25.1,1097.15,DSL,Credit card (automatic),Low (<$35),No,4959,0.32827813299294895,0,Low Risk
8455-HIRAQ,8,Month-to-month,44.45,369.3,DSL,Mailed check,Medium ($35-65),No,4909,0.4160226600099742,0,Low Risk
6616-AALSR,65,Two year,104.3,6725.3,Fiber optic,Credit card (automatic),Premium (>$95),No,4997,0.0594321884067193,0,Very Low Risk
9415-ZNBSX,70,Two year,89.0,6293.2,DSL,Bank transfer (automatic),High ($65-95),No,5650,0.003577648473154893,0,Very Low Risk
4018-KJYUY,22,Month-to-month,20.15,432.5,No,Credit card (automatic),Low (<$35),No,2722,0.0675026140281973,0,Very Low Risk
3884-UEBXB,67,Two year,36.15,2434.45,DSL,Bank transfer (automatic),Medium ($35-65),No,6314,0.034311041215228696,0,Very Low Risk
8780-RSYYU,25,Month-to-month,19.2,532.1,No,Credit card (automatic),Low (<$35),No,2159,0.11672217608368546,0,Very Low Risk
5537-UXXVS,20,Month-to-month,19.25,375.25,No,Bank transfer (automatic),Low (<$35),No,4137,0.21411862250201516,0,Very Low Risk
1791-PQHBB,2,Month-to-month,61.2,125.95,DSL,Credit card (automatic),Medium ($35-65),No,5056,0.24484464717773124,0,Very Low Risk
8701-DGLVH,51,Two year,20.45,1042.65,No,Mailed check,Low (<$35),No,6097,0.038726116078504666,0,Very Low Risk
8741-LQOBK,46,Month-to-month,35.05,1620.25,DSL,Bank transfer (automatic),Medium ($35-65),No,4829,0.2599101099699112,0,Low Risk
8082-GHXOP,13,Month-to-month,44.0,659.35,DSL,Mailed check,Medium ($35-65),No,5611,0.18590156601764757,0,Very Low Risk
0980-FEXWF,26,One year,50.35,1285.8,DSL,Mailed check,Medium ($35-65),No,3386,0.049474788544032575,0,Very Low Risk
3011-WQKSZ,19,Month-to-month,20.0,377.55,No,Electronic check,Low (<$35),No,5188,0.28988042600934383,0,Low Risk
8218-FFJDS,72,Two year,86.4,6058.95,DSL,Bank transfer (automatic),High ($65-95),No,6114,0.01911078219979763,0,Very Low Risk
1986-PHGZF,18,Month-to-month,58.4,964.9,DSL,Credit card (automatic),Medium ($35-65),No,2812,0.27908471806318585,0,Low Risk
9360-OMDZZ,24,Month-to-month,94.1,2322.85,Fiber optic,Electronic check,High ($65-95),No,3192,0.8286954701082702,1,High Risk
0345-XMMUG,46,Two year,108.9,4854.3,Fiber optic,Credit card (automatic),Premium (>$95),No,5119,0.19564366209482498,0,Very Low Risk
8024-XNAFQ,72,Two year,107.4,7748.75,Fiber optic,Bank transfer (automatic),Premium (>$95),No,5294,0.05033266393835087,0,Very Low Risk
2988-GBIVW,70,Month-to-month,90.85,6470.1,Fiber optic,Electronic check,High ($65-95),No,5129,0.3664454279549421,0,Low Risk
2832-SCUCO,2,Month-to-month,19.9,57.4,No,Electronic check,Low (<$35),No,2822,0.3733642836755702,0,Low Risk
7036-ZZKBD,31,Month-to-month,66.4,2019.8,DSL,Credit card (automatic),High ($65-95),No,3282,0.21198100578566453,0,Very Low Risk
0265-PSUAE,16,Month-to-month,100.7,1522.7,Fiber optic,Bank transfer (automatic),Premium (>$95),No,3337,0.1996022532912182,0,Very Low Risk
0463-TXOAK,52,Two year,25.6,1334.5,No,Credit card (automatic),Low (<$35),No,5662,0.023356183127996442,0,Very Low Risk
0594-UFTUL,13,Month-to-month,19.85,252.0,No,Mailed check,Low (<$35),No,2928,0.07624052458850056,0,Very Low Risk
9509-MPYOD,35,One year,20.75,700.45,No,Mailed check,Low (<$35),No,4261,0.03602180158924871,0,Very Low Risk
9128-CPXKI,59,Two year,95.8,5655.45,Fiber optic,Electronic check,Premium (>$95),No,5470,0.30837608607691774,0,Low Risk
0129-KPTWJ,72,Month-to-month,94.65,6747.35,Fiber optic,Electronic check,High ($65-95),No,5943,0.5935972251577474,1,Medium Risk
5855-EIBDE,49,Two year,106.65,5174.35,Fiber optic,Credit card (automatic),Premium (>$95),No,5948,0.10998357040400993,0,Very Low Risk
5365-LLFYV,2,Month-to-month,45.85,105.6,DSL,Mailed check,Medium ($35-65),No,2245,0.7102867624477908,1,Medium Risk
5956-YHHRX,21,Month-to-month,104.35,2271.85,Fiber optic,Electronic check,Premium (>$95),No,4934,0.7848259663963232,1,High Risk
6008-NAIXK,54,One year,55.45,2966.95,DSL,Electronic check,Medium ($35-65),No,4521,0.34837638156279843,0,Low Risk
1928-BXYIV,1,Month-to-month,61.15,61.15,DSL,Electronic check,Medium ($35-65),No,4592,0.41491629786564316,0,Low Risk
5760-FXFVO,6,Month-to-month,78.95,494.95,Fiber optic,Electronic check,High ($65-95),No,4093,0.6573639947093604,1,Medium Risk
0961-ZWLVI,49,One year,109.2,5290.45,Fiber optic,Credit card (automatic),Premium (>$95),No,6005,0.1460723259900992,0,Very Low Risk
5181-OABFK,56,Two year,61.3,3346.8,DSL,Credit card (automatic),Medium ($35-65),No,4173,0.018421441592435993,0,Very Low Risk
4007-NHVHI,56,Month-to-month,96.85,5219.65,Fiber optic,Electronic check,Premium (>$95),No,5679,0.34586116426995944,0,Low Risk
7816-VGHTO,6,Two year,40.55,217.5,DSL,Mailed check,Medium ($35-65),No,2866,0.09128934276955754,0,Very Low Risk
5871-DGTXZ,32,One year,19.8,607.7,No,Mailed check,Low (<$35),No,4636,0.03381201291761526,0,Very Low Risk
7550-WIQVA,50,One year,108.25,5431.4,Fiber optic,Electronic check,Premium (>$95),No,4972,0.13796017951514672,0,Very Low Risk
7544-ZVIKX,58,One year,105.05,6004.85,Fiber optic,Bank transfer (automatic),Premium (>$95),No,5870,0.11034372433373027,0,Very Low Risk
0016-QLJIS,65,Two year,90.45,5957.9,DSL,Mailed check,High ($65-95),No,5509,0.0047001245451909635,0,Very Low Risk
7508-DQAKK,64,Two year,86.4,5442.05,DSL,Credit card (automatic),High ($65-95),No,6474,0.02000641989952366,0,Very Low Risk
5176-OLSKT,66,Two year,66.9,4370.25,DSL,Bank transfer (automatic),High ($65-95),No,5546,0.04157595726014097,0,Very Low Risk
9356-AXGMP,38,One year,110.7,4428.6,Fiber optic,Electronic check,Premium (>$95),No,5461,0.43085233027626507,0,Low Risk
3556-BVQGL,20,One year,20.0,416.45,No,Mailed check,Low (<$35),No,3585,0.06230735717301125,0,Very Low Risk
8979-CAMGB,64,One year,102.1,6688.1,Fiber optic,Electronic check,Premium (>$95),No,6100,0.3341988620492897,0,Low Risk
7581-EBBOU,60,One year,70.15,4224.7,DSL,Credit card (automatic),High ($65-95),No,4260,0.1086165926742628,0,Very Low Risk
5073-RZGBK,50,One year,80.05,4042.2,DSL,Bank transfer (automatic),High ($65-95),No,5823,0.04948750741786207,0,Very Low Risk
2192-CKRLV,72,Two year,49.2,3580.95,DSL,Electronic check,Medium ($35-65),No,4700,0.15120005114633306,0,Very Low Risk
3154-HMWUU,60,Two year,20.5,1198.8,No,Bank transfer (automatic),Low (<$35),No,5848,0.021666870389687315,0,Very Low Risk
6119-SPUDB,46,Two year,38.25,1755.35,DSL,Mailed check,Medium ($35-65),No,2653,0.04856557635847403,0,Very Low Risk
6522-OIQSX,69,Two year,54.95,3772.5,DSL,Credit card (automatic),Medium ($35-65),No,4175,0.025951427014627656,0,Very Low Risk
7813-ZGGAW,31,Month-to-month,96.6,2877.95,Fiber optic,Bank transfer (automatic),Premium (>$95),No,3364,0.44197564809524453,0,Low Risk
8748-HFWBO,19,One year,19.9,357.7,No,Mailed check,Low (<$35),No,5964,0.01655249111026797,0,Very Low Risk
1052-QJIBV,71,Two year,19.9,1397.3,No,Credit card (automatic),Low (<$35),No,6015,0.0005253830529785642,0,Very Low Risk
1319-YLZJG,12,Month-to-month,84.6,959.9,Fiber optic,Electronic check,High ($65-95),No,2499,0.6025974825965172,1,Medium Risk
0723-FDLAY,44,One year,85.25,3704.15,DSL,Bank transfer (automatic),High ($65-95),No,2292,0.2144290864567698,0,Very Low Risk
3050-RLLXC,56,Two year,81.25,4620.4,DSL,Credit card (automatic),High ($65-95),No,5907,0.008134862885884726,0,Very Low Risk
9298-WGMRW,72,Two year,115.5,8312.75,Fiber optic,Bank transfer (automatic),Premium (>$95),No,4697,0.05997656927928307,0,Very Low Risk
3088-LHEFH,11,Month-to-month,79.0,929.3,Fiber optic,Bank transfer (automatic),High ($65-95),No,3885,0.5384157668549094,1,Medium Risk
6583-KQJLK,15,Month-to-month,94.65,1285.05,Fiber optic,Electronic check,High ($65-95),No,5868,0.723569753161836,1,Medium Risk
8544-JNBOX,72,Two year,20.8,1521.2,No,Mailed check,Low (<$35),No,4626,0.022258976850113,0,Very Low Risk
6681-ZSEXG,56,Two year,59.5,3389.25,DSL,Credit card (automatic),Medium ($35-65),No,5477,0.052799204213138745,0,Very Low Risk
6139-ZZRBQ,64,Two year,20.05,1198.05,No,Bank transfer (automatic),Low (<$35),No,4309,0.022107733807911045,0,Very Low Risk
6116-RFVHN,34,Month-to-month,100.45,3414.65,Fiber optic,Electronic check,Premium (>$95),No,3744,0.7816607207390638,1,High Risk
8884-FEEWR,35,One year,20.6,754.0,No,Bank transfer (automatic),Low (<$35),No,2858,0.03690428172155086,0,Very Low Risk
3125-RAHBV,22,One year,20.3,467.15,No,Credit card (automatic),Low (<$35),No,2768,0.04537651143478241,0,Very Low Risk
0373-AIVNJ,9,One year,39.55,373.0,DSL,Mailed check,Medium ($35-65),No,3755,0.17165378964465525,0,Very Low Risk
1682-VCOIO,23,One year,20.45,481.1,No,Mailed check,Low (<$35),No,3434,0.02962726394220856,0,Very Low Risk
2072-ZVJJX,68,Two year,25.25,1728.2,No,Bank transfer (automatic),Low (<$35),No,4571,0.007887331318228823,0,Very Low Risk
8849-AYPTR,33,Month-to-month,91.25,2964.05,Fiber optic,Electronic check,High ($65-95),No,3296,0.6313413845205641,1,Medium Risk
9518-IMLHK,31,Month-to-month,72.45,2156.25,DSL,Bank transfer (automatic),High ($65-95),No,3175,0.13243212873515334,0,Very Low Risk
3646-ITDGM,56,Two year,19.7,1051.9,No,Bank transfer (automatic),Low (<$35),No,4831,0.048572535369865735,0,Very Low Risk
3569-VLDHH,66,One year,75.1,5013.0,DSL,Electronic check,High ($65-95),No,6123,0.026098101224498595,0,Very Low Risk
8224-KDLKN,72,Two year,25.0,1738.9,No,Bank transfer (automatic),Low (<$35),No,4275,0.0018636722935138467,0,Very Low Risk
7594-LZNWR,34,Month-to-month,69.15,2275.1,Fiber optic,Credit card (automatic),High ($65-95),No,4478,0.37496421146520054,0,Low Risk
4001-TSBTV,58,Month-to-month,91.55,5511.65,Fiber optic,Electronic check,High ($65-95),No,6423,0.16706131119558418,0,Very Low Risk
8727-XDPUD,37,Two year,35.8,1316.9,DSL,Credit card (automatic),Medium ($35-65),No,5658,0.19168223507106963,0,Very Low Risk
1043-UXOVO,71,Two year,113.15,7993.3,Fiber optic,Credit card (automatic),Premium (>$95),No,4955,0.06500945357186756,0,Very Low Risk
1064-FBXNK,1,One year,19.85,19.85,No,Credit card (automatic),Low (<$35),No,2618,0.11961710390952257,0,Very Low Risk
3996-ZNWYK,71,Two year,19.8,1388.45,No,Credit card (automatic),Low (<$35),No,5819,0.0053666617213251055,0,Very Low Risk
2878-DHMIN,35,One year,19.9,666.0,No,Electronic check,Low (<$35),No,2334,0.005676494714694124,0,Very Low Risk
7762-ONLJY,6,One year,19.7,94.45,No,Mailed check,Low (<$35),No,4122,0.06775449281847506,0,Very Low Risk
5795-BKOYE,69,One year,59.1,4134.7,DSL,Bank transfer (automatic),Medium ($35-65),No,5846,0.019528110593340375,0,Very Low Risk
7402-PWYJJ,53,One year,91.15,4862.5,Fiber optic,Electronic check,High ($65-95),No,6439,0.2835555744912717,0,Low Risk
0018-NYROU,5,Month-to-month,68.95,351.5,Fiber optic,Electronic check,High ($65-95),No,5536,0.8237297549423989,1,High Risk
7501-VTYLJ,2,Month-to-month,51.55,106.2,DSL,Mailed check,Medium ($35-65),No,4057,0.32888831573290295,0,Low Risk
7608-RGIRO,62,Two year,24.4,1413.0,No,Mailed check,Low (<$35),No,4889,0.007089273221335655,0,Very Low Risk
0480-BIXDE,19,Month-to-month,96.8,1743.05,Fiber optic,Electronic check,Premium (>$95),No,3249,0.7927897451852667,1,High Risk
5895-QSXOD,9,Month-to-month,70.05,657.5,Fiber optic,Mailed check,High ($65-95),No,3522,0.533656296366328,1,Medium Risk
9814-AOUDH,53,Two year,19.5,1050.5,No,Credit card (automatic),Low (<$35),No,5625,0.04998815641690978,0,Very Low Risk
6175-IRFIT,5,Month-to-month,78.75,426.35,Fiber optic,Mailed check,High ($65-95),No,2610,0.6838087536490285,1,Medium Risk
8760-ZRHKE,71,One year,69.2,4982.5,DSL,Electronic check,High ($65-95),No,5546,0.043625256424765856,0,Very Low Risk
1622-HSHSF,1,Month-to-month,19.55,19.55,No,Mailed check,Low (<$35),No,5607,0.6214057651699249,1,Medium Risk
6749-UTDVX,72,Two year,103.65,7634.8,Fiber optic,Electronic check,Premium (>$95),No,6088,0.30897080067688304,0,Low Risk
5542-DHSXL,4,Month-to-month,54.7,235.05,DSL,Mailed check,Medium ($35-65),No,3475,0.29506408060031397,0,Low Risk
9102-OXKFY,59,Two year,54.15,3116.15,DSL,Credit card (automatic),Medium ($35-65),No,4293,0.08518002013209248,0,Very Low Risk
5216-WASFJ,31,Month-to-month,84.85,2633.4,Fiber optic,Electronic check,High ($65-95),No,5603,0.7591579378091745,1,High Risk
7808-DVWEP,3,Month-to-month,20.0,49.65,No,Bank transfer (automatic),Low (<$35),No,3985,0.2879442853426413,0,Low Risk
2284-VFLKH,49,One year,99.25,4920.8,Fiber optic,Credit card (automatic),Premium (>$95),No,4995,0.2919418698166685,0,Low Risk
0366-NQSHS,2,Month-to-month,19.35,46.35,No,Mailed check,Low (<$35),No,5863,0.23861086355419991,0,Very Low Risk
3807-BPOMJ,55,One year,94.75,5276.1,Fiber optic,Electronic check,High ($65-95),No,6021,0.290161640549926,0,Low Risk
3892-NXAZG,72,Two year,114.05,8289.2,Fiber optic,Credit card (automatic),Premium (>$95),No,6254,0.011377550560682468,0,Very Low Risk
4948-WBBKL,36,Month-to-month,74.9,2659.45,Fiber optic,Bank transfer (automatic),High ($65-95),No,5041,0.5789325816108445,1,Medium Risk
4182-BGSIQ,10,Month-to-month,19.8,196.75,No,Bank transfer (automatic),Low (<$35),No,3196,0.11436981602994223,0,Very Low Risk
0988-AADSA,72,Two year,80.85,5824.75,DSL,Bank transfer (automatic),High ($65-95),No,6317,0.0038099432976687964,0,Very Low Risk
9972-NKTFD,28,Month-to-month,54.65,1517.5,DSL,Bank transfer (automatic),Medium ($35-65),No,3185,0.21219871528003753,0,Very Low Risk
3717-LNXKW,38,Month-to-month,91.7,3479.05,Fiber optic,Bank transfer (automatic),High ($65-95),No,3676,0.29626652993615576,0,Low Risk
5734-EJKXG,61,One year,118.6,7365.7,Fiber optic,Electronic check,Premium (>$95),No,5536,0.24871004891130155,0,Very Low Risk
2207-RYYRL,52,Two year,24.55,1331.05,No,Mailed check,Low (<$35),No,5535,0.0023341699964501217,0,Very Low Risk
6729-FZWSY,67,One year,19.45,1195.95,No,Mailed check,Low (<$35),No,5343,0.06560870387878504,0,Very Low Risk
9695-IDRZR,34,Two year,116.15,3946.9,Fiber optic,Credit card (automatic),Premium (>$95),No,5104,0.048358007141360536,0,Very Low Risk
8144-DGHXP,54,Two year,80.6,4299.95,DSL,Electronic check,High ($65-95),No,4231,0.06314492779249066,0,Very Low Risk
7814-LEEVE,1,Month-to-month,20.3,20.3,No,Bank transfer (automatic),Low (<$35),No,4215,0.3314290607348013,0,Low Risk
8631-WUXGY,46,Month-to-month,99.8,4391.25,Fiber optic,Electronic check,Premium (>$95),No,2405,0.2651932530816795,0,Low Risk
5906-DVAPM,55,One year,75.0,4213.9,DSL,Credit card (automatic),High ($65-95),No,5011,0.028341455397959694,0,Very Low Risk
6654-QGBZZ,1,Month-to-month,19.9,19.9,No,Mailed check,Low (<$35),No,5057,0.569788545574588,1,Medium Risk
8348-JLBUG,64,One year,80.3,5017.7,Fiber optic,Credit card (automatic),High ($65-95),No,4270,0.09549626842695623,0,Very Low Risk
5641-DMBFJ,58,Two year,84.3,4916.4,DSL,Electronic check,High ($65-95),No,5724,0.06322951755677296,0,Very Low Risk
9200-NLNPD,56,One year,54.05,2959.8,DSL,Bank transfer (automatic),Medium ($35-65),No,6445,0.17042711087599646,0,Very Low Risk
2664-XJZNO,72,Two year,104.9,7559.55,Fiber optic,Credit card (automatic),Premium (>$95),No,5169,0.024133375229697353,0,Very Low Risk
3339-EAQNV,72,One year,97.25,7133.1,Fiber optic,Credit card (automatic),Premium (>$95),No,6156,0.30015925904508817,0,Low Risk
0921-OHLVP,22,Month-to-month,83.05,1799.3,Fiber optic,Electronic check,High ($65-95),No,5357,0.6270251156475283,1,Medium Risk
8350-NYMVI,39,Month-to-month,41.1,1597.05,DSL,Bank transfer (automatic),Medium ($35-65),No,3618,0.18090622601686562,0,Very Low Risk
1600-DILPE,12,Month-to-month,45.0,524.35,DSL,Bank transfer (automatic),Medium ($35-65),No,4998,0.5493877257176978,1,Medium Risk
0536-ESJEP,54,Two year,74.55,4191.45,DSL,Bank transfer (automatic),High ($65-95),No,4544,0.05201471616611904,0,Very Low Risk
4654-GGUII,18,One year,40.2,711.95,DSL,Mailed check,Medium ($35-65),No,4624,0.1242793889879938,0,Very Low Risk
6478-HRRCZ,32,One year,70.5,2201.75,DSL,Mailed check,High ($65-95),No,5870,0.08906972674687841,0,Very Low Risk
8510-BBWMU,41,One year,19.75,806.95,No,Mailed check,Low (<$35),No,5678,0.05420689839024903,0,Very Low Risk
6857-TKDJV,67,Two year,24.65,1620.45,No,Bank transfer (automatic),Low (<$35),No,4444,0.002069581453471313,0,Very Low Risk
2360-RDGRO,65,Month-to-month,104.25,6812.95,Fiber optic,Electronic check,Premium (>$95),No,5089,0.4502303236353707,0,Low Risk
0584-BJQGZ,25,Month-to-month,78.35,1837.9,DSL,Bank transfer (automatic),High ($65-95),No,4855,0.14903333952355335,0,Very Low Risk
1360-XFJMR,67,One year,109.7,7344.45,Fiber optic,Credit card (automatic),Premium (>$95),No,4017,0.27748210923394834,0,Low Risk
5730-RIITO,43,Month-to-month,33.45,1500.25,DSL,Credit card (automatic),Low (<$35),No,4757,0.30307160533991945,0,Low Risk
9058-MJLZC,24,Month-to-month,94.6,2283.15,Fiber optic,Electronic check,High ($65-95),No,3667,0.6259226355086313,1,Medium Risk
0902-XKXPN,69,Two year,20.2,1376.5,No,Bank transfer (automatic),Low (<$35),No,5463,0.002692623252939195,0,Very Low Risk
5177-RVZNU,37,One year,20.3,755.4,No,Bank transfer (automatic),Low (<$35),No,4186,0.02737517404451729,0,Very Low Risk
0056-EPFBG,20,Two year,39.4,825.4,DSL,Credit card (automatic),Medium ($35-65),No,3899,0.059865297696490606,0,Very Low Risk
8993-IZEUX,7,Month-to-month,69.15,488.65,Fiber optic,Bank transfer (automatic),High ($65-95),No,4320,0.5747255617809868,1,Medium Risk
8190-ZTQFB,41,One year,51.35,2075.1,DSL,Electronic check,Medium ($35-65),No,5622,0.3578023002021011,0,Low Risk
0931-MHTEM,54,One year,100.05,5299.65,Fiber optic,Credit card (automatic),Premium (>$95),No,4478,0.23697916993932933,0,Very Low Risk
7515-LODFU,69,Two year,20.3,1356.3,No,Credit card (automatic),Low (<$35),No,4042,0.023634770987380063,0,Very Low Risk
0440-UEDAI,53,One year,94.45,5042.75,Fiber optic,Credit card (automatic),High ($65-95),No,5452,0.22397582398161348,0,Very Low Risk
1337-BOZWO,18,One year,46.4,812.4,DSL,Credit card (automatic),Medium ($35-65),No,4003,0.08059553250979935,0,Very Low Risk
0868-VJRDR,64,Two year,104.05,6605.55,Fiber optic,Credit card (automatic),Premium (>$95),No,4337,0.12100878992104196,0,Very Low Risk
6344-SFJVH,20,Month-to-month,24.9,505.95,DSL,Credit card (automatic),Low (<$35),No,5942,0.36575041875942704,0,Low Risk
3950-VPYJB,57,One year,59.6,3509.4,DSL,Mailed check,Medium ($35-65),No,4778,0.016961861567736054,0,Very Low Risk
8041-TMEID,63,Two year,108.5,6991.9,Fiber optic,Credit card (automatic),Premium (>$95),No,6453,0.10205323355803689,0,Very Low Risk
7321-ZNSLA,13,Two year,40.55,590.35,DSL,Mailed check,Medium ($35-65),No,2898,0.03250524209074339,0,Very Low Risk
6941-KXRRV,48,One year,58.95,2789.7,DSL,Bank transfer (automatic),Medium ($35-65),No,4815,0.24130526137190092,0,Very Low Risk
8727-JQFHV,57,Two year,20.75,1123.15,No,Mailed check,Low (<$35),No,4937,0.0031285984367762504,0,Very Low Risk
9475-NNDGC,71,One year,113.15,7953.25,Fiber optic,Bank transfer (automatic),Premium (>$95),No,4068,0.33348448516841617,0,Low Risk
1355-KUSBG,7,Month-to-month,48.8,349.8,DSL,Electronic check,Medium ($35-65),No,4785,0.28618130126236924,0,Low Risk
3688-FTHLT,16,Month-to-month,63.05,1067.05,DSL,Bank transfer (automatic),Medium ($35-65),No,3214,0.5461362635424714,1,Medium Risk
0899-LIIBW,34,Month-to-month,100.85,3527.3,Fiber optic,Electronic check,Premium (>$95),No,5891,0.6214169313093317,1,Medium Risk
1384-RCUXW,16,Month-to-month,80.55,1248.9,Fiber optic,Mailed check,High ($65-95),No,5183,0.5556421359745959,1,Medium Risk
5825-XJOCM,48,One year,64.4,3035.35,DSL,Bank transfer (automatic),Medium ($35-65),No,2545,0.0878632767361848,0,Very Low Risk
6848-YLDFR,58,One year,75.2,4300.8,DSL,Credit card (automatic),High ($65-95),No,4559,0.06694510048640491,0,Very Low Risk
8125-QPFJD,72,Two year,84.9,6065.3,DSL,Bank transfer (automatic),High ($65-95),No,4447,0.02167125437071696,0,Very Low Risk
2320-YKQBO,7,Month-to-month,19.3,144.95,No,Mailed check,Low (<$35),No,4764,0.21359240229207777,0,Very Low Risk
4973-RLZVI,30,One year,74.65,2308.6,DSL,Credit card (automatic),High ($65-95),No,5616,0.13082356754212482,0,Very Low Risk
7869-ZYDST,31,Month-to-month,59.05,1882.8,DSL,Credit card (automatic),Medium ($35-65),No,5841,0.32211730015131457,0,Low Risk
4501-UYKBC,46,One year,69.1,3255.35,DSL,Credit card (automatic),High ($65-95),No,3856,0.23370043085294545,0,Very Low Risk
1215-EXRMO,50,Two year,20.55,1067.65,No,Mailed check,Low (<$35),No,4745,0.028123759604740416,0,Very Low Risk
2305-MRGLV,28,Month-to-month,76.55,2065.4,Fiber optic,Bank transfer (automatic),High ($65-95),No,2085,0.3128517424021781,0,Low Risk
8404-VIOMB,66,Two year,62.5,4136.4,DSL,Bank transfer (automatic),Medium ($35-65),No,4165,0.02019188108663196,0,Very Low Risk
2359-KLTEK,41,Month-to-month,94.9,3848.0,Fiber optic,Bank transfer (automatic),High ($65-95),No,3539,0.13993747123906297,0,Very Low Risk
5304-EFJLP,72,Two year,111.65,8022.85,Fiber optic,Bank transfer (automatic),Premium (>$95),No,4406,0.13471845644350183,0,Very Low Risk
2673-ZALNP,7,One year,19.9,173.15,No,Mailed check,Low (<$35),No,2750,0.11552837979328878,0,Very Low Risk
9184-GALIL,38,Month-to-month,20.45,781.25,No,Mailed check,Low (<$35),No,5587,0.03765824458532454,0,Very Low Risk
4393-RYCRE,44,One year,106.05,4510.8,Fiber optic,Electronic check,Premium (>$95),No,4588,0.30594701515409883,0,Low Risk
9746-MDMBK,47,One year,113.45,5317.8,Fiber optic,Bank transfer (automatic),Premium (>$95),No,3729,0.09661417914713867,0,Very Low Risk
3162-ZJZFU,53,Month-to-month,92.55,4779.45,Fiber optic,Electronic check,High ($65-95),No,4700,0.0820606310788652,0,Very Low Risk
8404-GFGCZ,4,Month-to-month,65.6,250.1,DSL,Electronic check,High ($65-95),No,4552,0.5280687338333644,1,Medium Risk
8875-AKBYH,20,Month-to-month,84.35,1745.2,Fiber optic,Electronic check,High ($65-95),No,4915,0.8490084415963082,1,High Risk
0533-UCAAU,57,One year,71.1,4140.1,DSL,Credit card (automatic),High ($65-95),No,5462,0.13291181062999077,0,Very Low Risk
1394-SUIUH,44,Month-to-month,85.15,3670.5,Fiber optic,Electronic check,High ($65-95),No,2672,0.330790942227588,0,Low Risk
3521-MNKLV,24,Month-to-month,49.7,1167.8,DSL,Mailed check,Medium ($35-65),No,5832,0.42820752344616375,0,Low Risk
2533-TIBIX,15,Month-to-month,30.2,469.65,DSL,Bank transfer (automatic),Low (<$35),No,5825,0.16986273729585666,0,Very Low Risk
5092-STPKP,24,Month-to-month,56.35,1381.2,DSL,Credit card (automatic),Medium ($35-65),No,5128,0.16548102483186128,0,Very Low Risk
0114-PEGZZ,33,Month-to-month,107.55,3645.5,Fiber optic,Electronic check,Premium (>$95),No,4800,0.4656363373892114,0,Low Risk
3359-DSRKA,58,Two year,19.85,1158.85,No,Mailed check,Low (<$35),No,6440,0.005932807241178081,0,Very Low Risk
8639-NHQEI,72,Two year,95.9,6954.15,Fiber optic,Bank transfer (automatic),Premium (>$95),No,4213,0.014825578185500319,0,Very Low Risk
7161-DFHUF,71,Two year,23.85,1672.1,No,Mailed check,Low (<$35),No,6166,0.013561154477736594,0,Very Low Risk
3720-DBRWL,51,Two year,83.85,4307.1,DSL,Credit card (automatic),High ($65-95),No,5703,0.022156701024199817,0,Very Low Risk
8565-WUXZU,72,Two year,84.8,6141.65,Fiber optic,Credit card (automatic),High ($65-95),No,4240,0.05178556809306179,0,Very Low Risk
4994-OBRSZ,14,Two year,76.1,1054.8,DSL,Bank transfer (automatic),High ($65-95),No,2045,0.025065729543896423,0,Very Low Risk
0562-FGDCR,72,Two year,74.55,5430.65,DSL,Mailed check,High ($65-95),No,4703,0.004100560253328043,0,Very Low Risk
2436-QBZFP,22,Month-to-month,39.2,849.9,DSL,Electronic check,Medium ($35-65),No,3288,0.17588663489996514,0,Very Low Risk
3420-YJLQT,2,Month-to-month,79.55,151.75,Fiber optic,Electronic check,High ($65-95),No,5965,0.6443362032250792,1,Medium Risk
6040-CGACY,15,Month-to-month,19.6,299.4,No,Mailed check,Low (<$35),No,3195,0.22787540330362335,0,Very Low Risk
6582-PLFUU,51,Two year,19.55,1086.75,No,Credit card (automatic),Low (<$35),No,5974,0.0019278010050613288,0,Very Low Risk
8242-PDSGJ,70,Two year,39.15,2692.75,DSL,Credit card (automatic),Medium ($35-65),No,5840,0.020829894173699515,0,Very Low Risk
0264-CNITK,71,Two year,20.1,1389.6,No,Bank transfer (automatic),Low (<$35),No,5043,0.0025019084362933558,0,Very Low Risk
0089-IIQKO,39,Month-to-month,99.95,3767.4,Fiber optic,Credit card (automatic),Premium (>$95),No,4447,0.12420867706835531,0,Very Low Risk
7839-NUIAA,61,Month-to-month,59.8,3641.5,DSL,Electronic check,Medium ($35-65),No,5381,0.06351030172761069,0,Very Low Risk
6075-QMNRR,52,Month-to-month,49.75,2535.55,DSL,Bank transfer (automatic),Medium ($35-65),No,6334,0.2140376224824937,0,Very Low Risk
5966-EMAZU,64,One year,108.5,6880.85,Fiber optic,Mailed check,Premium (>$95),No,4576,0.24720591180298768,0,Very Low Risk
0440-EKDCF,62,Two year,60.15,3753.2,DSL,Credit card (automatic),Medium ($35-65),No,4404,0.029724217208579668,0,Very Low Risk
4774-HHGGS,30,Two year,19.05,637.55,No,Mailed check,Low (<$35),No,2347,0.036717097034199356,0,Very Low Risk
2055-BFOCC,63,One year,84.0,5329.55,DSL,Bank transfer (automatic),High ($65-95),No,5688,0.11671752220277787,0,Very Low Risk
8180-AKMJV,1,Month-to-month,44.55,44.55,DSL,Credit card (automatic),Medium ($35-65),No,5825,0.6547296812248024,1,Medium Risk
4298-OYIFC,15,Month-to-month,103.45,1539.8,Fiber optic,Electronic check,Premium (>$95),No,5640,0.7335951058929957,1,Medium Risk
5566-SOEZD,27,One year,80.65,2209.75,Fiber optic,Credit card (automatic),High ($65-95),No,5856,0.07539005377591812,0,Very Low Risk
9842-EFSYY,4,Month-to-month,57.2,223.75,DSL,Mailed check,Medium ($35-65),No,2421,0.30389064665265797,0,Low Risk
2272-WUSPA,72,Two year,110.75,7751.7,Fiber optic,Electronic check,Premium (>$95),No,4848,0.1075685742896269,0,Very Low Risk
4584-LBNMK,45,One year,24.7,1174.35,No,Credit card (automatic),Low (<$35),No,5644,0.027212681440527922,0,Very Low Risk
3898-GUYTS,45,Month-to-month,97.05,4385.05,Fiber optic,Electronic check,Premium (>$95),No,4735,0.43845464269944884,0,Low Risk
0930-EHUZA,36,One year,76.35,2606.35,DSL,Mailed check,High ($65-95),No,4771,0.10433014402625133,0,Very Low Risk
9975-SKRNR,1,Month-to-month,18.9,18.9,No,Mailed check,Low (<$35),No,4480,0.408531084403511,0,Low Risk
3703-KBKZP,16,Month-to-month,74.45,1261.35,Fiber optic,Bank transfer (automatic),High ($65-95),No,5111,0.614009884443816,1,Medium Risk
4973-MGTON,71,Two year,84.4,5969.3,DSL,Credit card (automatic),High ($65-95),No,5619,0.011135016991745,0,Very Low Risk
3682-YEUWS,10,Month-to-month,24.4,253.9,No,Mailed check,Low (<$35),No,4458,0.08505693827509361,0,Very Low Risk
1223-UNPKS,20,Two year,20.05,400.0,No,Mailed check,Low (<$35),No,4328,0.0056527683328578375,0,Very Low Risk
3446-QDSZF,4,Month-to-month,55.5,227.35,DSL,Credit card (automatic),Medium ($35-65),No,2328,0.4794547450755662,0,Low Risk
5117-IFGPS,29,Month-to-month,84.3,2357.75,Fiber optic,Electronic check,High ($65-95),No,2217,0.780076637272744,1,High Risk
7379-FNIUJ,2,Month-to-month,100.2,198.5,Fiber optic,Electronic check,Premium (>$95),No,4855,0.4694435569543923,0,Low Risk
1627-AFWVJ,29,Two year,19.4,554.25,No,Mailed check,Low (<$35),No,2265,0.04408500211543429,0,Very Low Risk
4486-EFAEB,13,Month-to-month,20.4,251.65,No,Electronic check,Low (<$35),No,2486,0.1209146470075267,0,Very Low Risk
0060-FUALY,59,Month-to-month,94.75,5597.65,Fiber optic,Electronic check,High ($65-95),No,5238,0.3916936112749427,0,Low Risk
6954-OOYZZ,18,Month-to-month,44.35,768.05,DSL,Bank transfer (automatic),Medium ($35-65),No,2935,0.4440035571374614,0,Low Risk
7088-FBAWU,17,Month-to-month,74.55,1215.8,DSL,Mailed check,High ($65-95),No,4451,0.0894969296059351,0,Very Low Risk
8313-AFGBW,47,Two year,73.6,3522.65,DSL,Electronic check,High ($65-95),No,4795,0.15001954408158605,0,Very Low Risk
3097-IDVPU,19,Month-to-month,50.1,910.45,DSL,Credit card (automatic),Medium ($35-65),No,5749,0.1320443637571561,0,Very Low Risk
2197-OMWGI,68,Two year,53.0,3656.25,DSL,Electronic check,Medium ($35-65),No,5583,0.10737949324234292,0,Very Low Risk
2303-PJYHN,2,Month-to-month,19.85,52.0,No,Bank transfer (automatic),Low (<$35),No,4107,0.3227089730325433,0,Low Risk
9795-VOWON,7,One year,24.35,150.85,DSL,Credit card (automatic),Low (<$35),No,4665,0.2909270268811528,0,Low Risk
1237-WIYYZ,18,Month-to-month,19.55,389.25,No,Mailed check,Low (<$35),No,2386,0.19121734884370375,0,Very Low Risk
1987-AUELQ,71,Two year,25.05,1873.7,No,Credit card (automatic),Low (<$35),No,6334,0.007693276826851975,0,Very Low Risk
7852-LECYP,13,Month-to-month,93.8,1261.0,Fiber optic,Credit card (automatic),High ($65-95),No,5870,0.3448396374845349,0,Low Risk
4822-LPTYJ,72,Two year,103.75,7346.2,Fiber optic,Bank transfer (automatic),Premium (>$95),No,4655,0.24397717253439333,0,Very Low Risk
8165-CBKXO,66,Two year,56.75,3708.4,DSL,Credit card (automatic),Medium ($35-65),No,5748,0.015366258177705774,0,Very Low Risk
6527-PZFPV,24,One year,20.8,469.65,No,Credit card (automatic),Low (<$35),No,4654,0.02822663065731714,0,Very Low Risk
9593-CVZKR,56,Two year,24.45,1385.85,No,Mailed check,Low (<$35),No,5577,0.01627991200791178,0,Very Low Risk
8595-SIZNC,22,One year,25.6,548.8,No,Bank transfer (automatic),Low (<$35),No,2628,0.04817173010959164,0,Very Low Risk
5236-XMZJY,42,Month-to-month,59.65,2536.55,DSL,Bank transfer (automatic),Medium ($35-65),No,3048,0.19629238272418775,0,Very Low Risk
4827-DPADN,72,Two year,83.3,6042.7,DSL,Bank transfer (automatic),High ($65-95),No,4505,0.006268522816320662,0,Very Low Risk
2694-CIUMO,12,Month-to-month,79.55,958.25,Fiber optic,Credit card (automatic),High ($65-95),No,3445,0.5635106125844647,1,Medium Risk
5846-ABOBJ,71,Two year,24.45,1730.65,No,Bank transfer (automatic),Low (<$35),No,4766,0.009851436922867525,0,Very Low Risk
1439-LCGVL,26,One year,19.2,459.6,No,Mailed check,Low (<$35),No,3656,0.051845321622096076,0,Very Low Risk
0909-SDHNU,7,Month-to-month,29.8,201.95,DSL,Mailed check,Low (<$35),No,4236,0.19378841386226323,0,Very Low Risk
4647-XXZAM,6,Month-to-month,45.5,285.2,DSL,Mailed check,Medium ($35-65),No,5450,0.2431259378414227,0,Very Low Risk
7740-KKCXF,51,Month-to-month,30.05,1529.45,DSL,Credit card (automatic),Low (<$35),No,5045,0.24803132293768113,0,Very Low Risk
5360-XGYAZ,72,Two year,65.65,4664.5,DSL,Bank transfer (automatic),High ($65-95),No,4934,0.0031782545689701897,0,Very Low Risk
3557-HTYWR,47,Two year,74.05,3496.3,DSL,Mailed check,High ($65-95),No,2831,0.03692868942589918,0,Very Low Risk
8920-NAVAY,62,One year,110.75,7053.35,Fiber optic,Bank transfer (automatic),Premium (>$95),No,5166,0.36340193007311183,0,Low Risk
1699-TLDLZ,16,Two year,19.7,301.55,No,Mailed check,Low (<$35),No,5293,0.011357657495719457,0,Very Low Risk
5600-PDUJF,6,Month-to-month,49.5,312.7,DSL,Credit card (automatic),Medium ($35-65),No,5552,0.41718228197232965,0,Low Risk
0567-XRHCU,69,Two year,43.95,2960.1,DSL,Credit card (automatic),Medium ($35-65),No,4479,0.015311987714546685,0,Very Low Risk
2067-QYTCF,64,Month-to-month,111.15,6953.4,Fiber optic,Electronic check,Premium (>$95),No,5455,0.4413122301945583,0,Low Risk
7407-SUJIZ,25,Month-to-month,20.6,541.5,No,Mailed check,Low (<$35),No,2305,0.1439090848781954,0,Very Low Risk
9150-KPBJQ,6,Two year,19.65,116.85,No,Credit card (automatic),Low (<$35),No,3945,0.1263558715667805,0,Very Low Risk
0052-DCKON,66,One year,115.8,7942.15,Fiber optic,Bank transfer (automatic),Premium (>$95),No,5845,0.24208959836742633,0,Very Low Risk
3654-ARMGP,61,Two year,88.65,5321.25,DSL,Credit card (automatic),High ($65-95),No,4730,0.019653024073407827,0,Very Low Risk
9699-UBQFS,43,Month-to-month,94.5,4156.8,Fiber optic,Electronic check,High ($65-95),No,4745,0.4776203656619794,0,Low Risk
9367-TCUYN,12,Month-to-month,20.1,223.6,No,Mailed check,Low (<$35),No,5179,0.28605442992752783,0,Low Risk
1261-FWTTE,23,Month-to-month,34.65,768.45,DSL,Bank transfer (automatic),Low (<$35),No,2307,0.518156653725251,1,Medium Risk
3528-HFRIQ,71,Month-to-month,52.3,3765.05,DSL,Bank transfer (automatic),Medium ($35-65),No,5491,0.315687619525072,0,Low Risk
0708-SJDIS,34,Month-to-month,65.0,2157.5,DSL,Mailed check,Medium ($35-65),No,5567,0.21610447426011448,0,Very Low Risk
2073-QBVBI,41,One year,35.45,1391.65,DSL,Mailed check,Medium ($35-65),No,2954,0.1749554125204308,0,Very Low Risk
6928-ONTRW,72,Two year,19.7,1379.8,No,Credit card (automatic),Low (<$35),No,5451,0.0008370713646668759,0,Very Low Risk
3320-VEOYC,14,Month-to-month,95.6,1273.3,Fiber optic,Electronic check,Premium (>$95),No,3502,0.8718657484135923,1,High Risk
5231-FIQPA,41,Two year,19.85,810.45,No,Mailed check,Low (<$35),No,3523,0.03945265996311868,0,Very Low Risk
6617-WLBQC,23,One year,81.85,1810.85,Fiber optic,Credit card (automatic),High ($65-95),No,5939,0.05903730696063352,0,Very Low Risk
2599-CIPQE,71,Two year,109.3,7782.85,Fiber optic,Credit card (automatic),Premium (>$95),No,5737,0.013807557064940374,0,Very Low Risk
8774-GSBUN,72,Two year,25.4,1797.1,No,Mailed check,Low (<$35),No,6011,0.008373741979495414,0,Very Low Risk
7326-RIGQZ,6,Month-to-month,69.8,377.85,Fiber optic,Electronic check,High ($65-95),No,2651,0.37804560501389917,0,Low Risk
1401-FTHFQ,23,One year,20.0,445.3,No,Credit card (automatic),Low (<$35),No,2170,0.018724705873070503,0,Very Low Risk
0254-FNMCI,72,Two year,109.9,7624.2,Fiber optic,Electronic check,Premium (>$95),No,5234,0.087481525682598,0,Very Low Risk
1848-LBZHY,7,Month-to-month,50.3,355.1,DSL,Bank transfer (automatic),Medium ($35-65),No,2547,0.3678560827093673,0,Low Risk
8118-TJAFG,9,Month-to-month,101.5,906.85,Fiber optic,Electronic check,Premium (>$95),No,2757,0.29751356361720643,0,Low Risk
5429-LWCMV,12,Month-to-month,89.15,1057.55,Fiber optic,Electronic check,High ($65-95),No,4041,0.8057819133925562,1,High Risk
7298-IZWLY,1,Month-to-month,19.4,19.4,No,Mailed check,Low (<$35),No,2742,0.5792199067268912,1,Medium Risk
9758-MFWGD,48,One year,29.9,1388.75,DSL,Bank transfer (automatic),Low (<$35),No,2617,0.24214354576162936,0,Very Low Risk
3955-JBZZM,20,Month-to-month,78.8,1641.3,Fiber optic,Electronic check,High ($65-95),No,2317,0.6291548038572855,1,Medium Risk
4815-TUMEQ,10,One year,19.3,185.2,No,Mailed check,Low (<$35),No,4190,0.07735969701552593,0,Very Low Risk
9909-IDLEK,20,Month-to-month,96.8,1826.7,Fiber optic,Mailed check,Premium (>$95),No,3222,0.12025891471755625,0,Very Low Risk
4092-OFQZS,20,One year,20.65,417.5,No,Mailed check,Low (<$35),No,4147,0.024544889235480146,0,Very Low Risk
1561-BWHIN,19,One year,19.8,344.5,No,Mailed check,Low (<$35),No,4464,0.016850110157887017,0,Very Low Risk
9927-DSWDF,22,Month-to-month,104.6,2180.55,Fiber optic,Electronic check,Premium (>$95),No,2429,0.6276070085679955,1,Medium Risk
9500-LTVBP,35,Month-to-month,80.05,2835.9,Fiber optic,Credit card (automatic),High ($65-95),No,3999,0.37221672981684656,0,Low Risk
7252-NTGSS,1,Month-to-month,45.15,45.15,DSL,Mailed check,Medium ($35-65),No,4131,0.6118015644126283,1,Medium Risk
8149-AIQCG,39,Month-to-month,73.15,2730.85,Fiber optic,Credit card (automatic),High ($65-95),No,3271,0.4726881035369705,0,Low Risk
1360-JYXKQ,54,One year,99.1,5437.1,Fiber optic,Electronic check,Premium (>$95),No,4118,0.38130651173637864,0,Low Risk
0899-WZRSD,56,Month-to-month,105.35,5794.45,Fiber optic,Mailed check,Premium (>$95),No,5680,0.29336716069033847,0,Low Risk
3255-GRXMG,18,Month-to-month,45.65,747.2,DSL,Credit card (automatic),Medium ($35-65),No,4403,0.18853607035363307,0,Very Low Risk
4828-FAZPK,16,Month-to-month,79.95,1267.95,Fiber optic,Credit card (automatic),High ($65-95),No,3855,0.1786887802984271,0,Very Low Risk
6094-ZIVKX,68,One year,54.45,3674.95,DSL,Credit card (automatic),Medium ($35-65),No,6309,0.08490846954541549,0,Very Low Risk
6925-BAYGL,53,Two year,25.1,1275.6,No,Credit card (automatic),Low (<$35),No,5295,0.03450148238468369,0,Very Low Risk
3262-EIDHV,72,Two year,84.7,5893.9,DSL,Credit card (automatic),High ($65-95),No,6375,0.004556696731584643,0,Very Low Risk
7354-OIJLX,9,Month-to-month,75.85,724.65,Fiber optic,Electronic check,High ($65-95),No,5212,0.8616019710623475,1,High Risk
1376-HHBDV,30,Month-to-month,48.8,1536.75,DSL,Mailed check,Medium ($35-65),No,4864,0.26252436285234176,0,Low Risk
6133-OZILE,18,Month-to-month,35.2,607.3,DSL,Electronic check,Medium ($35-65),No,5381,0.4503940600339423,0,Low Risk
4135-FRWKJ,55,One year,76.25,4154.55,DSL,Electronic check,High ($65-95),No,4319,0.06191295035366129,0,Very Low Risk
6551-ZCOTS,33,One year,24.9,847.8,No,Bank transfer (automatic),Low (<$35),No,5756,0.0441272381133485,0,Very Low Risk
7191-ADRGF,44,Two year,54.3,2390.45,DSL,Bank transfer (automatic),Medium ($35-65),No,3222,0.156105496205726,0,Very Low Risk
5018-LXQQG,30,Month-to-month,66.3,1923.5,DSL,Bank transfer (automatic),High ($65-95),No,4631,0.08367468743086279,0,Very Low Risk
6892-BOGQE,71,Two year,20.9,1493.2,No,Bank transfer (automatic),Low (<$35),No,4030,0.02007988377780058,0,Very Low Risk
1746-TGTWV,1,Month-to-month,75.35,75.35,Fiber optic,Credit card (automatic),High ($65-95),No,3514,0.43803044093920207,0,Low Risk
5995-SNNEW,23,Month-to-month,104.45,2184.85,Fiber optic,Electronic check,Premium (>$95),No,5883,0.7673659027632599,1,High Risk
8050-WYBND,22,One year,49.45,1031.4,DSL,Credit card (automatic),Medium ($35-65),No,5941,0.1456851172858382,0,Very Low Risk
2821-WARNZ,49,One year,19.45,921.3,No,Credit card (automatic),Low (<$35),No,4170,0.0312138633103191,0,Very Low Risk
4879-GZLFH,42,Month-to-month,92.15,3875.4,Fiber optic,Electronic check,High ($65-95),No,5697,0.17247280411306615,0,Very Low Risk
8314-HTWVE,7,Two year,19.85,144.15,No,Mailed check,Low (<$35),No,3973,0.024890674206011036,0,Very Low Risk
9402-ROUMJ,67,One year,100.25,6689.0,Fiber optic,Bank transfer (automatic),Premium (>$95),No,5588,0.07060835616499289,0,Very Low Risk
2507-QZPQS,15,Month-to-month,95.7,1451.1,Fiber optic,Electronic check,Premium (>$95),No,4999,0.45116163567306033,0,Low Risk
7159-NOKYQ,67,Two year,93.15,6368.2,Fiber optic,Electronic check,High ($65-95),No,4001,0.3062402538780408,0,Low Risk
5707-ZMDJP,53,Two year,69.7,3729.6,DSL,Mailed check,High ($65-95),No,4590,0.010686227702874194,0,Very Low Risk
8779-YIQQA,21,One year,19.8,350.1,No,Mailed check,Low (<$35),No,3243,0.016903140460917322,0,Very Low Risk
7136-IHZJA,40,Month-to-month,71.35,2847.2,DSL,Mailed check,High ($65-95),No,5807,0.055953857315307214,0,Very Low Risk
8966-OIQHG,22,One year,20.75,452.35,No,Bank transfer (automatic),Low (<$35),No,2258,0.034313377994509925,0,Very Low Risk
7074-STDCN,39,Month-to-month,40.6,1494.5,DSL,Electronic check,Medium ($35-65),No,4436,0.2975767798462514,0,Low Risk
8739-QOTTN,2,Month-to-month,20.35,41.85,No,Mailed check,Low (<$35),No,5761,0.33338846142418577,0,Low Risk
1399-OUPJN,57,Two year,19.75,1272.05,No,Bank transfer (automatic),Low (<$35),No,4235,0.008905473287016748,0,Very Low Risk
0277-BKSQP,8,Month-to-month,54.4,475.1,DSL,Electronic check,Medium ($35-65),No,4854,0.317711259695186,0,Low Risk
5774-XZTQC,7,Month-to-month,20.45,150.75,No,Mailed check,Low (<$35),No,4484,0.10395425587552534,0,Very Low Risk
2676-SSLTO,49,Two year,66.15,3199.0,DSL,Bank transfer (automatic),High ($65-95),No,6138,0.06822639475608538,0,Very Low Risk
6266-QHOJZ,65,One year,89.85,5844.65,Fiber optic,Electronic check,High ($65-95),No,6421,0.14255093360202095,0,Very Low Risk
7269-JISCY,55,One year,45.05,2462.6,DSL,Bank transfer (automatic),Medium ($35-65),No,4055,0.09442173618403803,0,Very Low Risk
0363-SVHYR,71,Two year,86.85,6263.8,DSL,Bank transfer (automatic),High ($65-95),No,6452,0.0025896880620742933,0,Very Low Risk
8547-NSBBO,35,Month-to-month,96.75,3403.4,Fiber optic,Mailed check,Premium (>$95),No,5154,0.2378111798465669,0,Very Low Risk
6591-QGOYB,17,Month-to-month,106.65,1672.1,Fiber optic,Bank transfer (automatic),Premium (>$95),No,2754,0.3763634695340905,0,Low Risk
9070-BCKQP,72,Two year,110.15,7881.2,Fiber optic,Credit card (automatic),Premium (>$95),No,4498,0.09928030469378905,0,Very Low Risk
6421-SZVEM,28,One year,82.85,2320.8,Fiber optic,Bank transfer (automatic),High ($65-95),No,5802,0.09935167139324158,0,Very Low Risk
1328-EUZHC,18,Two year,20.1,370.5,No,Mailed check,Low (<$35),No,4329,0.05187858534870091,0,Very Low Risk
8878-RYUKI,52,Month-to-month,59.45,3043.7,DSL,Electronic check,Medium ($35-65),No,6107,0.4126064016306215,0,Low Risk
9633-DENPU,47,Month-to-month,58.6,2723.4,DSL,Bank transfer (automatic),Medium ($35-65),No,2613,0.3460520319428676,0,Low Risk
7811-JIVPF,23,Month-to-month,49.7,1081.25,DSL,Credit card (automatic),Medium ($35-65),No,4790,0.2737225207811345,0,Low Risk
7113-HIPFI,66,Two year,65.85,4097.05,DSL,Mailed check,High ($65-95),No,5500,0.007697037397514361,0,Very Low Risk
8541-QVFKM,8,Month-to-month,73.5,632.2,Fiber optic,Electronic check,High ($65-95),No,5777,0.8614268523393116,1,High Risk
9258-CNWAC,71,Two year,113.65,8166.8,Fiber optic,Credit card (automatic),Premium (>$95),No,6208,0.0058116179023301635,0,Very Low Risk
5371-VYLSX,50,Month-to-month,83.4,4113.7,Fiber optic,Electronic check,High ($65-95),No,4977,0.35841891096608036,0,Low Risk
6374-AFWOX,46,Two year,65.65,3047.15,DSL,Mailed check,High ($65-95),No,2680,0.040376565310034966,0,Very Low Risk
5317-FLPJF,66,Two year,61.35,4193.4,DSL,Bank transfer (automatic),Medium ($35-65),No,4824,0.031873338702204414,0,Very Low Risk
7621-VPNET,42,Month-to-month,85.9,3729.75,Fiber optic,Credit card (automatic),High ($65-95),No,2219,0.4191002834675268,0,Low Risk
6034-YMTOB,5,Month-to-month,75.65,399.45,Fiber optic,Mailed check,High ($65-95),No,2296,0.6428503991256784,1,Medium Risk
4903-CNOZC,29,One year,70.9,1964.6,DSL,Credit card (automatic),High ($65-95),No,2064,0.16900405867292076,0,Very Low Risk
4353-HYOJD,27,Month-to-month,49.85,1336.15,DSL,Mailed check,Medium ($35-65),No,5580,0.12575911438813434,0,Very Low Risk
7267-FRMJW,25,Two year,20.1,486.05,No,Mailed check,Low (<$35),No,5306,0.006179804660737445,0,Very Low Risk
4188-FRABG,57,Month-to-month,103.05,5925.75,Fiber optic,Electronic check,Premium (>$95),No,5586,0.33540148601761816,0,Low Risk
4128-ETESU,47,Month-to-month,99.7,4747.2,Fiber optic,Electronic check,Premium (>$95),No,4787,0.602884471588831,1,Medium Risk
0620-DLSLK,13,Month-to-month,81.9,1028.9,Fiber optic,Mailed check,High ($65-95),No,2054,0.6516274395539444,1,Medium Risk
3850-OKINF,71,One year,66.2,4692.55,DSL,Electronic check,High ($65-95),No,4756,0.07021322152013995,0,Very Low Risk
1156-ZFYDO,1,Month-to-month,19.75,19.75,No,Electronic check,Low (<$35),No,3666,0.41919908175138637,0,Low Risk
3295-YVUSR,2,Month-to-month,72.6,154.3,Fiber optic,Mailed check,High ($65-95),No,5098,0.75901038562797,1,High Risk
8016-NCFVO,55,Month-to-month,116.5,6382.55,Fiber optic,Electronic check,Premium (>$95),No,4222,0.2946620748248956,0,Low Risk
4119-ZYPZY,71,Two year,106.8,7623.2,Fiber optic,Electronic check,Premium (>$95),No,6423,0.17732824337273612,0,Very Low Risk
5549-ZGHFB,50,Two year,24.95,1261.45,No,Mailed check,Low (<$35),No,6019,0.002294799917709964,0,Very Low Risk
7577-SWIFR,1,Month-to-month,89.25,89.25,Fiber optic,Electronic check,High ($65-95),No,5579,0.8879128940673973,1,High Risk
0303-WMMRN,5,Month-to-month,19.25,86.05,No,Mailed check,Low (<$35),No,3056,0.23325646463689226,0,Very Low Risk
6408-OTUBZ,66,One year,104.55,6779.05,Fiber optic,Bank transfer (automatic),Premium (>$95),No,4494,0.18260758585942477,0,Very Low Risk
5204-HMGYF,49,One year,87.2,4345.0,DSL,Mailed check,High ($65-95),No,4567,0.04340763432710444,0,Very Low Risk
1078-TDCRN,3,Month-to-month,30.75,82.85,DSL,Electronic check,Low (<$35),No,4133,0.5671720257124166,1,Medium Risk
3727-OVPRY,66,One year,25.7,1714.55,No,Credit card (automatic),Low (<$35),No,5517,0.018380814330970788,0,Very Low Risk
3797-FKOGQ,11,Month-to-month,86.2,893.2,Fiber optic,Electronic check,High ($65-95),No,3157,0.3269921991584821,0,Low Risk
7622-NXQZR,28,Month-to-month,30.1,810.85,DSL,Credit card (automatic),Low (<$35),No,2653,0.2833477468746315,0,Low Risk
6196-HBOBZ,65,Two year,99.35,6347.55,Fiber optic,Electronic check,Premium (>$95),No,6300,0.16574288596436001,0,Very Low Risk
3970-XGJDU,62,Two year,19.2,1123.65,No,Credit card (automatic),Low (<$35),No,4937,0.021480345831614383,0,Very Low Risk
7017-VFULY,2,Month-to-month,20.1,43.15,No,Bank transfer (automatic),Low (<$35),No,4158,0.33565624632024865,0,Low Risk
5562-YJQGT,2,Month-to-month,20.35,35.1,No,Credit card (automatic),Low (<$35),No,3746,0.22061248090371408,0,Very Low Risk
8807-OPMBM,55,Two year,25.65,1388.0,No,Credit card (automatic),Low (<$35),No,4466,0.02860758917109267,0,Very Low Risk
5439-WIKXB,41,Month-to-month,94.55,3851.45,Fiber optic,Electronic check,High ($65-95),No,4914,0.643680110296944,1,Medium Risk
8294-UIMBA,30,One year,94.4,2638.1,Fiber optic,Bank transfer (automatic),High ($65-95),No,4584,0.257761766105799,0,Low Risk
8109-YUOHE,17,One year,56.1,946.95,DSL,Mailed check,Medium ($35-65),No,5025,0.10616630852824306,0,Very Low Risk
5840-NVDCG,16,Two year,68.25,1114.85,DSL,Bank transfer (automatic),High ($65-95),No,3559,0.02113384965915154,0,Very Low Risk
8092-NLTGF,72,Two year,24.75,1777.6,No,Bank transfer (automatic),Low (<$35),No,5398,0.014991268001540428,0,Very Low Risk
5928-QLDHB,9,Month-to-month,76.25,684.85,Fiber optic,Electronic check,High ($65-95),No,2062,0.8616019710623475,1,High Risk
9840-EFJQB,1,Month-to-month,74.35,74.35,Fiber optic,Electronic check,High ($65-95),No,4237,0.6714648961404341,1,Medium Risk
0696-UKTOX,23,Month-to-month,54.15,1312.45,DSL,Electronic check,Medium ($35-65),No,2496,0.18977458130435715,0,Very Low Risk
4801-KFYKL,8,Month-to-month,19.45,159.2,No,Bank transfer (automatic),Low (<$35),No,4119,0.11391679001220936,0,Very Low Risk
3472-OAOOR,19,Month-to-month,34.95,610.2,DSL,Mailed check,Low (<$35),No,3422,0.1286110399040023,0,Very Low Risk
6135-OZQVA,7,Month-to-month,53.65,404.35,DSL,Electronic check,Medium ($35-65),No,4389,0.523168803128007,1,Medium Risk
2252-JHJGE,61,One year,104.0,6363.45,Fiber optic,Electronic check,Premium (>$95),No,4344,0.318491921834865,0,Low Risk
4188-PCPIG,57,Two year,70.35,4124.65,DSL,Credit card (automatic),High ($65-95),No,5779,0.059151141424843026,0,Very Low Risk
7105-BENQF,15,One year,64.85,950.75,DSL,Mailed check,Medium ($35-65),No,4442,0.07965843969978746,0,Very Low Risk
7721-DVEKZ,1,Month-to-month,19.65,19.65,No,Mailed check,Low (<$35),No,4639,0.5597485978343869,1,Medium Risk
3566-VVORZ,12,Month-to-month,45.9,505.95,DSL,Bank transfer (automatic),Medium ($35-65),No,5790,0.35944274668717413,0,Low Risk
9507-HSMMZ,54,Two year,20.0,1149.65,No,Mailed check,Low (<$35),No,6094,0.04027503283763647,0,Very Low Risk
2480-SQIOB,4,Month-to-month,44.8,169.65,DSL,Electronic check,Medium ($35-65),No,2114,0.4119539877921934,0,Low Risk
7813-TKCVO,20,One year,20.35,393.15,No,Mailed check,Low (<$35),No,4390,0.0452478510464348,0,Very Low Risk
0128-MKWSG,26,Month-to-month,45.8,1147.0,DSL,Mailed check,Medium ($35-65),No,3287,0.11332383179639903,0,Very Low Risk
4350-ZTLPI,53,One year,108.95,5718.2,Fiber optic,Bank transfer (automatic),Premium (>$95),No,4163,0.28539345943705446,0,Low Risk
0361-HJRDX,68,Two year,64.35,4539.6,DSL,Credit card (automatic),Medium ($35-65),No,4146,0.014685926354126317,0,Very Low Risk
5727-MYATE,72,Two year,90.8,6397.6,DSL,Credit card (automatic),High ($65-95),No,5028,0.002435860924128001,0,Very Low Risk
3823-KYNQY,12,One year,24.95,280.4,No,Credit card (automatic),Low (<$35),No,4443,0.07860150860022787,0,Very Low Risk
7570-WELNY,68,Two year,84.7,5711.05,Fiber optic,Bank transfer (automatic),High ($65-95),No,5520,0.08818988866144173,0,Very Low Risk
3021-VLNRJ,50,One year,70.8,3478.15,DSL,Credit card (automatic),High ($65-95),No,4798,0.03352015107724964,0,Very Low Risk
2080-CAZNM,41,Month-to-month,104.4,4133.95,Fiber optic,Electronic check,Premium (>$95),No,4477,0.7105591994926088,1,Medium Risk
1028-FFNJK,30,Month-to-month,101.5,2917.65,Fiber optic,Electronic check,Premium (>$95),No,4828,0.6616513625777349,1,Medium Risk
6907-FLBER,1,Month-to-month,54.3,54.3,DSL,Electronic check,Medium ($35-65),No,3259,0.5633579637907038,1,Medium Risk
3001-UNBTL,29,Month-to-month,103.95,2964.8,Fiber optic,Electronic check,Premium (>$95),No,3733,0.260709329844416,0,Low Risk
5982-PSMKW,23,Two year,91.1,2198.3,DSL,Credit card (automatic),High ($65-95),No,5991,0.019944785598533285,0,Very Low Risk
3507-GASNP,60,Two year,19.95,1189.9,No,Mailed check,Low (<$35),No,5316,0.017752219562372676,0,Very Low Risk
7096-ZNBZI,72,Two year,26.45,1914.5,No,Credit card (automatic),Low (<$35),No,5534,0.007197931385418955,0,Very Low Risk
1676-MQAOA,72,Two year,75.1,5336.35,DSL,Bank transfer (automatic),High ($65-95),No,6284,0.01705719328585127,0,Very Low Risk
0786-IVLAW,66,One year,108.1,7238.6,Fiber optic,Bank transfer (automatic),Premium (>$95),No,4722,0.23839203613561008,0,Very Low Risk
7566-DSRLQ,72,Two year,110.15,7998.8,Fiber optic,Electronic check,Premium (>$95),No,5065,0.11808430025446859,0,Very Low Risk
7245-JMTTQ,51,One year,111.5,5703.25,Fiber optic,Electronic check,Premium (>$95),No,4363,0.3989618317593856,0,Low Risk
6050-IJRHS,70,One year,106.5,7397.0,Fiber optic,Electronic check,Premium (>$95),No,6319,0.13483608045503634,0,Very Low Risk
6202-JVYEU,9,One year,19.9,164.6,No,Electronic check,Low (<$35),No,3643,0.0672247582139539,0,Very Low Risk
8591-TKMZH,59,Two year,111.1,6555.2,Fiber optic,Mailed check,Premium (>$95),No,4952,0.06265503986131132,0,Very Low Risk
0734-OXWBT,3,Month-to-month,70.7,225.65,DSL,Mailed check,High ($65-95),No,2584,0.27185598283552503,0,Low Risk
4282-ACRXS,38,Month-to-month,24.85,955.75,DSL,Electronic check,Low (<$35),No,3511,0.5182593639427175,1,Medium Risk
0365-TRTPY,37,Month-to-month,91.2,3382.3,Fiber optic,Bank transfer (automatic),High ($65-95),No,5135,0.2746126927156529,0,Low Risk
7349-ALMUX,37,Two year,65.6,2313.8,DSL,Bank transfer (automatic),High ($65-95),No,3183,0.04646728147730759,0,Very Low Risk
6502-KUGLL,14,Month-to-month,59.45,780.85,DSL,Bank transfer (automatic),Medium ($35-65),No,5723,0.11201591567959188,0,Very Low Risk
1841-YSJGV,72,Two year,109.95,7852.4,Fiber optic,Credit card (automatic),Premium (>$95),No,6258,0.05682366485411735,0,Very Low Risk
3511-BFTJW,72,Two year,38.5,2763.0,DSL,Credit card (automatic),Medium ($35-65),No,4710,0.020389285837530694,0,Very Low Risk
7668-XCFYV,17,Month-to-month,92.55,1614.7,Fiber optic,Electronic check,High ($65-95),No,3689,0.8119278076140563,1,High Risk
5018-HEKFO,10,Month-to-month,24.5,270.15,No,Mailed check,Low (<$35),No,5594,0.17313276094175367,0,Very Low Risk
2923-ARZLG,0,One year,19.7,0.0,No,Mailed check,Low (<$35),No,4890,0.15508949110222545,0,Very Low Risk
3976-NLDEZ,1,Month-to-month,20.6,20.6,No,Mailed check,Low (<$35),No,5370,0.5474935982352511,1,Medium Risk
2282-YGNOR,29,One year,58.0,1734.5,DSL,Credit card (automatic),Medium ($35-65),No,2810,0.06346424414240294,0,Very Low Risk
5336-UFNZP,65,One year,107.45,7047.5,Fiber optic,Electronic check,Premium (>$95),No,6211,0.13043301190739467,0,Very Low Risk
6854-EXGSF,8,Month-to-month,65.5,573.15,DSL,Bank transfer (automatic),High ($65-95),No,3033,0.3724763841847631,0,Low Risk
1241-EZFMJ,61,Two year,25.45,1538.6,No,Bank transfer (automatic),Low (<$35),No,6015,0.008988285594792035,0,Very Low Risk
9233-PSYHO,45,One year,100.15,4459.8,Fiber optic,Bank transfer (automatic),Premium (>$95),No,2636,0.3440932304564677,0,Low Risk
5376-PCKNB,72,One year,104.45,7459.0,Fiber optic,Credit card (automatic),Premium (>$95),No,4750,0.07698264638421383,0,Very Low Risk
8044-BGWPI,12,Month-to-month,21.15,306.05,No,Electronic check,Low (<$35),No,5209,0.09680882249971663,0,Very Low Risk
4060-LDNLU,7,Month-to-month,96.2,639.7,Fiber optic,Electronic check,Premium (>$95),No,4329,0.7453609182544895,1,Medium Risk
3589-PPVKW,9,Month-to-month,44.4,348.15,DSL,Mailed check,Medium ($35-65),No,5457,0.5430628682448954,1,Medium Risk
5887-IKKYO,58,Two year,94.35,5563.65,Fiber optic,Bank transfer (automatic),High ($65-95),No,4777,0.044858484818550565,0,Very Low Risk
1755-RMCXH,2,Month-to-month,20.3,40.25,No,Mailed check,Low (<$35),No,5113,0.14939207512763958,0,Very Low Risk
3858-XHYJO,40,One year,105.75,4228.55,Fiber optic,Bank transfer (automatic),Premium (>$95),No,4078,0.2770664805814794,0,Low Risk
4299-SIMNS,9,Month-to-month,81.15,784.45,Fiber optic,Electronic check,High ($65-95),No,4544,0.6401406421620609,1,Medium Risk
7025-IWFHT,41,One year,89.55,3729.75,Fiber optic,Electronic check,High ($65-95),No,5549,0.28785149855684133,0,Low Risk
6261-LHRTG,26,Month-to-month,54.75,1406.9,DSL,Credit card (automatic),Medium ($35-65),No,4020,0.3292517671881501,0,Low Risk
7841-FCRQD,33,One year,53.75,1857.3,DSL,Credit card (automatic),Medium ($35-65),No,3160,0.22354835522147648,0,Very Low Risk
2056-EVGZL,68,One year,105.75,7322.5,Fiber optic,Credit card (automatic),Premium (>$95),No,4437,0.048129818506583384,0,Very Low Risk
8777-MBMTS,65,Two year,105.85,6725.5,Fiber optic,Credit card (automatic),Premium (>$95),No,4872,0.1335404329927099,0,Very Low Risk
7753-USQYQ,55,One year,64.2,3627.3,DSL,Electronic check,Medium ($35-65),No,5151,0.16756510408381436,0,Very Low Risk
7661-CPURM,19,One year,87.7,1725.95,Fiber optic,Credit card (automatic),High ($65-95),No,4446,0.2763869875138568,0,Low Risk
6233-HXJMX,45,Month-to-month,89.3,4192.15,Fiber optic,Credit card (automatic),High ($65-95),No,5470,0.5088417252030899,1,Medium Risk
5902-WBLSE,70,Two year,20.15,1411.2,No,Credit card (automatic),Low (<$35),No,5219,0.002550041635218524,0,Very Low Risk
3239-TPHPZ,12,Two year,20.05,264.55,No,Electronic check,Low (<$35),No,5453,0.0541204896245553,0,Very Low Risk
5115-GZDEL,72,Two year,67.2,4671.7,DSL,Credit card (automatic),High ($65-95),No,5592,0.005666615254745357,0,Very Low Risk
3338-CVVEH,12,Month-to-month,94.55,1173.55,Fiber optic,Electronic check,High ($65-95),No,5674,0.6874293836179228,1,Medium Risk
2615-YVMYX,71,Month-to-month,107.5,7713.55,Fiber optic,Electronic check,Premium (>$95),No,5775,0.3708026430881866,0,Low Risk
2851-STERV,35,One year,73.0,2471.25,DSL,Electronic check,High ($65-95),No,2715,0.2535750649124571,0,Low Risk
4393-GEADV,70,Two year,114.75,7842.3,Fiber optic,Credit card (automatic),Premium (>$95),No,5035,0.026350456204822695,0,Very Low Risk
8486-AYEQH,31,Month-to-month,76.05,2227.8,Fiber optic,Electronic check,High ($65-95),No,2421,0.757857152934835,1,High Risk
5419-JKZNQ,30,Month-to-month,77.9,2351.45,Fiber optic,Mailed check,High ($65-95),No,2009,0.4527886706998465,0,Low Risk
2495-KZNFB,33,Month-to-month,90.65,2989.6,Fiber optic,Electronic check,High ($65-95),No,4460,0.5243524136444742,1,Medium Risk
1409-PHXTF,54,Two year,110.45,6077.75,Fiber optic,Electronic check,Premium (>$95),No,4425,0.15671380854636227,0,Very Low Risk
4560-WQAQW,59,One year,68.7,4070.95,DSL,Bank transfer (automatic),High ($65-95),No,4244,0.05599900520017671,0,Very Low Risk
9591-YVTEB,55,Month-to-month,44.85,2479.05,DSL,Electronic check,Medium ($35-65),No,5829,0.3354930438042365,0,Low Risk
9309-BZGNT,69,One year,29.8,2134.3,DSL,Credit card (automatic),Low (<$35),No,5681,0.10907821980207201,0,Very Low Risk
4274-DRSQT,66,One year,88.9,6000.1,Fiber optic,Bank transfer (automatic),High ($65-95),No,5868,0.21158495298689334,0,Very Low Risk
2027-DNKIV,37,One year,58.75,2203.1,DSL,Mailed check,Medium ($35-65),No,3483,0.0385418727075227,0,Very Low Risk
8075-GXIUB,9,One year,19.85,183.15,No,Credit card (automatic),Low (<$35),No,5601,0.06448713785546822,0,Very Low Risk
2885-HIJDH,69,Two year,86.9,6194.1,DSL,Bank transfer (automatic),High ($65-95),No,4667,0.006667009844922658,0,Very Low Risk
5424-RLQLC,10,Month-to-month,59.65,638.95,DSL,Mailed check,Medium ($35-65),No,2385,0.420746137209398,0,Low Risk
6507-DTJZV,13,Month-to-month,66.4,831.75,DSL,Credit card (automatic),High ($65-95),No,3660,0.15343165696491373,0,Very Low Risk
7673-BQGKU,69,Two year,20.15,1337.5,No,Bank transfer (automatic),Low (<$35),No,4554,0.002707817596250822,0,Very Low Risk
6723-WSNTY,66,One year,108.1,7181.95,Fiber optic,Credit card (automatic),Premium (>$95),No,5360,0.2740450835773102,0,Low Risk
2725-IWWBA,46,One year,56.9,2560.1,DSL,Mailed check,Medium ($35-65),No,4258,0.026627207249737925,0,Very Low Risk
1061-PNTHC,56,Month-to-month,109.6,5953.0,Fiber optic,Mailed check,Premium (>$95),No,5012,0.09611733151084842,0,Very Low Risk
0394-YONDK,70,Two year,25.15,1790.15,No,Credit card (automatic),Low (<$35),No,5114,0.010266247329134264,0,Very Low Risk
6574-MCOEH,33,One year,79.15,2531.4,DSL,Electronic check,High ($65-95),No,3555,0.07117404162559678,0,Very Low Risk
7399-QHBJS,72,Two year,66.75,4760.3,DSL,Credit card (automatic),High ($65-95),No,6063,0.009352772688728705,0,Very Low Risk
0997-YTLNY,19,Month-to-month,48.8,953.65,DSL,Mailed check,Medium ($35-65),No,3749,0.1624506573903156,0,Very Low Risk
9479-HYNYL,71,Two year,80.7,5705.05,DSL,Credit card (automatic),High ($65-95),No,5617,0.03284531824714013,0,Very Low Risk
9708-KFDBY,1,Month-to-month,20.55,20.55,No,Credit card (automatic),Low (<$35),No,4801,0.2125657524118454,0,Very Low Risk
3642-GKTCT,61,One year,115.1,6993.65,Fiber optic,Mailed check,Premium (>$95),No,4785,0.22220545433300498,0,Very Low Risk
0774-RMNUW,71,Two year,59.7,4122.65,DSL,Bank transfer (automatic),Medium ($35-65),No,6420,0.00430843749198819,0,Very Low Risk
1334-PDUKM,68,One year,86.45,5762.95,Fiber optic,Credit card (automatic),High ($65-95),No,4480,0.150481091008844,0,Very Low Risk
0756-MPZRL,46,One year,33.7,1537.85,DSL,Credit card (automatic),Low (<$35),No,3007,0.12601446432590854,0,Very Low Risk
2242-MFOTG,33,One year,80.1,2603.3,Fiber optic,Bank transfer (automatic),High ($65-95),No,3957,0.1258413261553543,0,Very Low Risk
2927-CVULT,53,Two year,104.05,5566.4,Fiber optic,Bank transfer (automatic),Premium (>$95),No,4190,0.04741931362418836,0,Very Low Risk
2144-BFDSO,50,Month-to-month,108.75,5431.9,Fiber optic,Bank transfer (automatic),Premium (>$95),No,5211,0.27785528395024217,0,Low Risk
8745-PVESG,57,One year,41.1,2258.25,DSL,Credit card (automatic),Medium ($35-65),No,5281,0.0469397873294259,0,Very Low Risk
7647-GYYKX,54,Two year,20.35,1092.35,No,Bank transfer (automatic),Low (<$35),No,5646,0.005687739991934047,0,Very Low Risk
5647-FXOTP,60,Month-to-month,105.9,6401.25,Fiber optic,Electronic check,Premium (>$95),No,5084,0.6460783124026126,1,Medium Risk
9700-ISPUP,10,Month-to-month,65.5,616.9,DSL,Electronic check,High ($65-95),No,3137,0.2664599607747124,0,Low Risk
9839-ETQOE,43,Month-to-month,40.45,1912.85,DSL,Electronic check,Medium ($35-65),No,3176,0.17476054175514474,0,Very Low Risk
6078-VESFR,13,Month-to-month,70.45,849.1,Fiber optic,Bank transfer (automatic),High ($65-95),No,5225,0.4746487893908505,0,Low Risk
9027-TMATR,43,Two year,78.8,3460.3,DSL,Electronic check,High ($65-95),No,3972,0.1033729291845475,0,Very Low Risk
1941-HOSAM,1,Month-to-month,90.1,90.1,Fiber optic,Electronic check,High ($65-95),No,4142,0.35163442595206407,0,Low Risk
9110-HSGTV,69,Two year,82.45,5555.3,DSL,Credit card (automatic),High ($65-95),No,4631,0.029204909233479716,0,Very Low Risk
0704-VCUMB,61,Two year,20.25,1278.8,No,Credit card (automatic),Low (<$35),No,5974,0.008517639719454271,0,Very Low Risk
6171-ZTVYB,43,Month-to-month,66.25,2907.35,DSL,Bank transfer (automatic),High ($65-95),No,2168,0.12086185594780866,0,Very Low Risk
1935-IMVBB,56,Month-to-month,89.7,4952.95,Fiber optic,Mailed check,High ($65-95),No,5955,0.3914080008609816,0,Low Risk
2535-PBCGC,70,Two year,64.55,4504.9,DSL,Bank transfer (automatic),Medium ($35-65),No,4858,0.012197147367022224,0,Very Low Risk
1470-PSXNM,49,One year,93.65,4520.15,Fiber optic,Electronic check,High ($65-95),No,5542,0.133244226723777,0,Very Low Risk
2498-XLDZR,32,Two year,73.6,2316.85,DSL,Mailed check,High ($65-95),No,4343,0.020196768860004603,0,Very Low Risk
9866-OCCKE,72,Two year,109.75,8075.35,Fiber optic,Mailed check,Premium (>$95),No,6010,0.10318129852841099,0,Very Low Risk
5338-YHWYT,37,Two year,61.45,2302.35,DSL,Credit card (automatic),Medium ($35-65),No,5447,0.04307349211680912,0,Very Low Risk
7718-UPSKJ,69,One year,106.4,7251.9,Fiber optic,Credit card (automatic),Premium (>$95),No,4328,0.26143718630192037,0,Low Risk
8731-WBBMB,26,Month-to-month,81.9,2078.55,DSL,Bank transfer (automatic),High ($65-95),No,3350,0.17624776955628302,0,Very Low Risk
1448-CYWKC,58,One year,105.2,6225.4,Fiber optic,Credit card (automatic),Premium (>$95),No,4605,0.09482889923196433,0,Very Low Risk
7901-IIDQV,24,One year,54.6,1242.25,DSL,Bank transfer (automatic),Medium ($35-65),No,3398,0.14687585510096735,0,Very Low Risk
2690-DVRVK,5,One year,20.55,99.45,No,Electronic check,Low (<$35),No,3629,0.03174708315550277,0,Very Low Risk
1270-XKUCC,30,Two year,19.7,599.25,No,Mailed check,Low (<$35),No,5045,0.008508273743221642,0,Very Low Risk
0334-ZFJSR,55,One year,66.05,3462.1,DSL,Credit card (automatic),High ($65-95),No,5501,0.0666815596487889,0,Very Low Risk
5583-EJXRD,44,Two year,54.05,2375.2,DSL,Credit card (automatic),Medium ($35-65),No,4896,0.033549363259613434,0,Very Low Risk
4565-EVZMJ,47,One year,58.9,2813.05,DSL,Mailed check,Medium ($35-65),No,5774,0.07674089213162553,0,Very Low Risk
3327-YBAKM,64,One year,96.9,6314.35,Fiber optic,Mailed check,Premium (>$95),No,5369,0.18175003551265997,0,Very Low Risk
9441-QHEVC,1,Month-to-month,19.1,19.1,No,Mailed check,Low (<$35),No,2091,0.3910731012102336,0,Low Risk
6705-LNMDD,20,Month-to-month,50.0,1003.05,DSL,Mailed check,Medium ($35-65),No,5741,0.25654447713007167,0,Low Risk
2580-ASVVY,37,Two year,45.4,1593.1,DSL,Electronic check,Medium ($35-65),No,4051,0.137081569374914,0,Very Low Risk
3370-GQEAL,30,Month-to-month,85.45,2509.95,Fiber optic,Electronic check,High ($65-95),No,3409,0.15663056268441902,0,Very Low Risk
5032-USPKF,38,One year,84.1,3187.65,DSL,Bank transfer (automatic),High ($65-95),No,2604,0.11914108158067346,0,Very Low Risk
4254-QPEDE,52,Two year,66.25,3330.1,DSL,Credit card (automatic),High ($65-95),No,4275,0.022646786529805434,0,Very Low Risk
6283-GITPX,71,Two year,76.9,5522.7,DSL,Credit card (automatic),High ($65-95),No,4633,0.011192475312169232,0,Very Low Risk
0771-CHWSK,66,Two year,74.6,4798.4,DSL,Credit card (automatic),High ($65-95),No,4838,0.0515684099193542,0,Very Low Risk
9788-HNGUT,72,Two year,116.95,8594.4,Fiber optic,Credit card (automatic),Premium (>$95),No,5949,0.053896447708893465,0,Very Low Risk
9495-REDIY,25,One year,40.65,970.55,DSL,Credit card (automatic),Medium ($35-65),No,5079,0.06045436173820251,0,Very Low Risk
5375-XLDOF,69,Two year,114.35,7665.8,Fiber optic,Bank transfer (automatic),Premium (>$95),No,6082,0.037571405665278675,0,Very Low Risk
1172-VIYBP,53,Two year,69.7,3686.05,DSL,Bank transfer (automatic),High ($65-95),No,4975,0.01202104365763678,0,Very Low Risk
6559-PDZLR,26,Month-to-month,98.65,2537.0,Fiber optic,Electronic check,Premium (>$95),No,4191,0.5905390043442154,1,Medium Risk
8992-OBVDG,21,Month-to-month,61.65,1393.6,DSL,Mailed check,Medium ($35-65),No,2926,0.29767580533613935,0,Low Risk
4273-MBHYA,1,Month-to-month,89.35,89.35,Fiber optic,Electronic check,High ($65-95),No,2432,0.5431132092913206,1,Medium Risk
4724-WXVWF,48,Month-to-month,95.4,4445.3,Fiber optic,Electronic check,Premium (>$95),No,4334,0.5064204073937703,1,Medium Risk
5701-GUXDC,26,One year,35.4,978.6,DSL,Credit card (automatic),Medium ($35-65),No,2519,0.1500329280471284,0,Very Low Risk
1460-UZPRJ,60,Two year,19.95,1258.15,No,Mailed check,Low (<$35),No,5971,0.02420437077594705,0,Very Low Risk
6082-GLJIX,18,Month-to-month,19.25,331.35,No,Mailed check,Low (<$35),No,4769,0.11923472012962508,0,Very Low Risk
2495-TTHBQ,4,One year,20.4,84.75,No,Mailed check,Low (<$35),No,5602,0.03518572867345469,0,Very Low Risk
0485-ZBSLN,65,Two year,24.75,1715.1,No,Credit card (automatic),Low (<$35),No,6263,0.00539350611966541,0,Very Low Risk
3810-PJUHR,70,Two year,25.35,1715.15,No,Mailed check,Low (<$35),No,6059,0.0011368358892864545,0,Very Low Risk
0847-HGRML,62,Two year,20.0,1250.1,No,Bank transfer (automatic),Low (<$35),No,4402,0.01263023009050233,0,Very Low Risk
8232-CTLKO,66,Two year,59.75,3996.8,DSL,Electronic check,Medium ($35-65),No,5979,0.07912233219277402,0,Very Low Risk
9227-YBAXE,65,Two year,82.5,5215.1,DSL,Bank transfer (automatic),High ($65-95),No,5314,0.010535846195563758,0,Very Low Risk
9860-LISIZ,34,Month-to-month,20.35,673.2,No,Mailed check,Low (<$35),No,2864,0.14479847313449412,0,Very Low Risk
0112-QAWRZ,16,Month-to-month,90.8,1442.2,Fiber optic,Bank transfer (automatic),High ($65-95),No,5560,0.20815438812949263,0,Very Low Risk
2786-GCDPI,50,Month-to-month,104.95,5222.35,Fiber optic,Electronic check,Premium (>$95),No,5570,0.5233704268940369,1,Medium Risk
4043-MKDTV,71,Two year,105.25,7291.75,Fiber optic,Electronic check,Premium (>$95),No,6319,0.1534824561988347,0,Very Low Risk
9229-RQABD,18,One year,23.75,424.5,No,Mailed check,Low (<$35),No,3076,0.0675908925255523,0,Very Low Risk
8313-KTIHG,4,Month-to-month,61.3,249.4,DSL,Electronic check,Medium ($35-65),No,5281,0.5051515103872791,1,Medium Risk
5320-BRKGK,58,Two year,75.8,4415.75,DSL,Mailed check,High ($65-95),No,4292,0.011739396290497684,0,Very Low Risk
6284-KMNUF,56,One year,98.0,5270.6,Fiber optic,Electronic check,Premium (>$95),No,4615,0.3255755198672933,0,Low Risk
6229-UOLQL,56,One year,52.0,2884.9,DSL,Mailed check,Medium ($35-65),No,5845,0.01985314954445247,0,Very Low Risk
3137-LUPIX,4,Month-to-month,64.4,253.0,DSL,Mailed check,Medium ($35-65),No,3334,0.43315275604582465,0,Low Risk
6143-JQKEA,10,Month-to-month,45.8,436.2,DSL,Credit card (automatic),Medium ($35-65),No,5586,0.4737145699213476,0,Low Risk
8676-OOQEJ,4,Month-to-month,30.5,118.4,DSL,Electronic check,Low (<$35),No,3030,0.4288995533631128,0,Low Risk
9701-CDXHR,51,Month-to-month,69.15,3649.6,Fiber optic,Mailed check,High ($65-95),No,5187,0.31401595742097876,0,Low Risk
8124-NZVGJ,6,One year,49.25,255.6,DSL,Mailed check,Medium ($35-65),No,2979,0.3039930418681588,0,Low Risk
2162-FRZAA,63,Two year,39.35,2395.05,DSL,Bank transfer (automatic),Medium ($35-65),No,5374,0.012095317438340525,0,Very Low Risk
5118-MUEYH,48,Month-to-month,105.1,5083.55,Fiber optic,Credit card (automatic),Premium (>$95),No,3109,0.49333620439049014,0,Low Risk
5627-TVBPP,35,One year,20.1,644.5,No,Credit card (automatic),Low (<$35),No,3726,0.013821361916833972,0,Very Low Risk
3936-QQFLL,2,Month-to-month,19.75,39.3,No,Mailed check,Low (<$35),No,4064,0.3263685792800227,0,Low Risk
2589-AYCRP,50,One year,19.75,989.05,No,Bank transfer (automatic),Low (<$35),No,4934,0.0752356324605497,0,Very Low Risk
4067-HLYQI,33,Month-to-month,70.4,2406.1,Fiber optic,Bank transfer (automatic),High ($65-95),No,4860,0.5721426958715959,1,Medium Risk
5124-EOGYE,31,Two year,20.45,638.55,No,Mailed check,Low (<$35),No,2598,0.06450413736892817,0,Very Low Risk
5057-RKGLH,9,Two year,20.35,191.1,No,Mailed check,Low (<$35),No,5352,0.023290908602344285,0,Very Low Risk
0292-WEGCH,54,Month-to-month,86.2,4524.05,DSL,Electronic check,High ($65-95),No,6275,0.09399726595881583,0,Very Low Risk
8910-ICHIU,46,One year,95.65,4664.2,Fiber optic,Credit card (automatic),Premium (>$95),No,4727,0.20252514673866703,0,Very Low Risk
4097-YODCF,34,One year,103.8,3470.8,Fiber optic,Electronic check,Premium (>$95),No,5382,0.12972056829579665,0,Very Low Risk
9715-WZCLW,71,Two year,97.2,6910.3,Fiber optic,Electronic check,Premium (>$95),No,4603,0.0710792522967068,0,Very Low Risk
9786-YWNHU,63,Two year,63.55,4014.2,DSL,Mailed check,Medium ($35-65),No,5733,0.0062830955864282036,0,Very Low Risk
6407-GSJNL,51,Two year,24.95,1288.0,No,Bank transfer (automatic),Low (<$35),No,5458,0.022488798284088632,0,Very Low Risk
4049-ZPALD,64,Two year,99.0,6375.8,Fiber optic,Bank transfer (automatic),Premium (>$95),No,5483,0.14329874939710055,0,Very Low Risk
3733-UOCWF,61,One year,85.55,5251.75,Fiber optic,Bank transfer (automatic),High ($65-95),No,4845,0.16312020006509287,0,Very Low Risk
6833-JMZYP,15,Month-to-month,94.0,1505.45,Fiber optic,Credit card (automatic),High ($65-95),No,4521,0.6072840804543037,1,Medium Risk
1310-QRITU,18,Month-to-month,50.3,913.3,DSL,Electronic check,Medium ($35-65),No,5877,0.6605108836062337,1,Medium Risk
8961-QDZZJ,57,One year,95.0,5535.8,Fiber optic,Electronic check,High ($65-95),No,6245,0.09659134110091014,0,Very Low Risk
9715-SBVSU,14,Two year,61.4,815.55,DSL,Bank transfer (automatic),Medium ($35-65),No,3186,0.06014316034931559,0,Very Low Risk
8490-BXHEO,18,Month-to-month,80.55,1411.65,Fiber optic,Credit card (automatic),High ($65-95),No,5137,0.5041238779464031,1,Medium Risk
7173-TETGO,72,Two year,78.5,5602.25,Fiber optic,Bank transfer (automatic),High ($65-95),No,6072,0.05977432627923712,0,Very Low Risk
7929-SKFGK,70,Two year,114.3,8244.3,Fiber optic,Credit card (automatic),Premium (>$95),No,4280,0.10578846595692144,0,Very Low Risk
2300-RQGOI,38,Two year,20.05,741.5,No,Mailed check,Low (<$35),No,2295,0.03362073310822526,0,Very Low Risk
3563-SVYLG,68,Two year,62.65,4375.8,DSL,Credit card (automatic),Medium ($35-65),No,5215,0.011979742560161856,0,Very Low Risk
6435-VWCCY,65,Two year,92.7,5968.4,Fiber optic,Credit card (automatic),High ($65-95),No,5205,0.1056261395076152,0,Very Low Risk
4998-IKFSE,30,Month-to-month,100.45,3096.9,Fiber optic,Electronic check,Premium (>$95),No,3936,0.5629254745122613,1,Medium Risk
8630-QSGXK,51,Two year,75.2,3901.25,DSL,Bank transfer (automatic),High ($65-95),No,4708,0.07495465930097461,0,Very Low Risk
2455-USLMV,31,Month-to-month,84.75,2613.4,Fiber optic,Credit card (automatic),High ($65-95),No,3727,0.3402784782928189,0,Low Risk
9488-FVZCC,72,Two year,79.5,5661.7,DSL,Bank transfer (automatic),High ($65-95),No,4390,0.004516756240136561,0,Very Low Risk
5995-WWKKG,37,One year,19.8,695.05,No,Electronic check,Low (<$35),No,5987,0.026306052025013932,0,Very Low Risk
7879-CGSFV,55,One year,100.9,5552.05,Fiber optic,Mailed check,Premium (>$95),No,5101,0.25014772237502253,0,Low Risk
9921-EZKBY,33,Month-to-month,95.3,3275.15,Fiber optic,Bank transfer (automatic),Premium (>$95),No,3087,0.1525103883327545,0,Very Low Risk
7432-FFVAR,46,One year,90.95,4236.6,Fiber optic,Bank transfer (automatic),High ($65-95),No,5187,0.06473228040210091,0,Very Low Risk
7246-ZGQDF,1,Month-to-month,54.5,54.5,DSL,Electronic check,Medium ($35-65),No,4359,0.3613787122577331,0,Low Risk
4456-RHSNB,19,Month-to-month,49.6,962.9,DSL,Bank transfer (automatic),Medium ($35-65),No,5735,0.1602106634599078,0,Very Low Risk
2481-SBOYW,61,Two year,25.0,1498.35,No,Credit card (automatic),Low (<$35),No,4673,0.004368817992388526,0,Very Low Risk
7109-MFBYV,26,Month-to-month,45.45,1233.15,DSL,Electronic check,Medium ($35-65),No,5451,0.3986776498585444,0,Low Risk
1833-TCXKK,45,Month-to-month,107.75,4882.8,Fiber optic,Bank transfer (automatic),Premium (>$95),No,3301,0.6064878128175512,1,Medium Risk
1832-PEUTS,62,Two year,89.1,5411.65,Fiber optic,Credit card (automatic),High ($65-95),No,5995,0.032727283056564686,0,Very Low Risk
8660-BUETV,3,Month-to-month,44.75,148.05,DSL,Mailed check,Medium ($35-65),No,3422,0.5628591358616419,1,Medium Risk
0580-PIQHM,41,One year,101.6,3930.55,Fiber optic,Bank transfer (automatic),Premium (>$95),No,3275,0.08570348508803623,0,Very Low Risk
5696-CEIQJ,67,Two year,103.15,6895.5,Fiber optic,Bank transfer (automatic),Premium (>$95),No,4376,0.03853530987919616,0,Very Low Risk
1696-HXOWK,71,One year,95.65,6856.95,Fiber optic,Mailed check,Premium (>$95),No,5856,0.08457300400334682,0,Very Low Risk
3026-ATZYV,37,One year,75.1,2658.8,DSL,Bank transfer (automatic),High ($65-95),No,4131,0.04268106947872121,0,Very Low Risk
4012-YCFAI,60,Two year,61.35,3766.2,DSL,Mailed check,Medium ($35-65),No,6174,0.01763204991608847,0,Very Low Risk
9970-QBCDA,6,Month-to-month,19.7,129.55,No,Credit card (automatic),Low (<$35),No,5387,0.2600557788272246,0,Low Risk
9496-IVVRP,11,Month-to-month,51.0,581.7,DSL,Bank transfer (automatic),Medium ($35-65),No,5777,0.15932334588303526,0,Very Low Risk
2657-VPXTA,10,Month-to-month,88.85,929.45,Fiber optic,Electronic check,High ($65-95),No,4531,0.30226568753962385,0,Low Risk
6551-VLJMV,34,Two year,20.05,679.0,No,Credit card (automatic),Low (<$35),No,2236,0.019993603285634737,0,Very Low Risk
1221-GHZEP,62,Two year,65.1,3846.75,DSL,Mailed check,High ($65-95),No,5172,0.04486230137970912,0,Very Low Risk
9289-LBQVU,64,One year,70.15,4480.7,DSL,Mailed check,High ($65-95),No,5037,0.2065117502989849,0,Very Low Risk
3458-IDMFK,25,Two year,20.75,499.4,No,Mailed check,Low (<$35),No,5161,0.04535469090982417,0,Very Low Risk
6933-FHBZC,26,One year,56.05,1553.2,DSL,Mailed check,Medium ($35-65),No,3079,0.21154011706657042,0,Very Low Risk
0221-NAUXK,10,One year,19.95,219.5,No,Bank transfer (automatic),Low (<$35),No,3044,0.03577822722499473,0,Very Low Risk
9770-KXGQU,53,One year,98.6,5311.85,Fiber optic,Mailed check,Premium (>$95),No,4635,0.11207814491293641,0,Very Low Risk
6538-POCHL,33,Month-to-month,79.0,2576.8,Fiber optic,Credit card (automatic),High ($65-95),No,4396,0.41509830639981876,0,Low Risk
6726-NNFWD,71,Two year,89.45,6435.25,Fiber optic,Credit card (automatic),High ($65-95),No,6004,0.11753996138542391,0,Very Low Risk
3002-WQZWT,29,Month-to-month,74.2,1993.25,Fiber optic,Electronic check,High ($65-95),No,3982,0.759777928458205,1,High Risk
4277-UDIEF,24,Month-to-month,81.0,1923.85,DSL,Bank transfer (automatic),High ($65-95),No,3019,0.07142922586368786,0,Very Low Risk
1208-NBVFH,20,Month-to-month,49.6,939.8,DSL,Electronic check,Medium ($35-65),No,3235,0.2753378843683913,0,Low Risk
4912-PIGUY,1,Month-to-month,84.6,84.6,Fiber optic,Electronic check,High ($65-95),No,2196,0.8939244845670936,1,High Risk
2725-TTRIQ,72,Two year,84.2,5986.55,DSL,Bank transfer (automatic),High ($65-95),No,5598,0.006268522816320662,0,Very Low Risk
3374-TTZTK,52,Two year,106.3,5487.0,Fiber optic,Electronic check,Premium (>$95),No,4969,0.14952453096576562,0,Very Low Risk
8990-ZXLSU,9,Month-to-month,69.05,651.5,Fiber optic,Electronic check,High ($65-95),No,5121,0.6968440265520797,1,Medium Risk
2275-RBYQS,1,Month-to-month,45.4,45.4,DSL,Mailed check,Medium ($35-65),No,4916,0.7220004410690127,1,Medium Risk
4419-UJMUS,69,Two year,99.35,6856.45,Fiber optic,Electronic check,Premium (>$95),No,4637,0.07337981458404383,0,Very Low Risk
7794-JASDG,1,Month-to-month,50.75,50.75,DSL,Mailed check,Medium ($35-65),No,2250,0.5098104425648041,1,Medium Risk
7609-YBPXG,54,Two year,87.1,4735.2,DSL,Bank transfer (automatic),High ($65-95),No,5418,0.029653528526059382,0,Very Low Risk
5519-TEEUH,33,One year,20.15,682.15,No,Mailed check,Low (<$35),No,5759,0.015432492865099977,0,Very Low Risk
7856-GANIL,45,One year,98.7,4525.8,Fiber optic,Bank transfer (automatic),Premium (>$95),No,2535,0.2778322085644784,0,Low Risk
0804-XBFBV,11,Month-to-month,25.2,321.05,DSL,Electronic check,Low (<$35),No,5916,0.3132427966695963,0,Low Risk
2676-OXPPQ,6,Month-to-month,55.7,335.65,DSL,Bank transfer (automatic),Medium ($35-65),No,2482,0.3639513356132501,0,Low Risk
3703-TTEPD,21,Month-to-month,65.35,1424.4,DSL,Bank transfer (automatic),High ($65-95),No,2887,0.19547967115149575,0,Very Low Risk
2799-TSLAG,65,Two year,25.3,1748.55,No,Bank transfer (automatic),Low (<$35),No,4533,0.0029296674343782074,0,Very Low Risk
2208-NKVVH,43,Two year,24.25,1077.95,No,Mailed check,Low (<$35),No,4432,0.001520771154370829,0,Very Low Risk
7139-JZFVG,60,Two year,60.5,3694.45,DSL,Bank transfer (automatic),Medium ($35-65),No,6026,0.008663811984345989,0,Very Low Risk
4987-GQWPO,17,Month-to-month,25.1,382.8,DSL,Credit card (automatic),Low (<$35),No,4580,0.34014613465923255,0,Low Risk
1757-TCATG,35,One year,20.05,746.75,No,Bank transfer (automatic),Low (<$35),No,3942,0.007027963357122648,0,Very Low Risk
4776-XSKYQ,12,One year,30.25,368.85,DSL,Credit card (automatic),Low (<$35),No,5988,0.10371224523979676,0,Very Low Risk
8048-DSDFQ,1,Month-to-month,20.2,20.2,No,Mailed check,Low (<$35),No,4496,0.3576509405586624,0,Low Risk
5753-QQWPW,28,One year,59.9,1654.7,DSL,Electronic check,Medium ($35-65),No,4131,0.11113704869584252,0,Very Low Risk
6010-DDPPW,70,Two year,25.15,1940.85,No,Bank transfer (automatic),Low (<$35),No,4279,0.017668009459391242,0,Very Low Risk
6693-FRIRW,18,Month-to-month,101.3,1794.65,Fiber optic,Credit card (automatic),Premium (>$95),No,5948,0.40589799730335785,0,Low Risk
6586-MYGKD,70,Two year,76.95,5289.8,DSL,Credit card (automatic),High ($65-95),No,6280,0.06618636648530657,0,Very Low Risk
3173-NVMPX,9,Month-to-month,55.3,501.2,DSL,Mailed check,Medium ($35-65),No,4291,0.2519811699270729,0,Low Risk
0248-PGHBZ,67,Two year,92.45,6140.85,Fiber optic,Bank transfer (automatic),High ($65-95),No,5857,0.09746325374875743,0,Very Low Risk
0623-GDISB,1,Month-to-month,48.45,48.45,DSL,Bank transfer (automatic),Medium ($35-65),No,5838,0.5423250746440116,1,Medium Risk
2892-GESUL,18,Two year,19.35,309.25,No,Mailed check,Low (<$35),No,2269,0.01035098826827144,0,Very Low Risk
7472-EQOAV,71,One year,86.7,6179.35,Fiber optic,Bank transfer (automatic),High ($65-95),No,4485,0.03746715004096126,0,Very Low Risk
2043-WVTQJ,1,Month-to-month,55.7,55.7,DSL,Mailed check,Medium ($35-65),No,5664,0.3718032357794387,0,Low Risk
8034-RYTVV,55,One year,84.25,4589.85,Fiber optic,Credit card (automatic),High ($65-95),No,5735,0.11946198151989754,0,Very Low Risk
3863-QSTYI,59,Month-to-month,64.65,3735.45,DSL,Electronic check,Medium ($35-65),No,5687,0.24623208321112,0,Very Low Risk
5044-LRQAQ,7,Month-to-month,69.2,477.55,Fiber optic,Bank transfer (automatic),High ($65-95),No,2551,0.70973530525264,1,Medium Risk
1716-LSAMB,45,Two year,54.65,2553.7,DSL,Bank transfer (automatic),Medium ($35-65),No,5083,0.02996186438394621,0,Very Low Risk
1333-PBMXB,54,One year,24.75,1342.15,No,Bank transfer (automatic),Low (<$35),No,6466,0.023928417351840953,0,Very Low Risk
6546-OPBBH,51,One year,23.95,1216.35,No,Mailed check,Low (<$35),No,5895,0.024209480042944903,0,Very Low Risk
5985-BEHZK,72,One year,105.0,7578.05,Fiber optic,Credit card (automatic),Premium (>$95),No,6423,0.19064712931213137,0,Very Low Risk
9127-QRZMH,44,One year,59.85,2603.95,DSL,Bank transfer (automatic),Medium ($35-65),No,5981,0.0903789894390899,0,Very Low Risk
5919-VCZYM,2,Month-to-month,20.05,42.7,No,Mailed check,Low (<$35),No,4394,0.32836795384479084,0,Low Risk
9644-KVCNC,66,One year,92.15,6056.9,Fiber optic,Bank transfer (automatic),High ($65-95),No,4928,0.2561807882601469,0,Low Risk
2137-DQMEV,68,One year,44.8,2983.65,DSL,Mailed check,Medium ($35-65),No,4112,0.026561657698547257,0,Very Low Risk
8174-LNWMW,31,Two year,20.9,689.35,No,Credit card (automatic),Low (<$35),No,5581,0.03629714409497411,0,Very Low Risk
9279-CJEOJ,21,Month-to-month,95.4,2025.1,Fiber optic,Bank transfer (automatic),Premium (>$95),No,5691,0.6848904427357454,1,Medium Risk
7964-VEXDG,21,Month-to-month,80.35,1747.2,Fiber optic,Electronic check,High ($65-95),No,4579,0.2572015393312154,0,Low Risk
2404-JIBFC,55,Two year,85.1,4657.95,DSL,Bank transfer (automatic),High ($65-95),No,5661,0.010903758518332973,0,Very Low Risk
8029-XYPWT,71,Two year,115.05,8016.6,Fiber optic,Bank transfer (automatic),Premium (>$95),No,4438,0.06477780148715664,0,Very Low Risk
4632-PAOYU,22,One year,19.95,433.5,No,Mailed check,Low (<$35),No,2233,0.014634787286314148,0,Very Low Risk
2990-OGYTD,67,Two year,86.15,5883.85,DSL,Bank transfer (automatic),High ($65-95),No,5037,0.020829752674595175,0,Very Low Risk
6646-JPPHA,14,Month-to-month,78.85,1043.8,Fiber optic,Electronic check,High ($65-95),No,5327,0.3029983964185875,0,Low Risk
7658-UYUQS,21,Month-to-month,86.55,1857.25,Fiber optic,Bank transfer (automatic),High ($65-95),No,5318,0.43668371532001155,0,Low Risk
7880-XSOJX,4,Month-to-month,42.4,146.4,DSL,Mailed check,Medium ($35-65),No,4282,0.28017521702728027,0,Low Risk
4589-IUAJB,70,Two year,24.25,1724.15,No,Bank transfer (automatic),Low (<$35),No,4118,0.018355830674268114,0,Very Low Risk
8746-BFOAJ,21,One year,20.5,429.55,No,Bank transfer (automatic),Low (<$35),No,5766,0.0550890302289143,0,Very Low Risk
8457-XIGKN,20,Month-to-month,19.6,356.15,No,Credit card (automatic),Low (<$35),No,5909,0.1031773257396712,0,Very Low Risk
6072-NUQCB,22,One year,20.25,488.25,No,Bank transfer (automatic),Low (<$35),No,3339,0.015075228582498379,0,Very Low Risk
8838-GPHZP,63,Two year,20.6,1298.7,No,Mailed check,Low (<$35),No,6469,0.020263775309095587,0,Very Low Risk
8750-QWZAJ,70,Two year,19.8,1378.75,No,Bank transfer (automatic),Low (<$35),No,5169,0.0026560934583197875,0,Very Low Risk
6918-UMQCG,5,Month-to-month,80.2,384.25,Fiber optic,Electronic check,High ($65-95),No,3391,0.7664869040335291,1,High Risk
0675-NCDYU,72,Two year,116.4,8543.25,Fiber optic,Credit card (automatic),Premium (>$95),No,6491,0.013775069407138164,0,Very Low Risk
6339-DKLMK,13,Month-to-month,31.65,389.95,DSL,Electronic check,Low (<$35),No,4959,0.5820382573722983,1,Medium Risk
1346-PJWTK,61,Month-to-month,94.15,5731.85,Fiber optic,Credit card (automatic),High ($65-95),No,4806,0.23560491136241019,0,Very Low Risk
5088-QZLRL,1,Month-to-month,20.65,20.65,No,Electronic check,Low (<$35),No,2729,0.2989127634110053,0,Low Risk
8023-QHAIO,56,Month-to-month,76.85,4275.75,Fiber optic,Bank transfer (automatic),High ($65-95),No,6035,0.3149204477193202,0,Low Risk
4397-FRLTA,4,Month-to-month,20.15,84.5,No,Mailed check,Low (<$35),No,5535,0.3632122550011517,0,Low Risk
3057-VJJQE,35,Two year,55.25,1924.1,DSL,Mailed check,Medium ($35-65),No,5498,0.05524974227854649,0,Very Low Risk
2302-OUZXB,72,Two year,82.15,5784.3,DSL,Bank transfer (automatic),High ($65-95),No,4552,0.05949800167323386,0,Very Low Risk
8133-ANHHJ,49,One year,103.0,5166.2,Fiber optic,Bank transfer (automatic),Premium (>$95),No,5023,0.14114476096177483,0,Very Low Risk
2270-CHBFN,44,Month-to-month,95.1,4060.55,Fiber optic,Credit card (automatic),Premium (>$95),No,2221,0.28652642675079126,0,Low Risk
5982-FPVQN,37,Month-to-month,95.15,3532.85,Fiber optic,Electronic check,Premium (>$95),No,3407,0.21355063092825805,0,Very Low Risk
9107-UKCKY,61,One year,79.8,4914.8,DSL,Electronic check,High ($65-95),No,6432,0.3617500419008308,0,Low Risk
4654-ULTTN,70,Two year,74.8,5315.8,DSL,Credit card (automatic),High ($65-95),No,6447,0.05410939763961691,0,Very Low Risk
5546-BYZSM,41,Month-to-month,20.45,775.6,No,Electronic check,Low (<$35),No,2839,0.07895320957365452,0,Very Low Risk
1492-KGETH,70,One year,78.35,5445.95,DSL,Bank transfer (automatic),High ($65-95),No,4422,0.05012466114383311,0,Very Low Risk
4163-HFTUK,51,One year,19.1,1007.8,No,Electronic check,Low (<$35),No,4120,0.09042677826197472,0,Very Low Risk
8215-NGSPE,42,Two year,20.0,833.55,No,Mailed check,Low (<$35),No,3413,0.003578621118443219,0,Very Low Risk
8859-YSTWS,48,One year,19.95,1004.5,No,Bank transfer (automatic),Low (<$35),No,4254,0.03861015398034084,0,Very Low Risk
7601-DHFWZ,48,Two year,24.0,1183.05,No,Credit card (automatic),Low (<$35),No,3948,0.07776301347888508,0,Very Low Risk
1998-VHJHK,27,One year,19.15,501.35,No,Mailed check,Low (<$35),No,5606,0.03896516501672879,0,Very Low Risk
1707-HABPF,46,One year,91.3,4126.35,Fiber optic,Bank transfer (automatic),High ($65-95),No,3191,0.26700569353766257,0,Low Risk
0487-VVUVK,25,Month-to-month,19.15,477.6,No,Mailed check,Low (<$35),No,3829,0.04295484674587012,0,Very Low Risk
5063-IUOKK,13,Two year,19.75,265.75,No,Mailed check,Low (<$35),No,2016,0.06485652207546697,0,Very Low Risk
4508-OEBEY,31,One year,75.5,2424.45,DSL,Credit card (automatic),High ($65-95),No,5611,0.1267377859442716,0,Very Low Risk
0027-KWYKW,23,Month-to-month,83.75,1849.95,Fiber optic,Electronic check,High ($65-95),No,3585,0.2733582329250336,0,Low Risk
2308-STERM,2,Month-to-month,19.4,61.05,No,Mailed check,Low (<$35),No,5816,0.27862842417267325,0,Low Risk
5982-XMDEX,65,Two year,26.5,1698.55,No,Bank transfer (automatic),Low (<$35),No,4404,0.01334761251539429,0,Very Low Risk
6051-PTVNS,55,One year,19.15,998.1,No,Credit card (automatic),Low (<$35),No,5390,0.017526227006597877,0,Very Low Risk
2877-VDUER,35,One year,40.9,1383.6,DSL,Mailed check,Medium ($35-65),No,5691,0.09734201986158304,0,Very Low Risk
9152-AMKAK,6,Two year,80.25,493.4,DSL,Mailed check,High ($65-95),No,2706,0.09888618669098585,0,Very Low Risk
9432-VOFYX,17,Month-to-month,70.8,1207.0,Fiber optic,Electronic check,High ($65-95),No,5420,0.7854409573919992,1,High Risk
8049-WJCLQ,10,Month-to-month,60.2,563.5,DSL,Mailed check,Medium ($35-65),No,5318,0.16418309515271456,0,Very Low Risk
6586-PSJOX,15,One year,55.2,864.55,DSL,Credit card (automatic),Medium ($35-65),No,3608,0.0838853168938297,0,Very Low Risk
9705-ZJBCG,13,One year,54.15,701.05,DSL,Bank transfer (automatic),Medium ($35-65),No,4977,0.05754431108991954,0,Very Low Risk
6847-KJLTS,58,Month-to-month,100.4,5749.8,Fiber optic,Bank transfer (automatic),Premium (>$95),No,4005,0.4604583986982543,0,Low Risk
9670-BPNXF,45,One year,62.55,2796.45,DSL,Credit card (automatic),Medium ($35-65),No,2935,0.100055312904554,0,Very Low Risk
3913-FCUUW,72,Two year,70.45,5165.7,DSL,Bank transfer (automatic),High ($65-95),No,4463,0.005356403901164986,0,Very Low Risk
3301-VKTGC,68,One year,85.5,5696.6,Fiber optic,Bank transfer (automatic),High ($65-95),No,4380,0.035801531170730955,0,Very Low Risk
9555-SAHUZ,38,Month-to-month,54.5,2076.05,DSL,Electronic check,Medium ($35-65),No,5499,0.10144874222251402,0,Very Low Risk
0816-TSPHQ,2,Month-to-month,20.75,44.2,No,Mailed check,Low (<$35),No,3976,0.3077334254834028,0,Low Risk
9932-WBWIK,11,Month-to-month,20.35,215.25,No,Mailed check,Low (<$35),No,5597,0.23728676553239367,0,Very Low Risk
4619-EVPHY,20,One year,91.0,1859.5,Fiber optic,Bank transfer (automatic),High ($65-95),No,3748,0.4091113935032037,0,Low Risk
5286-YHCVC,72,Two year,104.8,7470.1,Fiber optic,Bank transfer (automatic),Premium (>$95),No,4165,0.24862971698613415,0,Very Low Risk
9115-YQHGA,40,Month-to-month,51.1,2092.9,DSL,Electronic check,Medium ($35-65),No,3355,0.3395899918872612,0,Low Risk
4462-CYWMH,62,Month-to-month,89.8,5629.55,Fiber optic,Bank transfer (automatic),High ($65-95),No,4981,0.4416368137287956,0,Low Risk
8963-MQVYN,22,Month-to-month,20.55,469.85,No,Electronic check,Low (<$35),No,3169,0.13699980958891544,0,Very Low Risk
2458-EOMRE,11,Month-to-month,64.05,733.95,DSL,Bank transfer (automatic),Medium ($35-65),No,4171,0.2612192953945011,0,Low Risk
9334-GWGOW,7,Month-to-month,74.85,485.25,Fiber optic,Electronic check,High ($65-95),No,2259,0.8512508889452461,1,High Risk
6542-LWGXJ,3,Month-to-month,25.0,78.25,DSL,Mailed check,Low (<$35),No,2730,0.5410424852309625,1,Medium Risk
5567-GZKQY,58,Two year,20.3,1131.5,No,Credit card (automatic),Low (<$35),No,4335,0.02239280409909,0,Very Low Risk
1222-LRYKO,6,Month-to-month,26.35,184.05,No,Mailed check,Low (<$35),No,2189,0.10839492101167975,0,Very Low Risk
2087-QAREY,22,Month-to-month,54.7,1178.75,DSL,Mailed check,Medium ($35-65),No,5722,0.35155534971312435,0,Low Risk
4423-JWZJN,64,One year,90.25,5629.15,Fiber optic,Credit card (automatic),High ($65-95),No,4799,0.04915435680733518,0,Very Low Risk
6490-FGZAT,6,Month-to-month,20.65,109.3,No,Mailed check,Low (<$35),No,3266,0.23757610344886568,0,Very Low Risk
7452-FOLON,39,One year,25.45,958.45,No,Bank transfer (automatic),Low (<$35),No,5986,0.01947255497048077,0,Very Low Risk
2320-TZRRH,20,One year,19.5,403.15,No,Mailed check,Low (<$35),No,4700,0.045674368814484854,0,Very Low Risk
4942-VZZOM,64,One year,66.15,4392.5,DSL,Credit card (automatic),High ($65-95),No,4703,0.09737371985935274,0,Very Low Risk
7502-BNYGS,46,Month-to-month,69.1,3168.0,DSL,Credit card (automatic),High ($65-95),No,2333,0.3277818717120074,0,Low Risk
4291-HYEBC,28,One year,39.1,1096.6,DSL,Electronic check,Medium ($35-65),No,2305,0.08584116366216386,0,Very Low Risk
6147-CBCRA,33,Month-to-month,20.05,669.45,No,Mailed check,Low (<$35),No,5759,0.16046846608108026,0,Very Low Risk
6047-SUHPR,39,One year,59.8,2343.85,DSL,Electronic check,Medium ($35-65),No,3093,0.06783513951832548,0,Very Low Risk
9752-ZNQUT,1,Month-to-month,48.6,48.6,DSL,Electronic check,Medium ($35-65),No,3704,0.6380075113695962,1,Medium Risk
1576-PFZIW,70,Two year,105.35,7511.9,Fiber optic,Credit card (automatic),Premium (>$95),No,5866,0.060089094220895124,0,Very Low Risk
5666-MBJPT,65,Two year,25.1,1725.0,No,Bank transfer (automatic),Low (<$35),No,5449,0.032027061469429706,0,Very Low Risk
7312-XSBAT,1,Month-to-month,49.75,49.75,DSL,Electronic check,Medium ($35-65),No,2908,0.5034580650290618,1,Medium Risk
3096-GKWEB,18,Month-to-month,94.75,1691.9,Fiber optic,Electronic check,High ($65-95),No,4477,0.8351196914867874,1,High Risk
2371-JQHZZ,24,Month-to-month,93.0,2248.05,Fiber optic,Electronic check,High ($65-95),No,5886,0.8217669501651271,1,High Risk
0674-GCDXG,63,Two year,71.9,4479.2,DSL,Bank transfer (automatic),High ($65-95),No,5816,0.04076677223688267,0,Very Low Risk
1121-QSIVB,44,One year,77.55,3471.1,DSL,Mailed check,High ($65-95),No,5044,0.08643430827831378,0,Very Low Risk
4396-KLSEH,4,Month-to-month,19.85,63.0,No,Electronic check,Low (<$35),No,5918,0.17253043477907715,0,Very Low Risk
2824-MYYBN,37,Month-to-month,95.25,3314.15,Fiber optic,Electronic check,Premium (>$95),No,2969,0.23339671867526252,0,Very Low Risk
6345-HOVES,34,Month-to-month,25.05,852.7,DSL,Bank transfer (automatic),Low (<$35),No,3800,0.45490503491123185,0,Low Risk
8318-LCNBW,35,One year,53.15,1930.9,DSL,Credit card (automatic),Medium ($35-65),No,5638,0.13076986411207175,0,Very Low Risk
6469-QJKZW,4,Month-to-month,20.15,91.4,No,Electronic check,Low (<$35),No,2198,0.2501986789907821,0,Low Risk
0147-ESWWR,39,Month-to-month,101.25,3949.15,Fiber optic,Electronic check,Premium (>$95),No,3172,0.6753886482155685,1,Medium Risk
1217-VASWC,43,One year,100.55,4304.0,Fiber optic,Bank transfer (automatic),Premium (>$95),No,4499,0.3411331298770212,0,Low Risk
6370-ZVHDV,61,Two year,25.3,1554.9,No,Bank transfer (automatic),Low (<$35),No,4501,0.008705058253084895,0,Very Low Risk
5915-DGNVC,49,One year,71.8,3472.05,DSL,Electronic check,High ($65-95),No,6193,0.14260822926956215,0,Very Low Risk
6260-XLACS,4,One year,19.7,117.8,No,Mailed check,Low (<$35),No,5018,0.09946126068378319,0,Very Low Risk
3566-CAAYU,64,Two year,49.85,3210.35,DSL,Electronic check,Medium ($35-65),No,5644,0.08154754091887634,0,Very Low Risk
4983-CCWMC,3,Month-to-month,69.6,207.4,Fiber optic,Mailed check,High ($65-95),No,5487,0.7602633089198839,1,High Risk
9103-CXVOK,1,Month-to-month,19.75,19.75,No,Electronic check,Low (<$35),No,3068,0.25203155098500823,0,Low Risk
2896-TBNBE,40,One year,80.8,3132.75,Fiber optic,Electronic check,High ($65-95),No,3387,0.3007536418997839,0,Low Risk
2522-WLNSF,34,One year,64.2,2106.3,DSL,Bank transfer (automatic),Medium ($35-65),No,2225,0.12110383004857449,0,Very Low Risk
3841-CONLJ,1,Month-to-month,35.0,35.0,DSL,Electronic check,Low (<$35),No,4099,0.6441355776703077,1,Medium Risk
4475-NVTLU,45,Two year,19.2,903.7,No,Electronic check,Low (<$35),No,3451,0.004034646359772756,0,Very Low Risk
9386-LDCZR,43,One year,90.65,3882.3,Fiber optic,Credit card (automatic),High ($65-95),No,2496,0.11210326098358292,0,Very Low Risk
9585-KKMFD,41,Two year,20.0,879.8,No,Mailed check,Low (<$35),No,5743,0.00721171922694523,0,Very Low Risk
5399-ZIMKF,5,Month-to-month,74.65,383.65,Fiber optic,Electronic check,High ($65-95),No,3319,0.7973097133604966,1,High Risk
0336-KXKFK,72,Two year,61.2,4390.25,DSL,Credit card (automatic),Medium ($35-65),No,4085,0.020428673999056304,0,Very Low Risk
5619-XZZKR,4,One year,19.95,68.2,No,Mailed check,Low (<$35),No,2195,0.10496356294768311,0,Very Low Risk
3948-FVVRP,9,Month-to-month,54.8,452.8,DSL,Mailed check,Medium ($35-65),No,2848,0.1903323323704143,0,Very Low Risk
5327-XOKKY,72,Two year,73.45,5329.0,DSL,Credit card (automatic),High ($65-95),No,5540,0.10626632425024955,0,Very Low Risk
0983-TATYJ,33,One year,51.45,1758.9,DSL,Mailed check,Medium ($35-65),No,4935,0.18293379622424336,0,Very Low Risk
1813-JYWTO,72,Two year,80.45,5737.6,Fiber optic,Bank transfer (automatic),High ($65-95),No,4202,0.055522906303735305,0,Very Low Risk
6719-OXYBR,15,Month-to-month,85.3,1219.85,Fiber optic,Electronic check,High ($65-95),No,5559,0.5969303105394606,1,Medium Risk
3312-ZWLGF,29,Month-to-month,79.3,2414.55,Fiber optic,Electronic check,High ($65-95),No,3172,0.6291072792775494,1,Medium Risk
6476-YHMGA,15,Month-to-month,76.5,1155.6,DSL,Bank transfer (automatic),High ($65-95),No,3851,0.08533671689134041,0,Very Low Risk
0795-XCCTE,72,Two year,25.4,1809.35,No,Bank transfer (automatic),Low (<$35),No,6141,0.007428095103044526,0,Very Low Risk
0168-XZKBB,19,Month-to-month,86.85,1564.4,Fiber optic,Electronic check,High ($65-95),No,5072,0.8144116731648963,1,High Risk
3785-NRHYR,1,Month-to-month,19.65,19.65,No,Mailed check,Low (<$35),No,3192,0.5834983274557519,1,Medium Risk
4537-DKTAL,2,Month-to-month,45.55,84.4,DSL,Electronic check,Medium ($35-65),No,4372,0.6604488220979912,1,Medium Risk
7072-MBHEV,11,Month-to-month,78.1,864.85,Fiber optic,Credit card (automatic),High ($65-95),No,2333,0.19142065653674561,0,Very Low Risk
5602-BVFMK,12,One year,19.3,228.75,No,Mailed check,Low (<$35),No,2868,0.08085213631809314,0,Very Low Risk
6297-NOOPG,70,Two year,110.5,7752.05,Fiber optic,Electronic check,Premium (>$95),No,5979,0.15896448140977223,0,Very Low Risk
8204-TIFGJ,23,Month-to-month,20.3,470.6,No,Bank transfer (automatic),Low (<$35),No,3630,0.1762500265274381,0,Very Low Risk
8050-DVOJX,49,Two year,81.35,4060.9,DSL,Credit card (automatic),High ($65-95),No,4537,0.07509136511340866,0,Very Low Risk
8903-XEBGX,2,Month-to-month,55.3,108.65,DSL,Electronic check,Medium ($35-65),No,4594,0.5514713850532156,1,Medium Risk
8169-SAEJD,69,Two year,56.55,3952.65,DSL,Credit card (automatic),Medium ($35-65),No,4162,0.04540372129085304,0,Very Low Risk
1089-XZWHH,24,Two year,19.7,494.05,No,Mailed check,Low (<$35),No,3594,0.011483921799064871,0,Very Low Risk
2325-WINES,32,One year,104.05,3416.85,Fiber optic,Credit card (automatic),Premium (>$95),No,2335,0.3372270835078141,0,Low Risk
6064-ZATLR,27,Two year,52.85,1498.65,DSL,Bank transfer (automatic),Medium ($35-65),No,2842,0.10302460273936433,0,Very Low Risk
7824-PANSQ,58,Month-to-month,80.65,4807.35,Fiber optic,Bank transfer (automatic),High ($65-95),No,6043,0.2470722938579195,0,Very Low Risk
9648-BCHKM,18,Two year,24.65,471.35,No,Credit card (automatic),Low (<$35),No,5231,0.038896439189952295,0,Very Low Risk
2888-ADFAO,47,Two year,21.3,1041.8,No,Bank transfer (automatic),Low (<$35),No,2861,0.011959627819513293,0,Very Low Risk
8707-HOEDG,70,Two year,110.2,7689.8,Fiber optic,Electronic check,Premium (>$95),No,4098,0.048912655159519806,0,Very Low Risk
4072-IPYLT,36,Month-to-month,51.05,1815.0,DSL,Credit card (automatic),Medium ($35-65),No,2161,0.09242881656745949,0,Very Low Risk
7167-PCEYD,67,Two year,19.8,1311.3,No,Mailed check,Low (<$35),No,4260,0.029320079112563926,0,Very Low Risk
4936-YPJNK,10,Month-to-month,19.9,199.45,No,Mailed check,Low (<$35),No,5811,0.2568667608861808,0,Low Risk
1580-BMCMR,19,Month-to-month,87.3,1637.3,Fiber optic,Electronic check,High ($65-95),No,4447,0.5597861968879143,1,Medium Risk
4817-KEQSP,71,Two year,19.85,1326.35,No,Bank transfer (automatic),Low (<$35),No,6342,0.0025019084362933558,0,Very Low Risk
6408-WHTEF,72,Two year,89.4,6376.55,DSL,Mailed check,High ($65-95),No,6044,0.0025111893574578685,0,Very Low Risk
9251-AWQGT,48,Two year,20.0,935.9,No,Mailed check,Low (<$35),No,2608,0.017209235924750342,0,Very Low Risk
8749-CLJXC,1,Month-to-month,20.05,20.05,No,Mailed check,Low (<$35),No,2067,0.589119826960006,1,Medium Risk
7989-VCQOH,18,Month-to-month,83.25,1611.15,DSL,Electronic check,High ($65-95),No,2065,0.10325900529798647,0,Very Low Risk
4199-QHJNM,67,Two year,102.9,6989.7,Fiber optic,Bank transfer (automatic),Premium (>$95),No,5869,0.10324884081056218,0,Very Low Risk
8882-TLVRW,69,Two year,39.1,2779.5,DSL,Mailed check,Medium ($35-65),No,5987,0.017282613488374347,0,Very Low Risk
5135-GRQJV,72,Two year,114.5,8331.95,Fiber optic,Mailed check,Premium (>$95),No,6051,0.03739511062920608,0,Very Low Risk
2384-OVPSA,38,Two year,20.2,735.9,No,Mailed check,Low (<$35),No,4947,0.028383978159204525,0,Very Low Risk
1371-WEPDS,40,One year,55.8,2283.3,DSL,Electronic check,Medium ($35-65),No,3587,0.25820961463463904,0,Low Risk
3580-GICBM,61,Two year,24.2,1445.2,No,Mailed check,Low (<$35),No,6201,0.009290693281934229,0,Very Low Risk
9730-DRTMJ,32,One year,72.8,2333.05,DSL,Credit card (automatic),High ($65-95),No,3278,0.09253696292277182,0,Very Low Risk
4686-UXDML,21,Month-to-month,99.85,1992.55,Fiber optic,Credit card (automatic),Premium (>$95),No,2113,0.6187381838943131,1,Medium Risk
3349-ANQNH,59,One year,99.5,5890.0,Fiber optic,Electronic check,Premium (>$95),No,5513,0.5027534884785602,1,Medium Risk
0932-YIXYU,47,Two year,20.25,1029.8,No,Credit card (automatic),Low (<$35),No,5134,0.032193984461909214,0,Very Low Risk
7480-SPLEF,69,Two year,26.0,1796.55,No,Bank transfer (automatic),Low (<$35),No,4933,0.025479946573293645,0,Very Low Risk
7636-XUHWW,2,Month-to-month,19.9,33.7,No,Credit card (automatic),Low (<$35),No,5824,0.1571477194910671,0,Very Low Risk
1431-CYWMH,22,Month-to-month,19.05,454.05,No,Bank transfer (automatic),Low (<$35),No,4312,0.07999156242094385,0,Very Low Risk
5937-EORGB,15,Month-to-month,96.5,1392.25,Fiber optic,Electronic check,Premium (>$95),No,2394,0.6477883580390725,1,Medium Risk
6349-JDHQP,53,Two year,19.85,1049.6,No,Credit card (automatic),Low (<$35),No,6338,0.028697967549290063,0,Very Low Risk
5539-HIVAK,28,Month-to-month,25.7,734.6,No,Mailed check,Low (<$35),No,3136,0.1494520745003372,0,Very Low Risk
5847-MXBEO,22,One year,20.3,475.1,No,Mailed check,Low (<$35),No,4510,0.03248532319334319,0,Very Low Risk
4583-PARNH,16,Month-to-month,91.55,1540.05,Fiber optic,Electronic check,High ($65-95),No,4045,0.6144884468579523,1,Medium Risk
1116-FRYVH,48,Two year,39.4,1978.65,DSL,Mailed check,Medium ($35-65),No,5701,0.026864611932266174,0,Very Low Risk
1421-HCERK,30,Month-to-month,105.7,3181.8,Fiber optic,Bank transfer (automatic),Premium (>$95),No,2455,0.32492191915007174,0,Low Risk
9633-XQABV,3,Month-to-month,70.25,229.7,Fiber optic,Electronic check,High ($65-95),No,2156,0.8644125026571161,1,High Risk
0716-BQNDX,57,Two year,93.75,5625.55,Fiber optic,Electronic check,High ($65-95),No,4276,0.11775270805874209,0,Very Low Risk
1183-CANVH,23,One year,60.0,1347.15,DSL,Bank transfer (automatic),Medium ($35-65),No,3835,0.12409115712105492,0,Very Low Risk
1972-XMUWV,65,Two year,59.8,3808.2,DSL,Credit card (automatic),Medium ($35-65),No,6034,0.06173013526896866,0,Very Low Risk
8679-LZBMD,44,One year,90.65,3974.15,Fiber optic,Bank transfer (automatic),High ($65-95),No,3786,0.33719036320730855,0,Low Risk
3407-JMJQQ,71,Two year,109.0,7661.8,Fiber optic,Bank transfer (automatic),Premium (>$95),No,4204,0.02955995033562448,0,Very Low Risk
6252-DFGTK,37,One year,68.1,2479.25,DSL,Credit card (automatic),High ($65-95),No,2873,0.0726981572042769,0,Very Low Risk
1539-LNKHM,12,Month-to-month,20.4,266.6,No,Mailed check,Low (<$35),No,4497,0.2506139161396741,0,Low Risk
8645-KOMJQ,69,Two year,81.95,5601.4,DSL,Bank transfer (automatic),High ($65-95),No,6182,0.019017364322441922,0,Very Low Risk
0289-IVARM,35,Month-to-month,60.55,1982.6,DSL,Electronic check,Medium ($35-65),No,3463,0.19171308033452955,0,Very Low Risk
9761-XUJWD,5,Month-to-month,65.6,339.9,DSL,Bank transfer (automatic),High ($65-95),No,5636,0.343816560748736,0,Low Risk
4057-FKCZK,58,Two year,82.5,4828.05,Fiber optic,Bank transfer (automatic),High ($65-95),No,4348,0.04157802062706537,0,Very Low Risk
4291-TPNFG,72,Two year,82.3,5980.55,DSL,Bank transfer (automatic),High ($65-95),No,5219,0.013762062275863818,0,Very Low Risk
6087-YPWHO,72,Two year,68.15,4808.7,DSL,Mailed check,High ($65-95),No,4613,0.01897680230253875,0,Very Low Risk
3090-QFUVD,1,Month-to-month,20.3,20.3,No,Credit card (automatic),Low (<$35),No,2507,0.2410726187239305,0,Very Low Risk
1722-LDZJS,53,One year,20.2,1068.15,No,Credit card (automatic),Low (<$35),No,6050,0.010657070392311523,0,Very Low Risk
1818-ESQMW,27,Month-to-month,89.2,2383.6,Fiber optic,Electronic check,High ($65-95),No,4384,0.537669643128773,1,Medium Risk
7401-RUBNK,18,Month-to-month,74.8,1438.05,Fiber optic,Electronic check,High ($65-95),No,4809,0.4944744054492856,0,Low Risk
0506-YLVKJ,46,Two year,20.2,917.45,No,Mailed check,Low (<$35),No,3136,0.007105336248221826,0,Very Low Risk
8661-BOYNW,72,Two year,84.4,6096.45,DSL,Credit card (automatic),High ($65-95),No,5046,0.018465215667638587,0,Very Low Risk
4815-GBTCD,4,Month-to-month,25.15,99.95,DSL,Electronic check,Low (<$35),No,3891,0.6892651019273308,1,Medium Risk
2805-AUFQN,25,Two year,19.8,475.2,No,Credit card (automatic),Low (<$35),No,3875,0.11661010105207359,0,Very Low Risk
0980-PVMRC,40,Month-to-month,50.85,2036.55,DSL,Electronic check,Medium ($35-65),No,2819,0.1501263976894949,0,Very Low Risk
7233-DRTRF,63,Month-to-month,102.4,6444.05,Fiber optic,Electronic check,Premium (>$95),No,5096,0.7265087539206369,1,Medium Risk
3873-NFTGI,14,Month-to-month,55.5,767.55,DSL,Credit card (automatic),Medium ($35-65),No,3520,0.4219139572621878,0,Low Risk
1162-ECVII,72,Two year,109.75,7932.5,Fiber optic,Bank transfer (automatic),Premium (>$95),No,4265,0.12095790061271121,0,Very Low Risk
7048-GXDAY,39,Month-to-month,106.4,4040.65,Fiber optic,Electronic check,Premium (>$95),No,4111,0.5046684688945975,1,Medium Risk
8571-ZCMCX,47,Two year,60.0,2768.65,DSL,Credit card (automatic),Medium ($35-65),No,3248,0.03976053118749378,0,Very Low Risk
1169-WCVAK,19,Month-to-month,88.8,1672.35,Fiber optic,Credit card (automatic),High ($65-95),No,4600,0.3435083802516278,0,Low Risk
7129-CAKJW,17,Month-to-month,80.05,1345.65,Fiber optic,Bank transfer (automatic),High ($65-95),No,3443,0.4467414023873909,0,Low Risk
8695-ARGXZ,34,Month-to-month,75.55,2425.4,Fiber optic,Electronic check,High ($65-95),No,5381,0.7489257757760275,1,Medium Risk
3570-YUEKJ,42,Month-to-month,49.55,2077.95,DSL,Electronic check,Medium ($35-65),No,3637,0.38750736862136514,0,Low Risk
1555-HAPSU,71,Two year,23.9,1663.5,No,Credit card (automatic),Low (<$35),No,5471,0.002154309627697726,0,Very Low Risk
1697-NVVGY,19,Month-to-month,66.4,1286.05,DSL,Bank transfer (automatic),High ($65-95),No,4533,0.23064166865397717,0,Very Low Risk
8464-EETCQ,57,Two year,18.8,1094.35,No,Credit card (automatic),Low (<$35),No,6466,0.02545823373710935,0,Very Low Risk
2419-FSORS,72,Two year,108.4,7719.5,Fiber optic,Electronic check,Premium (>$95),No,4394,0.16415705951099763,0,Very Low Risk
8132-YPVBX,6,Month-to-month,85.95,514.6,Fiber optic,Mailed check,High ($65-95),No,3291,0.7292526080041744,1,Medium Risk
6754-LZUKA,61,Two year,80.9,4932.5,DSL,Bank transfer (automatic),High ($65-95),No,4161,0.06930100245836686,0,Very Low Risk
8099-MZPUJ,48,Two year,111.8,5443.65,Fiber optic,Credit card (automatic),Premium (>$95),No,3922,0.036868250594889074,0,Very Low Risk
0787-LHDYT,16,Month-to-month,20.6,330.25,No,Credit card (automatic),Low (<$35),No,5667,0.14574611927813041,0,Very Low Risk
0374-IOEGQ,3,Month-to-month,44.6,122.7,DSL,Electronic check,Medium ($35-65),No,3122,0.6447347441854011,1,Medium Risk
3197-NNYNB,65,Two year,105.1,6631.85,Fiber optic,Credit card (automatic),Premium (>$95),No,5649,0.1421392802106531,0,Very Low Risk
3396-DKDEL,70,Two year,115.15,8250.0,Fiber optic,Credit card (automatic),Premium (>$95),No,4388,0.030399824256776346,0,Very Low Risk
1752-OZXFY,60,One year,59.8,3561.15,DSL,Mailed check,Medium ($35-65),No,5488,0.08649085860858215,0,Very Low Risk
9066-QRSDU,69,One year,26.3,1763.55,No,Electronic check,Low (<$35),No,5418,0.071743931471538,0,Very Low Risk
9112-WSNPU,35,Month-to-month,70.55,2419.0,Fiber optic,Electronic check,High ($65-95),No,5873,0.5546406436326106,1,Medium Risk
9867-NNXLC,22,Month-to-month,20.05,470.2,No,Mailed check,Low (<$35),No,5555,0.17756756685310124,0,Very Low Risk
5321-NTRKC,66,Two year,79.85,5234.95,DSL,Bank transfer (automatic),High ($65-95),No,6236,0.017951556234969454,0,Very Low Risk
3161-GETRM,34,Month-to-month,90.05,3097.0,Fiber optic,Credit card (automatic),High ($65-95),No,4648,0.1067640363055224,0,Very Low Risk
0402-OAMEN,72,Two year,24.45,1709.1,No,Bank transfer (automatic),Low (<$35),No,5335,0.001953689091598423,0,Very Low Risk
6933-VLYFX,31,One year,59.95,1848.8,DSL,Electronic check,Medium ($35-65),No,4337,0.043594182436115354,0,Very Low Risk
6754-WKSHP,30,One year,25.35,723.3,No,Bank transfer (automatic),Low (<$35),No,5915,0.027762951680688805,0,Very Low Risk
4976-LNFVV,19,Month-to-month,34.3,577.15,DSL,Credit card (automatic),Low (<$35),No,4615,0.2953712629565642,0,Low Risk
5055-MGMGF,65,Month-to-month,105.05,6914.95,Fiber optic,Electronic check,Premium (>$95),No,5313,0.41832218845325575,0,Low Risk
4641-FROLU,30,Two year,19.3,602.9,No,Mailed check,Low (<$35),No,4453,0.01455356456582217,0,Very Low Risk
2862-JVEOY,6,One year,19.15,124.4,No,Mailed check,Low (<$35),No,5322,0.05871579319144894,0,Very Low Risk
2969-QWUBZ,2,Month-to-month,51.4,96.8,DSL,Electronic check,Medium ($35-65),No,2580,0.47516100287102253,0,Low Risk
9822-BIIGN,53,Month-to-month,71.85,3827.9,DSL,Electronic check,High ($65-95),No,4903,0.09579340092489673,0,Very Low Risk
2077-MPJQO,7,Month-to-month,75.4,533.05,Fiber optic,Electronic check,High ($65-95),No,3533,0.8535528906858901,1,High Risk
1534-OULXE,61,One year,49.7,2961.4,DSL,Bank transfer (automatic),Medium ($35-65),No,4577,0.03123252039289212,0,Very Low Risk
2971-SGAFL,13,Month-to-month,78.75,995.35,DSL,Electronic check,High ($65-95),No,5631,0.4418745745499648,0,Low Risk
1480-IVEVR,35,One year,81.6,2815.25,Fiber optic,Bank transfer (automatic),High ($65-95),No,2300,0.25455874453022204,0,Low Risk
2905-KFQUV,2,Month-to-month,70.4,154.8,Fiber optic,Credit card (automatic),High ($65-95),No,5748,0.7073619923670723,1,Medium Risk
3370-HXOPH,3,Month-to-month,76.1,257.6,Fiber optic,Electronic check,High ($65-95),No,2650,0.7698552044486761,1,High Risk
9391-YZEJW,62,One year,94.0,5757.2,Fiber optic,Bank transfer (automatic),High ($65-95),No,4778,0.321620948209924,0,Low Risk
9958-MEKUC,72,Two year,103.95,7517.7,Fiber optic,Credit card (automatic),Premium (>$95),No,4495,0.00620838302436105,0,Very Low Risk
0281-CNTZX,63,Two year,19.95,1234.8,No,Bank transfer (automatic),Low (<$35),No,5151,0.0163098470704727,0,Very Low Risk
4118-CEVPF,35,One year,110.8,3836.3,Fiber optic,Bank transfer (automatic),Premium (>$95),No,2125,0.30815847152618003,0,Low Risk
9114-VEPUF,62,One year,96.1,6001.45,Fiber optic,Electronic check,Premium (>$95),No,6139,0.24310684051417614,0,Very Low Risk
7876-BEUTG,15,Month-to-month,48.8,720.1,DSL,Mailed check,Medium ($35-65),No,2577,0.5648405904618972,1,Medium Risk
2338-BQEZT,55,Month-to-month,50.55,2832.75,DSL,Credit card (automatic),Medium ($35-65),No,6250,0.22187558953492303,0,Very Low Risk
9873-MNDKV,11,Month-to-month,44.65,472.25,DSL,Mailed check,Medium ($35-65),No,4492,0.5431771695236385,1,Medium Risk
8241-JUIQO,61,One year,19.45,1336.35,No,Bank transfer (automatic),Low (<$35),No,4559,0.09001080576437234,0,Very Low Risk
2194-IIQOF,71,Two year,89.3,6388.65,DSL,Credit card (automatic),High ($65-95),No,4658,0.009028374639137143,0,Very Low Risk
9631-RXVJM,35,Two year,19.25,677.9,No,Mailed check,Low (<$35),No,2682,0.02725493350672036,0,Very Low Risk
9584-EXCDZ,17,Month-to-month,70.5,1165.6,Fiber optic,Bank transfer (automatic),High ($65-95),No,3650,0.4503618436473918,0,Low Risk
5093-FEGLU,47,Two year,19.65,921.55,No,Bank transfer (automatic),Low (<$35),No,4159,0.037732400106110016,0,Very Low Risk
2621-UDNLU,3,Month-to-month,20.85,72.0,No,Mailed check,Low (<$35),No,5867,0.3145890543576242,0,Low Risk
7526-IVLYU,3,Month-to-month,19.65,68.35,No,Mailed check,Low (<$35),No,4852,0.2889708563967615,0,Low Risk
2428-HYUNX,44,Two year,19.35,847.25,No,Credit card (automatic),Low (<$35),No,4975,0.03849932170322178,0,Very Low Risk
9214-EKVXR,1,Month-to-month,44.0,44.0,DSL,Mailed check,Medium ($35-65),No,4138,0.7043463132224016,1,Medium Risk
3410-MHHUM,44,One year,94.4,4295.35,Fiber optic,Electronic check,High ($65-95),No,5019,0.07599352353981184,0,Very Low Risk
2122-YWVYA,18,Month-to-month,75.4,1380.4,Fiber optic,Electronic check,High ($65-95),No,4792,0.6092451698895848,1,Medium Risk
2296-DKZFP,65,Two year,71.0,4386.2,DSL,Bank transfer (automatic),High ($65-95),No,6308,0.029401763201230134,0,Very Low Risk
8909-BOLNL,3,One year,21.2,52.05,No,Mailed check,Low (<$35),No,2088,0.10190293576273196,0,Very Low Risk
6603-YRDCJ,33,Two year,61.05,2018.4,DSL,Mailed check,Medium ($35-65),No,3215,0.037685158226780924,0,Very Low Risk
3229-USWAR,34,One year,79.95,2727.3,DSL,Bank transfer (automatic),High ($65-95),No,3570,0.12506621109867783,0,Very Low Risk
2138-VFAPZ,14,Two year,19.7,263.65,No,Mailed check,Low (<$35),No,2966,0.012250184846524313,0,Very Low Risk
6131-JLWZM,13,Month-to-month,20.3,275.4,No,Mailed check,Low (<$35),No,5332,0.19357332345051728,0,Very Low Risk
0269-XFESX,23,One year,24.35,538.5,No,Mailed check,Low (<$35),No,4031,0.019076313363980083,0,Very Low Risk
1709-EJDOX,47,Two year,19.75,948.9,No,Mailed check,Low (<$35),No,3843,0.003911954451776552,0,Very Low Risk
4316-XCSLJ,17,Month-to-month,50.3,846.8,DSL,Mailed check,Medium ($35-65),No,3202,0.1596460731785828,0,Very Low Risk
9693-XMUOB,59,Month-to-month,50.25,2997.45,DSL,Electronic check,Medium ($35-65),No,5546,0.5494893367938077,1,Medium Risk
0383-CLDDA,69,Two year,85.35,5897.4,DSL,Credit card (automatic),High ($65-95),No,6499,0.02718659087125401,0,Very Low Risk
2709-UQGNP,10,Month-to-month,51.65,524.5,DSL,Mailed check,Medium ($35-65),No,4292,0.3721525677881944,0,Low Risk
3549-ZTMNH,12,Two year,24.0,269.65,No,Bank transfer (automatic),Low (<$35),No,3705,0.02948674543634008,0,Very Low Risk
8033-ATFAS,39,Month-to-month,59.85,2341.5,DSL,Mailed check,Medium ($35-65),No,3900,0.10315809864943755,0,Very Low Risk
1635-NZATJ,71,Two year,25.45,1789.65,No,Credit card (automatic),Low (<$35),No,5341,0.008507640388339639,0,Very Low Risk
0562-HKHML,71,Two year,23.9,1626.4,No,Credit card (automatic),Low (<$35),No,5574,0.001712343866344615,0,Very Low Risk
8277-RVRSV,33,One year,24.15,800.3,No,Credit card (automatic),Low (<$35),No,4501,0.026201324556820383,0,Very Low Risk
9943-VSZUV,67,Month-to-month,75.7,5060.85,Fiber optic,Mailed check,High ($65-95),No,5823,0.3438224005674795,0,Low Risk
7054-ENNGU,9,Month-to-month,50.85,466.6,DSL,Mailed check,Medium ($35-65),No,4623,0.3167871302409631,0,Low Risk
1455-HFBXA,52,Two year,91.6,4627.8,Fiber optic,Credit card (automatic),High ($65-95),No,6069,0.07398023032433053,0,Very Low Risk
9402-CXWPL,70,One year,98.9,6838.6,Fiber optic,Electronic check,Premium (>$95),No,5980,0.3039858641671374,0,Low Risk
1628-BIZYP,1,Month-to-month,85.0,85.0,Fiber optic,Electronic check,High ($65-95),No,5754,0.8265765518737639,1,High Risk
0082-LDZUE,1,Month-to-month,44.3,44.3,DSL,Mailed check,Medium ($35-65),No,4427,0.717539056772651,1,Medium Risk
5343-SGUBI,52,One year,80.2,4297.6,Fiber optic,Mailed check,High ($65-95),No,5597,0.1653679812186628,0,Very Low Risk
0856-NAOES,6,Month-to-month,60.9,414.1,DSL,Mailed check,Medium ($35-65),No,2191,0.3964362371344818,0,Low Risk
1976-AZZPJ,7,Month-to-month,34.2,256.6,DSL,Mailed check,Low (<$35),No,5100,0.2650706845912165,0,Low Risk
6156-UZDLF,26,One year,87.15,2274.1,Fiber optic,Credit card (automatic),High ($65-95),No,5689,0.13901422289121,0,Very Low Risk
3099-OONVS,25,Month-to-month,54.3,1296.8,DSL,Electronic check,Medium ($35-65),No,3971,0.12603945074597372,0,Very Low Risk
9500-WBGRP,69,Two year,19.1,1268.85,No,Mailed check,Low (<$35),No,4535,0.03568770068810347,0,Very Low Risk
5183-KLYEM,72,Two year,112.75,8192.6,Fiber optic,Credit card (automatic),Premium (>$95),No,4927,0.04873992048716982,0,Very Low Risk
5144-PQCDZ,4,Month-to-month,19.95,59.25,No,Mailed check,Low (<$35),No,3172,0.277656593449687,0,Low Risk
8514-VZHEB,59,Two year,19.5,1147.85,No,Mailed check,Low (<$35),No,5293,0.003578151733183314,0,Very Low Risk
6625-IUTTT,67,Two year,65.55,4361.55,DSL,Bank transfer (automatic),High ($65-95),No,6035,0.0462607610597135,0,Very Low Risk
9355-NPPFS,26,Month-to-month,78.8,2006.1,Fiber optic,Electronic check,High ($65-95),No,4509,0.7306114163261248,1,Medium Risk
0068-FIGTF,27,One year,78.2,2078.95,DSL,Mailed check,High ($65-95),No,2297,0.13514947416871903,0,Very Low Risk
5965-GGPRW,72,Two year,105.25,7609.75,Fiber optic,Bank transfer (automatic),Premium (>$95),No,4427,0.0327370449025413,0,Very Low Risk
8035-PWSEV,6,Month-to-month,89.25,487.05,Fiber optic,Electronic check,High ($65-95),No,4430,0.6496426564287928,1,Medium Risk
2236-HILPA,62,Two year,20.65,1218.45,No,Credit card (automatic),Low (<$35),No,6403,0.0015750274853446847,0,Very Low Risk
1840-BIUOG,20,One year,68.7,1416.2,DSL,Electronic check,High ($65-95),No,2989,0.24161193705799988,0,Very Low Risk
1356-MKYSK,6,Month-to-month,78.65,483.3,DSL,Credit card (automatic),High ($65-95),No,2724,0.22285124066956033,0,Very Low Risk
6080-LNESI,51,Two year,24.75,1234.6,No,Mailed check,Low (<$35),No,5080,0.02418289850440991,0,Very Low Risk
1830-IPXVJ,61,Two year,19.75,1311.6,No,Credit card (automatic),Low (<$35),No,6108,0.005706545306299359,0,Very Low Risk
5828-DWPIL,62,Month-to-month,89.1,5618.3,Fiber optic,Electronic check,High ($65-95),No,4415,0.3081032098972147,0,Low Risk
8398-TBIYD,72,Two year,84.7,6185.15,Fiber optic,Bank transfer (automatic),High ($65-95),No,4520,0.06825119493877767,0,Very Low Risk
2931-FSOHN,13,Month-to-month,59.9,788.35,DSL,Electronic check,Medium ($35-65),No,5254,0.48732839649189436,0,Low Risk
9418-RUKPH,38,Two year,19.95,756.4,No,Mailed check,Low (<$35),No,3614,0.009929800688274587,0,Very Low Risk
9971-ZWPBF,34,Month-to-month,108.9,3625.2,Fiber optic,Electronic check,Premium (>$95),No,5151,0.16765017111445002,0,Very Low Risk
4712-AUQZO,18,Month-to-month,33.6,550.35,DSL,Mailed check,Low (<$35),No,5388,0.22353265209754927,0,Very Low Risk
9711-FJTBX,56,One year,85.85,4793.8,Fiber optic,Mailed check,High ($65-95),No,5058,0.038547844250439785,0,Very Low Risk
2908-ZTPNF,36,Month-to-month,34.85,1267.2,DSL,Bank transfer (automatic),Low (<$35),No,4452,0.2860088331139352,0,Low Risk
8421-WZOOW,57,Month-to-month,95.3,5567.45,Fiber optic,Credit card (automatic),Premium (>$95),No,4912,0.03747399111800724,0,Very Low Risk
1414-YADCW,70,Two year,84.6,5706.2,Fiber optic,Bank transfer (automatic),High ($65-95),No,5679,0.0739917849282184,0,Very Low Risk
8756-RDDLT,68,Month-to-month,44.95,3085.35,DSL,Electronic check,Medium ($35-65),No,5750,0.16299735971026866,0,Very Low Risk
2862-PFNIK,1,Month-to-month,24.7,24.7,DSL,Electronic check,Low (<$35),No,3518,0.5223405941944018,1,Medium Risk
5816-QVHRX,37,Month-to-month,100.3,3541.4,Fiber optic,Credit card (automatic),Premium (>$95),No,4040,0.42091719154865276,0,Low Risk
4430-YHXGG,4,Month-to-month,25.45,84.2,No,Mailed check,Low (<$35),No,2616,0.11012171664859594,0,Very Low Risk
6888-SBYAI,1,Month-to-month,50.7,50.7,DSL,Mailed check,Medium ($35-65),No,3007,0.5098104425648041,1,Medium Risk
7395-XWZOY,20,Month-to-month,55.0,1165.55,DSL,Credit card (automatic),Medium ($35-65),No,4481,0.2404892723888446,0,Very Low Risk
7169-YWAMK,72,Two year,68.4,4855.35,DSL,Bank transfer (automatic),High ($65-95),No,5504,0.011518321175557882,0,Very Low Risk
6859-RKMZJ,11,Month-to-month,55.05,608.15,DSL,Bank transfer (automatic),Medium ($35-65),No,2762,0.47081255503123143,0,Low Risk
2729-VNVAP,33,Two year,19.8,641.35,No,Credit card (automatic),Low (<$35),No,2635,0.004354861508572855,0,Very Low Risk
2957-JIRMN,62,One year,84.45,4959.15,Fiber optic,Electronic check,High ($65-95),No,4166,0.33374642693021295,0,Low Risk
2049-BAFNW,1,Month-to-month,35.9,35.9,DSL,Mailed check,Medium ($35-65),No,3929,0.3657052794667439,0,Low Risk
3842-QTGDL,16,Month-to-month,80.75,1321.3,Fiber optic,Bank transfer (automatic),High ($65-95),No,2942,0.3265735682204269,0,Low Risk
7163-OCEQI,22,One year,78.65,1663.75,DSL,Mailed check,High ($65-95),No,3571,0.09359615899515983,0,Very Low Risk
9782-LGXMC,49,Month-to-month,61.75,3024.15,DSL,Bank transfer (automatic),Medium ($35-65),No,5511,0.04272460173910695,0,Very Low Risk
5975-BAICR,36,One year,63.7,2188.5,DSL,Credit card (automatic),Medium ($35-65),No,2504,0.06951739389553578,0,Very Low Risk
4673-KKSLS,31,Month-to-month,87.6,2724.25,Fiber optic,Electronic check,High ($65-95),No,5094,0.3111547244773294,0,Low Risk
4853-OITSN,5,Month-to-month,89.15,413.25,Fiber optic,Electronic check,High ($65-95),No,2576,0.6367543254870948,1,Medium Risk
9800-OUIGR,66,Two year,20.0,1374.2,No,Credit card (automatic),Low (<$35),No,5011,0.0011904121007293,0,Very Low Risk
2324-EFHVG,64,Two year,104.4,6692.65,Fiber optic,Bank transfer (automatic),Premium (>$95),No,5617,0.23086892413031013,0,Very Low Risk
7094-MSZAO,10,Month-to-month,20.05,218.5,No,Credit card (automatic),Low (<$35),No,2049,0.06550974435820472,0,Very Low Risk
6907-CQGPN,29,Month-to-month,34.3,1004.75,DSL,Electronic check,Low (<$35),No,2555,0.2090896432450608,0,Very Low Risk
0780-XNZFN,57,Two year,20.65,1125.6,No,Bank transfer (automatic),Low (<$35),No,4193,0.03292264400886363,0,Very Low Risk
0239-OXEXL,46,Month-to-month,84.25,3847.6,Fiber optic,Mailed check,High ($65-95),No,3509,0.2583186829276593,0,Low Risk
2675-IJRGJ,53,Two year,19.65,978.0,No,Bank transfer (automatic),Low (<$35),No,5878,0.09000871084321953,0,Very Low Risk
7049-GKVZY,17,One year,79.85,1387.35,DSL,Credit card (automatic),High ($65-95),No,5574,0.14839587851330768,0,Very Low Risk
8577-QSOCG,38,Two year,20.2,746.05,No,Mailed check,Low (<$35),No,2631,0.011804800688274586,0,Very Low Risk
3721-CNZHX,15,One year,19.8,304.6,No,Mailed check,Low (<$35),No,5753,0.04368795433821023,0,Very Low Risk
0212-ISBBF,22,Month-to-month,50.35,1098.85,DSL,Electronic check,Medium ($35-65),No,2875,0.4983361050006084,0,Low Risk
3585-YNADK,57,One year,74.6,4368.95,DSL,Bank transfer (automatic),High ($65-95),No,4546,0.07460908068082975,0,Very Low Risk
5271-DBYSJ,11,Month-to-month,79.15,827.7,Fiber optic,Credit card (automatic),High ($65-95),No,3355,0.540086719676637,1,Medium Risk
1099-GODLO,1,Two year,20.35,20.35,No,Mailed check,Low (<$35),No,4836,0.14370596907305594,0,Very Low Risk
6828-HMKWP,12,Two year,21.05,262.05,No,Bank transfer (automatic),Low (<$35),No,4843,0.018369131393070125,0,Very Low Risk
1472-TNCWL,36,Month-to-month,94.7,3512.5,Fiber optic,Electronic check,High ($65-95),No,4671,0.23542837771605868,0,Very Low Risk
2080-GKCWQ,2,Month-to-month,74.95,151.75,Fiber optic,Electronic check,High ($65-95),No,3969,0.6168272836045866,1,Medium Risk
2193-SFWQW,72,Two year,111.95,8033.1,Fiber optic,Bank transfer (automatic),Premium (>$95),No,4004,0.02394598142922834,0,Very Low Risk
5656-JAMLX,62,Two year,19.85,1253.65,No,Bank transfer (automatic),Low (<$35),No,4278,0.02460590613464573,0,Very Low Risk
3462-BJQQA,6,Month-to-month,89.75,552.65,Fiber optic,Electronic check,High ($65-95),No,2370,0.8409014033093664,1,High Risk
0442-TDYUO,48,Two year,20.05,1036.0,No,Mailed check,Low (<$35),No,2964,0.06814798903410774,0,Very Low Risk
6733-LRIZX,35,Two year,108.95,4025.5,Fiber optic,Electronic check,Premium (>$95),No,5903,0.320485498713235,0,Low Risk
9503-XJUME,52,One year,19.65,928.4,No,Credit card (automatic),Low (<$35),No,4279,0.015469373652297955,0,Very Low Risk
4367-NHWMM,1,Month-to-month,24.9,24.9,DSL,Mailed check,Low (<$35),No,5318,0.7120551720333512,1,Medium Risk
3779-OSWCF,71,Two year,93.2,6506.15,DSL,Credit card (automatic),High ($65-95),No,4493,0.01451090415742603,0,Very Low Risk
6736-DHUQI,67,One year,84.8,5598.3,Fiber optic,Bank transfer (automatic),High ($65-95),No,6072,0.024609895938754595,0,Very Low Risk
3915-ODIYG,60,One year,71.75,4374.55,DSL,Electronic check,High ($65-95),No,4964,0.12629097977803883,0,Very Low Risk
1360-RCYRT,23,Month-to-month,30.35,678.75,DSL,Bank transfer (automatic),Low (<$35),No,4960,0.11554030935058612,0,Very Low Risk
2724-FJDYW,39,One year,54.85,2191.7,DSL,Bank transfer (automatic),Medium ($35-65),No,3884,0.05397405798108992,0,Very Low Risk
4451-RWASJ,15,One year,19.5,239.75,No,Mailed check,Low (<$35),No,5471,0.028140096922322142,0,Very Low Risk
3460-TJBWI,24,Two year,24.2,609.05,No,Mailed check,Low (<$35),No,5865,0.011061257483723847,0,Very Low Risk
5917-HBSDW,37,Month-to-month,19.35,683.75,No,Electronic check,Low (<$35),No,2360,0.03060275283223184,0,Very Low Risk
5671-UUNXD,50,One year,100.65,5189.75,Fiber optic,Electronic check,Premium (>$95),No,5791,0.4029593631073062,0,Low Risk
0956-ACVZC,54,One year,94.1,5060.9,Fiber optic,Credit card (automatic),High ($65-95),No,4084,0.2819709729564311,0,Low Risk
2325-NBPZG,3,Month-to-month,74.55,233.65,Fiber optic,Electronic check,High ($65-95),No,5125,0.7046655716343275,1,Medium Risk
4482-FTFFX,5,Month-to-month,56.15,291.45,DSL,Electronic check,Medium ($35-65),No,5232,0.41426995625606133,0,Low Risk
8859-DZTGQ,33,Two year,20.35,689.75,No,Mailed check,Low (<$35),No,2507,0.032135341687233414,0,Very Low Risk
0440-MOGPM,41,One year,80.55,3263.9,DSL,Electronic check,High ($65-95),No,4176,0.2626017072180412,0,Low Risk
0020-JDNXP,34,One year,61.25,1993.2,DSL,Mailed check,Medium ($35-65),No,3607,0.043524339384511314,0,Very Low Risk
3752-CQSJI,13,Month-to-month,20.45,254.5,No,Mailed check,Low (<$35),No,5417,0.10354563114811752,0,Very Low Risk
5025-GOOKI,20,Month-to-month,18.9,347.65,No,Credit card (automatic),Low (<$35),No,4277,0.14524304098751112,0,Very Low Risk
4698-KVLLG,51,Two year,19.6,967.9,No,Credit card (automatic),Low (<$35),No,4224,0.0270594651200633,0,Very Low Risk
2887-JPYLU,41,Month-to-month,45.2,1841.9,DSL,Bank transfer (automatic),Medium ($35-65),No,4418,0.14991818756584135,0,Very Low Risk
4770-QAZXN,13,Month-to-month,19.45,232.1,No,Credit card (automatic),Low (<$35),No,2783,0.2073267791981852,0,Very Low Risk
4896-CPRPF,35,Two year,25.45,809.25,No,Bank transfer (automatic),Low (<$35),No,4873,0.0014982897160749574,0,Very Low Risk
9714-EDSUC,4,Month-to-month,94.9,360.55,Fiber optic,Mailed check,High ($65-95),No,3094,0.3935208564642526,0,Low Risk
0282-NVSJS,12,Month-to-month,29.3,355.9,DSL,Mailed check,Low (<$35),No,3353,0.16771313447238193,0,Very Low Risk
7353-YOWFP,7,One year,20.25,129.15,No,Mailed check,Low (<$35),No,4208,0.11944611113681206,0,Very Low Risk
8008-ESFLK,53,One year,110.5,5835.5,Fiber optic,Electronic check,Premium (>$95),No,4135,0.3094867398497221,0,Low Risk
7537-CBQUZ,63,Month-to-month,109.4,7031.45,Fiber optic,Bank transfer (automatic),Premium (>$95),No,5961,0.29410277509283983,0,Low Risk
3363-EWLGO,5,Month-to-month,19.95,109.6,No,Mailed check,Low (<$35),No,5252,0.33955284702877314,0,Low Risk
4750-UKWJK,37,One year,19.6,727.8,No,Mailed check,Low (<$35),No,5730,0.03270763782603548,0,Very Low Risk
1689-YQBYY,12,Month-to-month,76.6,893.0,Fiber optic,Electronic check,High ($65-95),No,3280,0.48418394698242007,0,Low Risk
4487-ZYJZK,38,One year,19.6,763.1,No,Credit card (automatic),Low (<$35),No,4623,0.01613838959727483,0,Very Low Risk
2959-FENLU,9,Month-to-month,85.3,781.4,Fiber optic,Credit card (automatic),High ($65-95),No,5850,0.6073572427091332,1,Medium Risk
0708-LGSMF,13,Month-to-month,65.85,902.25,DSL,Electronic check,High ($65-95),No,2731,0.4870363662711059,0,Low Risk
7634-HLQJR,47,Two year,20.05,1016.7,No,Credit card (automatic),Low (<$35),No,3260,0.003263379852140797,0,Very Low Risk
0487-RPVUM,61,Month-to-month,99.4,5943.65,Fiber optic,Bank transfer (automatic),Premium (>$95),No,5404,0.24818394277495046,0,Very Low Risk
4079-ULGFR,16,Month-to-month,20.0,275.7,No,Mailed check,Low (<$35),No,3705,0.18860988480377994,0,Very Low Risk
2516-XSJKX,41,Two year,78.45,3126.45,DSL,Electronic check,High ($65-95),No,5468,0.032734810491777025,0,Very Low Risk
0057-QBUQH,43,Two year,25.1,1070.15,No,Electronic check,Low (<$35),No,4797,0.015115653019319268,0,Very Low Risk
6599-SFQVE,6,Month-to-month,55.0,340.4,DSL,Electronic check,Medium ($35-65),No,2629,0.725313317026948,1,Medium Risk
8331-ZXFOE,58,One year,71.1,4299.2,DSL,Credit card (automatic),High ($65-95),No,5395,0.08448881928165367,0,Very Low Risk
4003-FUSHP,19,Month-to-month,61.55,1093.2,DSL,Credit card (automatic),Medium ($35-65),No,5831,0.3500039269136957,0,Low Risk
0356-ERHVT,11,Month-to-month,45.9,521.9,DSL,Bank transfer (automatic),Medium ($35-65),No,3880,0.4699680499844145,0,Low Risk
7325-ENZFI,39,One year,40.3,1630.4,DSL,Bank transfer (automatic),Medium ($35-65),No,3424,0.08569746491030095,0,Very Low Risk
4884-ZTHVF,8,Month-to-month,87.1,713.6,Fiber optic,Electronic check,High ($65-95),No,3950,0.7897647562152522,1,High Risk
3920-HIHMQ,26,Month-to-month,49.5,1265.65,DSL,Mailed check,Medium ($35-65),No,4196,0.1662445293676475,0,Very Low Risk
3055-OYMSE,53,Month-to-month,73.8,4003.85,Fiber optic,Credit card (automatic),High ($65-95),No,6469,0.3314177611123872,0,Low Risk
0613-WUXUM,70,Two year,19.2,1401.4,No,Mailed check,Low (<$35),No,5261,0.0066182147289917635,0,Very Low Risk
4458-KVRBJ,59,Two year,25.0,1510.5,No,Mailed check,Low (<$35),No,5537,0.02269533359536126,0,Very Low Risk
1397-XKKWR,7,One year,35.3,264.8,DSL,Mailed check,Medium ($35-65),No,3463,0.18518784488706963,0,Very Low Risk
8097-OMULG,59,One year,76.75,4541.9,DSL,Credit card (automatic),High ($65-95),No,5918,0.02428307864443928,0,Very Low Risk
6013-BHCAW,61,Two year,81.0,4976.15,DSL,Bank transfer (automatic),High ($65-95),No,4151,0.021402528625774173,0,Very Low Risk
0401-WDBXM,72,Two year,105.55,7542.25,Fiber optic,Bank transfer (automatic),Premium (>$95),No,4331,0.050876265484215664,0,Very Low Risk
3387-PLKUI,13,Month-to-month,18.8,251.25,No,Mailed check,Low (<$35),No,2333,0.06465054375974864,0,Very Low Risk
6096-EGVTU,64,One year,24.9,1595.5,No,Mailed check,Low (<$35),No,5038,0.04319727868288055,0,Very Low Risk
5081-NWSUP,10,One year,64.9,685.55,DSL,Mailed check,Medium ($35-65),No,4883,0.17117713324607653,0,Very Low Risk
2580-ATZSQ,65,One year,61.35,3874.1,DSL,Bank transfer (automatic),Medium ($35-65),No,6354,0.023647876412093812,0,Very Low Risk
8085-MSNLK,62,Two year,113.95,6891.4,Fiber optic,Mailed check,Premium (>$95),No,6193,0.08978921978250928,0,Very Low Risk
9691-HKOVS,55,One year,90.15,4916.95,DSL,Electronic check,High ($65-95),No,4712,0.1377245443119211,0,Very Low Risk
9881-VCZEP,25,Month-to-month,54.1,1373.0,DSL,Electronic check,Medium ($35-65),No,5701,0.30906925735819163,0,Low Risk
8757-TFHHJ,1,Month-to-month,49.8,49.8,DSL,Credit card (automatic),Medium ($35-65),No,2978,0.48682584056516554,0,Low Risk
1468-DEFNC,64,Two year,24.4,1548.65,No,Bank transfer (automatic),Low (<$35),No,4772,0.005026400241613768,0,Very Low Risk
5119-KEPFY,36,Month-to-month,95.0,3440.25,Fiber optic,Bank transfer (automatic),High ($65-95),No,3057,0.6135245294214766,1,Medium Risk
0916-KNFAJ,61,Two year,69.9,4226.7,DSL,Mailed check,High ($65-95),No,5117,0.04882069015903389,0,Very Low Risk
8319-QBEHW,26,One year,39.95,1023.75,DSL,Bank transfer (automatic),Medium ($35-65),No,2715,0.0915494025109996,0,Very Low Risk
9625-QNLUX,68,Two year,103.25,7074.4,Fiber optic,Credit card (automatic),Premium (>$95),No,4751,0.03557882259496281,0,Very Low Risk
4024-CSNBY,72,Two year,94.25,6849.75,Fiber optic,Bank transfer (automatic),High ($65-95),No,6295,0.0672480442367767,0,Very Low Risk
7110-BDTWG,71,Two year,47.05,3263.6,DSL,Electronic check,Medium ($35-65),No,6302,0.15850680911991125,0,Very Low Risk
7493-GVFIO,57,Two year,20.55,1252.85,No,Credit card (automatic),Low (<$35),No,4565,0.018254659442858635,0,Very Low Risk
0690-SRQID,4,Month-to-month,19.65,67.55,No,Mailed check,Low (<$35),No,4925,0.27760242758475917,0,Low Risk
9605-WGJVW,1,Month-to-month,70.2,70.2,Fiber optic,Electronic check,High ($65-95),No,2422,0.8756399027120431,1,High Risk
9114-DPSIA,72,Two year,81.0,5750.0,DSL,Credit card (automatic),High ($65-95),No,4237,0.009904393529422805,0,Very Low Risk
4700-UBQMV,21,One year,75.9,1549.75,DSL,Bank transfer (automatic),High ($65-95),No,3503,0.0855284256057921,0,Very Low Risk
7711-GQBZC,71,Two year,24.7,1810.55,No,Bank transfer (automatic),Low (<$35),No,5187,0.001953689091598423,0,Very Low Risk
4627-MIHJH,69,Two year,110.25,7467.55,Fiber optic,Credit card (automatic),Premium (>$95),No,4948,0.13336918704009823,0,Very Low Risk
9795-NREXC,64,Two year,85.0,5484.4,DSL,Credit card (automatic),High ($65-95),No,5472,0.03222178693283296,0,Very Low Risk
8573-CGOCC,16,Month-to-month,19.75,294.9,No,Credit card (automatic),Low (<$35),No,5433,0.18134983293936308,0,Very Low Risk
7356-AYNJP,4,One year,23.9,97.5,No,Electronic check,Low (<$35),No,5685,0.1256303678468318,0,Very Low Risk
6286-SUUWT,1,Month-to-month,19.95,19.95,No,Mailed check,Low (<$35),No,5916,0.589119826960006,1,Medium Risk
4819-HJPIW,18,Month-to-month,25.15,476.8,DSL,Mailed check,Low (<$35),No,2675,0.35605475347570914,0,Low Risk
8654-DHAOW,2,Month-to-month,54.15,101.65,DSL,Mailed check,Medium ($35-65),No,3527,0.5122801881171494,1,Medium Risk
5438-QMDDL,19,Month-to-month,59.8,1130.85,DSL,Mailed check,Medium ($35-65),No,3652,0.3724894878573041,0,Low Risk
9812-GHVRI,40,Month-to-month,83.85,3532.25,Fiber optic,Bank transfer (automatic),High ($65-95),No,4294,0.5022066273417395,1,Medium Risk
5553-AOINX,66,One year,104.9,6891.45,Fiber optic,Electronic check,Premium (>$95),No,4892,0.12323257290907433,0,Very Low Risk
1228-ZLNBX,21,Month-to-month,75.3,1570.7,Fiber optic,Mailed check,High ($65-95),No,2847,0.44431512883320684,0,Low Risk
4226-KKDON,8,Month-to-month,66.65,520.95,DSL,Electronic check,High ($65-95),No,3804,0.37792841149735956,0,Low Risk
3831-YCPUO,72,Two year,109.5,7854.9,Fiber optic,Credit card (automatic),Premium (>$95),No,6419,0.008164724024588836,0,Very Low Risk
7445-WMRBW,48,One year,73.85,3581.4,DSL,Bank transfer (automatic),High ($65-95),No,4740,0.15344700705905306,0,Very Low Risk
3308-DGHKL,69,Two year,19.3,1447.9,No,Bank transfer (automatic),Low (<$35),No,5028,0.03143017698344024,0,Very Low Risk
9924-JPRMC,72,Two year,118.2,8547.15,Fiber optic,Electronic check,Premium (>$95),No,4886,0.07172021964771091,0,Very Low Risk
0080-EMYVY,14,One year,51.45,727.85,DSL,Credit card (automatic),Medium ($35-65),No,4298,0.1768641758648669,0,Very Low Risk
6218-KNUBD,6,Month-to-month,59.45,357.6,DSL,Electronic check,Medium ($35-65),No,2393,0.4114370468776447,0,Low Risk
7337-CINUD,8,Two year,19.5,159.35,No,Bank transfer (automatic),Low (<$35),No,5206,0.04807894250743411,0,Very Low Risk
7609-NRNCA,17,One year,19.55,280.85,No,Mailed check,Low (<$35),No,4947,0.04970621411460709,0,Very Low Risk
0623-EJQEG,65,One year,93.55,6069.25,Fiber optic,Electronic check,High ($65-95),No,5774,0.13231797331096906,0,Very Low Risk
7153-CHRBV,57,One year,59.3,3274.35,DSL,Mailed check,Medium ($35-65),No,6287,0.01604273080725567,0,Very Low Risk
6198-PNNSZ,56,One year,109.8,6109.65,Fiber optic,Bank transfer (automatic),Premium (>$95),No,5648,0.20758667559087915,0,Very Low Risk
3317-VLGQT,14,Month-to-month,78.1,1122.4,Fiber optic,Electronic check,High ($65-95),No,3157,0.7946633310763582,1,High Risk
4132-POCZS,52,Month-to-month,39.9,2020.9,DSL,Electronic check,Medium ($35-65),No,6371,0.3255492146129109,0,Low Risk
5614-DNZCE,58,Two year,64.9,3795.45,DSL,Credit card (automatic),Medium ($35-65),No,5040,0.029450570160023806,0,Very Low Risk
3896-RCYYE,67,Month-to-month,53.4,3579.15,DSL,Credit card (automatic),Medium ($35-65),No,5990,0.18935375808252874,0,Very Low Risk
9638-JIQYA,2,Month-to-month,24.9,49.7,DSL,Credit card (automatic),Low (<$35),No,4033,0.5381410434084729,1,Medium Risk
3258-SANFR,6,Month-to-month,44.7,276.5,DSL,Credit card (automatic),Medium ($35-65),No,4270,0.4137395012886588,0,Low Risk
3726-TBHQT,71,Two year,114.0,8175.9,Fiber optic,Bank transfer (automatic),Premium (>$95),No,5600,0.020077621797782243,0,Very Low Risk
3190-ITQXP,46,Two year,20.25,890.35,No,Bank transfer (automatic),Low (<$35),No,3879,0.004974049129156661,0,Very Low Risk
4833-QTJNO,67,Month-to-month,83.85,5588.8,Fiber optic,Bank transfer (automatic),High ($65-95),No,5261,0.195253731335205,0,Very Low Risk
3039-MJSLN,3,Month-to-month,20.2,50.6,No,Bank transfer (automatic),Low (<$35),No,3594,0.1540973445834558,0,Very Low Risk
0178-CIIKR,3,Month-to-month,19.95,58.0,No,Mailed check,Low (<$35),No,5949,0.35420840126196096,0,Low Risk
5774-QPLTF,50,One year,20.35,938.95,No,Mailed check,Low (<$35),No,6391,0.020386554159068385,0,Very Low Risk
2322-VCZHZ,23,Month-to-month,90.0,2024.1,Fiber optic,Electronic check,High ($65-95),No,4999,0.49639991848896314,0,Low Risk
5010-IPEAQ,67,Two year,54.2,3623.95,DSL,Credit card (automatic),Medium ($35-65),No,5261,0.011261909451369147,0,Very Low Risk
6383-ZTSIW,39,One year,99.1,3877.95,Fiber optic,Mailed check,Premium (>$95),No,4599,0.339549869166466,0,Low Risk
8990-YOZLV,69,Two year,66.9,4577.9,DSL,Mailed check,High ($65-95),No,5059,0.0242380544337696,0,Very Low Risk
3069-SSVSN,1,One year,25.85,25.85,DSL,Mailed check,Low (<$35),No,4467,0.4296264201465119,0,Low Risk
5222-IMUKT,32,Month-to-month,91.05,2871.5,Fiber optic,Electronic check,High ($65-95),No,2716,0.5996725711928739,1,Medium Risk
6685-XSHHU,60,Two year,20.95,1270.55,No,Bank transfer (automatic),Low (<$35),No,4425,0.004629124756770664,0,Very Low Risk
8901-UPRHR,72,Two year,109.2,7711.45,Fiber optic,Bank transfer (automatic),Premium (>$95),No,6130,0.03592905309395119,0,Very Low Risk
0118-JPNOY,26,Month-to-month,85.8,2193.65,Fiber optic,Credit card (automatic),High ($65-95),No,5700,0.415726040137405,0,Low Risk
3845-FXCYS,2,Month-to-month,19.65,31.2,No,Electronic check,Low (<$35),No,4841,0.22573726839339414,0,Very Low Risk
5857-XRECV,2,One year,20.5,38.25,No,Bank transfer (automatic),Low (<$35),No,4486,0.09376564659797806,0,Very Low Risk
0725-CXOTM,36,One year,89.65,3348.1,DSL,Credit card (automatic),High ($65-95),No,4844,0.11833646093651115,0,Very Low Risk
4343-EJVQB,7,Month-to-month,74.35,533.6,Fiber optic,Mailed check,High ($65-95),No,2463,0.3877696464559614,0,Low Risk
9000-PLFUZ,60,Two year,49.45,2907.55,DSL,Credit card (automatic),Medium ($35-65),No,4277,0.09272972694029416,0,Very Low Risk
3427-GGZZI,19,Month-to-month,89.1,1620.8,Fiber optic,Electronic check,High ($65-95),No,3624,0.7662811378757125,1,High Risk
7779-ORAEL,45,Two year,75.15,3480.35,DSL,Credit card (automatic),High ($65-95),No,5837,0.05752094553425959,0,Very Low Risk
0644-OQMDK,4,Month-to-month,70.65,293.85,Fiber optic,Electronic check,High ($65-95),No,4510,0.8454306837520491,1,High Risk
3154-CFSZG,47,Month-to-month,90.05,4137.2,Fiber optic,Electronic check,High ($65-95),No,3291,0.11263107148341735,0,Very Low Risk
2220-IAHLS,1,Month-to-month,19.4,19.4,No,Credit card (automatic),Low (<$35),No,5566,0.19924543316539656,0,Very Low Risk
1658-XUHBX,59,Month-to-month,88.75,5348.65,Fiber optic,Credit card (automatic),High ($65-95),No,6492,0.10929009010049903,0,Very Low Risk
2378-HTWFW,35,Month-to-month,91.0,3180.5,Fiber optic,Credit card (automatic),High ($65-95),No,5527,0.3534183231100932,0,Low Risk
4377-VDHYI,32,One year,90.8,3023.85,Fiber optic,Electronic check,High ($65-95),No,2722,0.1037668082989977,0,Very Low Risk
3719-TDVQB,54,Two year,18.95,1031.1,No,Mailed check,Low (<$35),No,5548,0.12155965794781025,0,Very Low Risk
0201-MIBOL,66,Two year,102.4,6471.85,Fiber optic,Bank transfer (automatic),Premium (>$95),No,4861,0.17189169800218132,0,Very Low Risk
4937-QPZPO,61,One year,99.9,6241.35,Fiber optic,Electronic check,Premium (>$95),No,5641,0.18396485550502464,0,Very Low Risk
2925-VDZHY,72,Two year,88.7,6501.35,DSL,Credit card (automatic),High ($65-95),No,4641,0.002369185178152159,0,Very Low Risk
6981-TDRFT,44,One year,54.3,2317.1,DSL,Electronic check,Medium ($35-65),No,3423,0.06118951962714654,0,Very Low Risk
3413-CSSTH,41,Month-to-month,55.7,2237.55,DSL,Bank transfer (automatic),Medium ($35-65),No,5590,0.37859750627737765,0,Low Risk
8033-VCZGH,50,One year,103.95,5231.3,Fiber optic,Electronic check,Premium (>$95),No,4363,0.44326482967452097,0,Low Risk
0224-NIJLP,8,Two year,20.15,165.5,No,Mailed check,Low (<$35),No,3899,0.01723175343964619,0,Very Low Risk
7542-CYDDM,18,Month-to-month,20.05,358.5,No,Mailed check,Low (<$35),No,4204,0.1661831545349531,0,Very Low Risk
4718-WXBGI,72,Two year,91.95,6614.9,DSL,Credit card (automatic),High ($65-95),No,4403,0.002388436525366195,0,Very Low Risk
8495-PRWFH,42,Month-to-month,55.65,2421.75,DSL,Electronic check,Medium ($35-65),No,5831,0.37805657043128704,0,Low Risk
0439-IFYUN,18,Month-to-month,74.7,1294.6,Fiber optic,Electronic check,High ($65-95),No,3896,0.7093726351610382,1,Medium Risk
5716-LIBJC,13,One year,104.15,1299.1,Fiber optic,Credit card (automatic),Premium (>$95),No,2810,0.13893318763730625,0,Very Low Risk
2868-LLSKM,68,One year,83.65,5733.4,Fiber optic,Bank transfer (automatic),High ($65-95),No,5958,0.04066593291376585,0,Very Low Risk
2988-QRAJY,69,Two year,110.05,7430.75,Fiber optic,Credit card (automatic),Premium (>$95),No,5798,0.13824923505566655,0,Very Low Risk
0071-NDAFP,25,Two year,25.5,630.6,No,Credit card (automatic),Low (<$35),No,5230,0.011204350387983364,0,Very Low Risk
7328-ZJAJO,59,Two year,19.5,1222.65,No,Credit card (automatic),Low (<$35),No,4579,0.0011610907608448145,0,Very Low Risk
6458-CYIDZ,5,Month-to-month,80.7,374.8,Fiber optic,Electronic check,High ($65-95),No,3468,0.39318632870612324,0,Low Risk
1090-PYKCI,69,One year,105.1,7234.8,Fiber optic,Credit card (automatic),Premium (>$95),No,4686,0.030817944680784262,0,Very Low Risk
3058-WQDRE,13,Month-to-month,25.15,331.85,DSL,Bank transfer (automatic),Low (<$35),No,4943,0.4876155831008815,0,Low Risk
2279-AXJJK,52,Month-to-month,95.65,5088.4,Fiber optic,Credit card (automatic),Premium (>$95),No,4465,0.36859405118760896,0,Low Risk
0909-SELIE,61,Two year,80.8,4860.85,DSL,Bank transfer (automatic),High ($65-95),No,4302,0.02282285035081674,0,Very Low Risk
3417-TSCIC,29,One year,24.85,788.05,DSL,Mailed check,Low (<$35),No,4161,0.2500589038636976,0,Low Risk
1042-HFUCW,25,One year,54.75,1266.35,DSL,Credit card (automatic),Medium ($35-65),No,5136,0.07661060813028105,0,Very Low Risk
6537-OTKMY,15,One year,50.75,688.2,DSL,Electronic check,Medium ($35-65),No,5091,0.3397235842957829,0,Low Risk
8999-EXMNO,19,Two year,20.15,387.7,No,Mailed check,Low (<$35),No,4246,0.006123850136327559,0,Very Low Risk
6725-TPKJO,44,Two year,20.05,845.25,No,Mailed check,Low (<$35),No,2798,0.031020905891451123,0,Very Low Risk
7162-WPHPM,58,Two year,71.6,4230.25,DSL,Credit card (automatic),High ($65-95),No,4747,0.013498254702515049,0,Very Low Risk
1599-MMYRQ,62,One year,81.45,4983.05,Fiber optic,Credit card (automatic),High ($65-95),No,5179,0.03888800158119092,0,Very Low Risk
8821-KVZKQ,70,One year,58.4,4113.15,DSL,Bank transfer (automatic),Medium ($35-65),No,4117,0.03866925922727841,0,Very Low Risk
6434-TTGJP,10,Two year,53.7,521.0,DSL,Credit card (automatic),Medium ($35-65),No,5671,0.04861695781929746,0,Very Low Risk
0042-JVWOJ,26,One year,19.6,471.85,No,Bank transfer (automatic),Low (<$35),No,3722,0.04389567211197178,0,Very Low Risk
0130-SXOUN,66,Month-to-month,89.4,5976.9,Fiber optic,Credit card (automatic),High ($65-95),No,4889,0.30052948047371597,0,Low Risk
2330-PQGDQ,51,One year,84.2,4299.75,Fiber optic,Bank transfer (automatic),High ($65-95),No,4952,0.041762691378336374,0,Very Low Risk
1452-UZOSF,72,Two year,106.1,7548.6,Fiber optic,Credit card (automatic),Premium (>$95),No,4890,0.014835103102966535,0,Very Low Risk
2097-YVPKN,65,Two year,25.75,1654.75,No,Mailed check,Low (<$35),No,5707,0.015964904008627375,0,Very Low Risk
8597-CTXVJ,70,One year,64.95,4551.5,DSL,Bank transfer (automatic),Medium ($35-65),No,5392,0.03219781401506602,0,Very Low Risk
6631-HMANX,72,Two year,85.45,6227.5,DSL,Credit card (automatic),High ($65-95),No,5641,0.02916404526080816,0,Very Low Risk
9962-BFPDU,1,Month-to-month,20.05,20.05,No,Mailed check,Low (<$35),No,5811,0.49629771666900546,0,Low Risk
6394-HHHZM,3,Month-to-month,20.7,57.5,No,Mailed check,Low (<$35),No,2011,0.2995089468301517,0,Low Risk
5995-LFTLE,58,Two year,25.3,1474.35,No,Credit card (automatic),Low (<$35),No,4477,0.058256483872651234,0,Very Low Risk
1932-UEDCX,33,Month-to-month,100.6,3270.25,Fiber optic,Bank transfer (automatic),Premium (>$95),No,3669,0.6173562826982841,1,Medium Risk
5188-HGMLP,54,Month-to-month,74.0,3919.15,Fiber optic,Bank transfer (automatic),High ($65-95),No,4991,0.3165381224820371,0,Low Risk
0665-XHDJU,72,Two year,99.4,7285.7,Fiber optic,Electronic check,Premium (>$95),No,6022,0.32600029574492384,0,Low Risk
8265-HKSOW,72,Two year,107.45,7658.3,Fiber optic,Credit card (automatic),Premium (>$95),No,4505,0.014311804605995983,0,Very Low Risk
3544-FBCAS,72,Two year,83.6,5959.3,DSL,Credit card (automatic),High ($65-95),No,4116,0.010702102598985458,0,Very Low Risk
5331-RGMTT,54,Month-to-month,99.05,5295.7,Fiber optic,Credit card (automatic),Premium (>$95),No,4011,0.5549095135232678,1,Medium Risk
4759-PXTAN,59,One year,80.1,4693.2,DSL,Electronic check,High ($65-95),No,4093,0.22067788913358502,0,Very Low Risk
7054-DMVAS,54,Two year,65.3,3512.9,DSL,Bank transfer (automatic),High ($65-95),No,4556,0.056792125125408245,0,Very Low Risk
3428-MMGUB,60,Two year,89.55,5231.2,Fiber optic,Electronic check,High ($65-95),No,5874,0.36750257126978525,0,Low Risk
6549-BTYPG,60,Two year,60.8,3603.45,DSL,Credit card (automatic),Medium ($35-65),No,5784,0.01310188525324447,0,Very Low Risk
7823-JSOAG,3,Month-to-month,74.5,217.45,Fiber optic,Electronic check,High ($65-95),No,5203,0.7484112736644448,1,Medium Risk
3705-RHRFR,69,Two year,99.15,6875.35,Fiber optic,Bank transfer (automatic),Premium (>$95),No,5031,0.11763240057239695,0,Very Low Risk
9374-YOLBJ,1,Month-to-month,19.25,19.25,No,Electronic check,Low (<$35),No,2053,0.3002055380221055,0,Low Risk
9074-KGVOX,50,Month-to-month,39.45,2021.35,DSL,Credit card (automatic),Medium ($35-65),No,6018,0.06796623166660477,0,Very Low Risk
6128-DAFVY,56,Month-to-month,44.85,2564.95,DSL,Credit card (automatic),Medium ($35-65),No,4021,0.2997806064618558,0,Low Risk
9933-QRGTX,60,Two year,97.2,5611.75,Fiber optic,Electronic check,Premium (>$95),No,4905,0.11767732058221084,0,Very Low Risk
4476-OSWTN,69,One year,110.55,7610.1,Fiber optic,Mailed check,Premium (>$95),No,4887,0.28882229344468974,0,Low Risk
5066-GFJMM,3,Month-to-month,19.9,45.75,No,Mailed check,Low (<$35),No,3716,0.30846755369707246,0,Low Risk
2661-GKBTK,60,Two year,76.95,4543.95,DSL,Bank transfer (automatic),High ($65-95),No,5053,0.009405021128073504,0,Very Low Risk
0458-HEUZG,13,Two year,35.4,450.4,DSL,Mailed check,Medium ($35-65),No,3239,0.10265786532384637,0,Very Low Risk
7268-WNTCP,62,Two year,20.45,1297.35,No,Bank transfer (automatic),Low (<$35),No,5746,0.0028107334891596682,0,Very Low Risk
0824-VWDPO,45,One year,96.75,4442.75,Fiber optic,Bank transfer (automatic),Premium (>$95),No,3682,0.16830507527070282,0,Very Low Risk
8409-WQJUX,25,One year,54.2,1423.15,DSL,Electronic check,Medium ($35-65),No,4458,0.1425757765667096,0,Very Low Risk
2578-JQPHZ,44,Two year,100.1,4378.35,Fiber optic,Bank transfer (automatic),Premium (>$95),No,4025,0.14630556614388082,0,Very Low Risk
3278-FSIXX,2,Month-to-month,45.25,74.2,DSL,Mailed check,Medium ($35-65),No,5441,0.7107853901809627,1,Medium Risk
9746-UGFAC,22,One year,20.85,450.65,No,Bank transfer (automatic),Low (<$35),No,3171,0.09982063707101813,0,Very Low Risk
2946-KIQSP,35,Month-to-month,33.45,1175.85,DSL,Mailed check,Low (<$35),No,2553,0.2525404569328196,0,Low Risk
0625-AFOHS,29,Two year,20.2,558.8,No,Mailed check,Low (<$35),No,2784,0.0062315287986684795,0,Very Low Risk
6726-WEXXK,27,One year,85.9,2220.1,Fiber optic,Electronic check,High ($65-95),No,5755,0.3265883661985311,0,Low Risk
4636-OLWOE,54,One year,61.0,3283.05,DSL,Electronic check,Medium ($35-65),No,5594,0.04150646696367945,0,Very Low Risk
4685-ERGHK,57,One year,86.9,4939.25,Fiber optic,Electronic check,High ($65-95),No,6109,0.4549180518292698,0,Low Risk
0885-HMGPY,62,Two year,69.4,4237.5,DSL,Bank transfer (automatic),High ($65-95),No,6469,0.02331720367734794,0,Very Low Risk
5003-OKNNK,15,One year,20.35,335.95,No,Credit card (automatic),Low (<$35),No,3205,0.031196645403749793,0,Very Low Risk
7208-PSIHR,70,Two year,104.3,7188.5,Fiber optic,Bank transfer (automatic),Premium (>$95),No,5583,0.21663848778154748,0,Very Low Risk
4012-ZTHBR,21,Month-to-month,44.95,926.25,DSL,Electronic check,Medium ($35-65),No,3752,0.2541195503259466,0,Low Risk
0489-WMEMG,23,One year,49.45,1119.35,DSL,Electronic check,Medium ($35-65),No,5237,0.14192456042066517,0,Very Low Risk
7435-ZNUYY,6,One year,20.6,116.6,No,Mailed check,Low (<$35),No,4439,0.0722443002272088,0,Very Low Risk
1354-YZFNB,4,Two year,19.55,68.8,No,Credit card (automatic),Low (<$35),No,5573,0.01266000197113797,0,Very Low Risk
2985-FMWYF,23,Month-to-month,93.5,2341.55,Fiber optic,Electronic check,High ($65-95),No,4861,0.8268238416169553,1,High Risk
2812-ENYMO,26,One year,54.55,1362.85,DSL,Credit card (automatic),Medium ($35-65),No,4296,0.08192749952152306,0,Very Low Risk
2717-HVIZY,8,Month-to-month,20.05,163.6,No,Mailed check,Low (<$35),No,2675,0.14171978821387213,0,Very Low Risk
3422-GALYP,2,Month-to-month,79.45,145.15,Fiber optic,Electronic check,High ($65-95),No,2657,0.8389900742393945,1,High Risk
2890-WFBHU,59,One year,79.85,4786.1,DSL,Credit card (automatic),High ($65-95),No,6041,0.10257547958898348,0,Very Low Risk
0327-WFZSY,39,One year,100.0,3835.55,Fiber optic,Electronic check,Premium (>$95),No,5434,0.14330704153205898,0,Very Low Risk
7977-HXJKU,21,Two year,19.6,397.0,No,Mailed check,Low (<$35),No,2447,0.01348787360360854,0,Very Low Risk
7033-CLAMM,48,Two year,20.2,1027.25,No,Bank transfer (automatic),Low (<$35),No,3828,0.004973422562740621,0,Very Low Risk
4023-RTIQM,31,One year,50.4,1580.1,DSL,Credit card (automatic),Medium ($35-65),No,2166,0.20012606026860436,0,Very Low Risk
0864-FVJNJ,64,One year,113.35,7222.75,Fiber optic,Electronic check,Premium (>$95),No,4952,0.08054010727960986,0,Very Low Risk
7356-IWLFW,46,Month-to-month,80.0,3769.7,Fiber optic,Bank transfer (automatic),High ($65-95),No,3315,0.13808875432945242,0,Very Low Risk
9541-PWTWO,52,Two year,80.95,4233.95,DSL,Bank transfer (automatic),High ($65-95),No,4924,0.038049180760967354,0,Very Low Risk
3967-VQOGC,67,Two year,24.9,1680.25,No,Mailed check,Low (<$35),No,5847,0.01426320187299952,0,Very Low Risk
7872-RDDLZ,67,Month-to-month,54.9,3725.5,DSL,Electronic check,Medium ($35-65),No,4826,0.25293698108878326,0,Low Risk
6308-CQRBU,71,Two year,109.25,7707.7,Fiber optic,Electronic check,Premium (>$95),No,5044,0.1058557545999923,0,Very Low Risk
0186-CAERR,71,One year,116.3,8309.55,Fiber optic,Bank transfer (automatic),Premium (>$95),No,4644,0.2872410747046758,0,Low Risk
3043-SUDUA,32,Month-to-month,19.9,601.55,No,Bank transfer (automatic),Low (<$35),No,4374,0.1635922496288006,0,Very Low Risk
5442-BHQNG,2,Month-to-month,70.35,139.25,Fiber optic,Electronic check,High ($65-95),No,3430,0.7967798756697886,1,High Risk
2169-RRLFW,71,Two year,25.6,1888.25,No,Credit card (automatic),Low (<$35),No,5063,0.007197931385418955,0,Very Low Risk
5872-OEQNH,60,One year,44.45,2773.9,DSL,Electronic check,Medium ($35-65),No,4928,0.15562763582878905,0,Very Low Risk
3162-KKZXO,55,One year,100.15,5409.75,Fiber optic,Electronic check,Premium (>$95),No,5182,0.5260644330153705,1,Medium Risk
8873-GLDMH,6,Month-to-month,73.85,401.3,Fiber optic,Mailed check,High ($65-95),No,4220,0.7843520706229452,1,High Risk
5696-JVVQY,48,Two year,70.1,3238.4,DSL,Credit card (automatic),High ($65-95),No,5476,0.0457410247605017,0,Very Low Risk
8946-BFWSG,63,Two year,25.25,1573.05,No,Mailed check,Low (<$35),No,6245,0.00147616178886169,0,Very Low Risk
0547-HURJB,12,Month-to-month,21.05,235.8,No,Credit card (automatic),Low (<$35),No,4001,0.08798339586907332,0,Very Low Risk
8904-OPDCK,54,Month-to-month,24.95,1364.75,DSL,Bank transfer (automatic),Low (<$35),No,4691,0.2929659978128222,0,Low Risk
8845-LWKGE,30,One year,64.5,1985.15,DSL,Electronic check,Medium ($35-65),No,2215,0.05827666361330309,0,Very Low Risk
0691-NIKRI,40,One year,105.95,4335.2,Fiber optic,Credit card (automatic),Premium (>$95),No,3784,0.32540216153925144,0,Low Risk
5022-JNQEQ,9,Month-to-month,75.85,647.5,Fiber optic,Electronic check,High ($65-95),No,4843,0.3438872379137692,0,Low Risk
3249-VHRIP,62,Two year,43.6,2748.7,DSL,Credit card (automatic),Medium ($35-65),No,4507,0.07405863346545613,0,Very Low Risk
3736-BLEPA,28,One year,91.25,2483.65,Fiber optic,Bank transfer (automatic),High ($65-95),No,2886,0.22422157778306886,0,Very Low Risk
4701-LKOZD,70,Two year,89.75,6367.2,DSL,Credit card (automatic),High ($65-95),No,5150,0.02067817943933137,0,Very Low Risk
6603-QWSPR,46,Two year,104.4,4904.2,Fiber optic,Bank transfer (automatic),Premium (>$95),No,4190,0.17290253421586185,0,Very Low Risk
9921-QFQUL,23,Month-to-month,90.15,2044.95,Fiber optic,Mailed check,High ($65-95),No,5110,0.4443455060397591,0,Low Risk
1929-ZCBHE,47,One year,40.3,1794.8,DSL,Electronic check,Medium ($35-65),No,5040,0.09360126499012994,0,Very Low Risk
4378-MYPGO,68,Two year,105.25,7173.15,Fiber optic,Bank transfer (automatic),Premium (>$95),No,5795,0.04528401969955894,0,Very Low Risk
4129-LYCOI,67,Two year,104.0,7039.05,Fiber optic,Electronic check,Premium (>$95),No,4741,0.07550528531125339,0,Very Low Risk
7798-JVXYM,14,Month-to-month,69.65,921.4,DSL,Electronic check,High ($65-95),No,5351,0.5195562686191278,1,Medium Risk
8647-SDTWQ,57,Month-to-month,74.3,4018.35,Fiber optic,Electronic check,High ($65-95),No,4133,0.19506258738478535,0,Very Low Risk
2696-ECXKC,55,One year,100.9,5448.6,Fiber optic,Mailed check,Premium (>$95),No,6153,0.045688906571891,0,Very Low Risk
2081-KJSQF,1,Month-to-month,20.25,20.25,No,Mailed check,Low (<$35),No,4769,0.5753847303043497,1,Medium Risk
3323-CPBWR,23,Month-to-month,96.9,2085.45,Fiber optic,Credit card (automatic),Premium (>$95),No,3875,0.3915841605359698,0,Low Risk
3384-CTMSF,47,Month-to-month,104.1,5135.15,Fiber optic,Electronic check,Premium (>$95),No,3142,0.7453588169395807,1,Medium Risk
0902-RFHOF,38,One year,20.1,730.1,No,Mailed check,Low (<$35),No,2907,0.03670996419208327,0,Very Low Risk
6048-QBXKL,2,Month-to-month,56.55,118.25,DSL,Credit card (automatic),Medium ($35-65),No,2069,0.5665904688155815,1,Medium Risk
7718-RXDGG,15,Month-to-month,68.6,1108.6,Fiber optic,Bank transfer (automatic),High ($65-95),No,3351,0.6119137479603941,1,Medium Risk
1025-FALIX,26,Month-to-month,69.05,1815.65,Fiber optic,Credit card (automatic),High ($65-95),No,5379,0.49856965995044306,0,Low Risk
3451-VAWLI,35,Two year,19.7,730.4,No,Credit card (automatic),Low (<$35),No,5636,0.00359671318547413,0,Very Low Risk
3407-QGWLG,3,Month-to-month,20.05,75.45,No,Mailed check,Low (<$35),No,2948,0.1258235709510899,0,Very Low Risk
2347-WKKAE,42,Month-to-month,94.4,4014.6,Fiber optic,Electronic check,High ($65-95),No,2662,0.5169640618641939,1,Medium Risk
8735-DCXNF,10,Month-to-month,54.95,568.85,DSL,Credit card (automatic),Medium ($35-65),No,3519,0.21749475240612146,0,Very Low Risk
3214-IYUUQ,61,One year,93.7,5860.7,Fiber optic,Bank transfer (automatic),High ($65-95),No,4300,0.13368463768472838,0,Very Low Risk
1936-UAFEH,68,Two year,110.25,7279.35,Fiber optic,Credit card (automatic),Premium (>$95),No,5502,0.10943862360320923,0,Very Low Risk
3587-PMCOY,10,One year,98.9,1064.95,Fiber optic,Electronic check,Premium (>$95),No,4614,0.5370753657801384,1,Medium Risk
1027-LKKQQ,72,Two year,80.45,5886.85,DSL,Bank transfer (automatic),High ($65-95),No,4480,0.00659783646220122,0,Very Low Risk
7148-XZPHA,55,Month-to-month,79.4,4238.45,Fiber optic,Electronic check,High ($65-95),No,4162,0.08526637993269494,0,Very Low Risk
5309-TAIKL,7,Month-to-month,62.8,418.3,DSL,Bank transfer (automatic),Medium ($35-65),No,4080,0.2753494535401334,0,Low Risk
6856-RAURS,2,Month-to-month,74.9,136.05,Fiber optic,Mailed check,High ($65-95),No,2044,0.8231005251224035,1,High Risk
8778-LMWTJ,9,Month-to-month,74.85,708.2,Fiber optic,Electronic check,High ($65-95),No,5770,0.6917794341888162,1,Medium Risk
9717-IOAAF,27,Two year,25.85,788.55,No,Credit card (automatic),Low (<$35),No,2682,0.017905305536729935,0,Very Low Risk
2845-KDHVX,64,Two year,68.3,4378.8,DSL,Mailed check,High ($65-95),No,5425,0.03136066878695845,0,Very Low Risk
0848-SOMKO,70,Two year,48.4,3442.8,DSL,Bank transfer (automatic),Medium ($35-65),No,4483,0.02190451558333284,0,Very Low Risk
6734-FQAJX,67,Two year,105.05,7171.7,Fiber optic,Electronic check,Premium (>$95),No,4143,0.16122074256032218,0,Very Low Risk
1535-VTJOQ,24,Two year,25.15,553.0,No,Credit card (automatic),Low (<$35),No,3904,0.08621937436496346,0,Very Low Risk
6368-TZZDT,4,Two year,19.5,96.85,No,Credit card (automatic),Low (<$35),No,5390,0.017481430542566536,0,Very Low Risk
0943-ZQPXH,44,Month-to-month,92.95,4122.9,Fiber optic,Bank transfer (automatic),High ($65-95),No,5635,0.12523643641711582,0,Very Low Risk
1293-BSEUN,72,Two year,20.7,1482.3,No,Mailed check,Low (<$35),No,4528,0.005429059030432943,0,Very Low Risk
1302-TPUBN,66,Two year,19.35,1240.8,No,Bank transfer (automatic),Low (<$35),No,5637,0.030036244537516965,0,Very Low Risk
2378-VTKDH,65,Month-to-month,104.35,6578.55,Fiber optic,Electronic check,Premium (>$95),No,4073,0.6951679208758206,1,Medium Risk
0927-CNGRH,1,Month-to-month,19.55,19.55,No,Mailed check,Low (<$35),No,5272,0.4412789212185048,0,Low Risk
8608-OZTLB,38,One year,74.05,2802.3,DSL,Electronic check,High ($65-95),No,5975,0.027649698604278083,0,Very Low Risk
2335-GSODA,23,Two year,40.1,857.75,DSL,Mailed check,Medium ($35-65),No,2327,0.03990016934409998,0,Very Low Risk
1952-DVVSW,10,One year,20.1,184.4,No,Mailed check,Low (<$35),No,3509,0.10375340379108408,0,Very Low Risk
6656-GULJQ,72,Two year,83.55,6093.3,DSL,Credit card (automatic),High ($65-95),No,5940,0.005644695863560877,0,Very Low Risk
9853-JFZDU,35,Month-to-month,56.85,1861.1,DSL,Electronic check,Medium ($35-65),No,3102,0.23118945439951524,0,Very Low Risk
3777-XROBG,58,Two year,19.55,1079.65,No,Credit card (automatic),Low (<$35),No,4125,0.0011610907608448145,0,Very Low Risk
6994-FGRHH,70,One year,106.15,7475.1,Fiber optic,Electronic check,Premium (>$95),No,4649,0.11269838484815393,0,Very Low Risk
4000-VGMQP,38,One year,78.95,2862.55,DSL,Credit card (automatic),High ($65-95),No,2125,0.04733732526545745,0,Very Low Risk
3999-WRNGR,60,Month-to-month,49.75,3069.45,DSL,Electronic check,Medium ($35-65),No,6307,0.15595991782837382,0,Very Low Risk
3466-RITXD,26,Month-to-month,92.4,2349.8,Fiber optic,Credit card (automatic),High ($65-95),No,5461,0.4129534394689045,0,Low Risk
2680-XKKNJ,8,One year,58.2,469.25,DSL,Bank transfer (automatic),Medium ($35-65),No,3325,0.10041589138681252,0,Very Low Risk
2974-GGUXS,36,Month-to-month,91.95,3301.05,Fiber optic,Credit card (automatic),High ($65-95),No,3273,0.5417559788224662,1,Medium Risk
7994-XIRTR,54,One year,65.25,3529.95,DSL,Bank transfer (automatic),High ($65-95),No,6161,0.09162428204558191,0,Very Low Risk
2101-RANCD,55,Month-to-month,73.1,4144.9,Fiber optic,Electronic check,High ($65-95),No,5832,0.6597300732453532,1,Medium Risk
7921-BEPCI,72,Two year,59.75,4265.0,DSL,Bank transfer (automatic),Medium ($35-65),No,4515,0.027930716427710226,0,Very Low Risk
8510-TMWYB,54,Two year,59.8,3246.45,DSL,Bank transfer (automatic),Medium ($35-65),No,5898,0.02595377970584281,0,Very Low Risk
3258-ZKPAI,72,Two year,116.6,8337.45,Fiber optic,Bank transfer (automatic),Premium (>$95),No,5227,0.014220553516507447,0,Very Low Risk
1428-IEDPR,52,Two year,109.3,5731.4,Fiber optic,Electronic check,Premium (>$95),No,5624,0.3096451611302933,0,Low Risk
5298-GSTLM,60,One year,101.4,6176.6,Fiber optic,Bank transfer (automatic),Premium (>$95),No,4483,0.2483140107066774,0,Very Low Risk
4450-YOOHP,39,Month-to-month,50.65,1905.4,DSL,Credit card (automatic),Medium ($35-65),No,5433,0.3828706995422496,0,Low Risk
6728-CZFEI,15,One year,56.15,931.9,DSL,Mailed check,Medium ($35-65),No,5473,0.18778962495129897,0,Very Low Risk
3653-NCRDJ,43,One year,19.2,776.25,No,Mailed check,Low (<$35),No,5594,0.011076378813336523,0,Very Low Risk
6121-TNHBO,63,One year,83.0,5243.05,DSL,Bank transfer (automatic),High ($65-95),No,5428,0.1089714632273149,0,Very Low Risk
5119-NZPTV,2,Month-to-month,70.1,141.65,Fiber optic,Electronic check,High ($65-95),No,5592,0.7246266043030901,1,Medium Risk
6519-ZHPXP,72,Two year,108.3,7679.65,Fiber optic,Bank transfer (automatic),Premium (>$95),No,4183,0.02111928124572644,0,Very Low Risk
3472-QPRCH,40,Two year,25.25,1006.9,No,Credit card (automatic),Low (<$35),No,3217,0.0012769119668400652,0,Very Low Risk
8224-UAXBZ,58,One year,45.35,2540.1,DSL,Electronic check,Medium ($35-65),No,5137,0.22206019811396085,0,Very Low Risk
9610-WCESF,67,Two year,43.9,3097.2,DSL,Electronic check,Medium ($35-65),No,6344,0.1732133679872364,0,Very Low Risk
2486-WYVVE,31,One year,79.3,2484.0,DSL,Mailed check,High ($65-95),No,5238,0.22469838805257505,0,Very Low Risk
3865-ZYKAD,69,Month-to-month,84.9,5785.65,Fiber optic,Credit card (automatic),High ($65-95),No,4503,0.26082338869561084,0,Low Risk
1422-DGUBX,32,One year,79.25,2619.15,Fiber optic,Electronic check,High ($65-95),No,2735,0.4024644660655516,0,Low Risk
2999-AANRQ,21,Two year,71.05,1524.85,DSL,Credit card (automatic),High ($65-95),No,5138,0.07527949628389945,0,Very Low Risk
8668-KNZTI,52,One year,53.75,2790.65,DSL,Electronic check,Medium ($35-65),No,5957,0.12262136470279111,0,Very Low Risk
0480-KYJVA,72,Two year,24.25,1784.5,No,Credit card (automatic),Low (<$35),No,5897,0.002154309627697726,0,Very Low Risk
9746-YKGXB,52,One year,44.25,2276.1,DSL,Bank transfer (automatic),Medium ($35-65),No,6340,0.03710665047264281,0,Very Low Risk
3926-YZVVX,41,One year,50.05,2029.05,DSL,Bank transfer (automatic),Medium ($35-65),No,2157,0.13813085980351117,0,Very Low Risk
6000-UKLWI,41,Two year,20.15,802.35,No,Mailed check,Low (<$35),No,4982,0.03115872717337935,0,Very Low Risk
6332-FBZRI,67,One year,69.35,4653.25,DSL,Credit card (automatic),High ($65-95),No,5589,0.043198742539755045,0,Very Low Risk
2096-XOTMO,16,Month-to-month,19.35,275.9,No,Mailed check,Low (<$35),No,4146,0.0703858452496734,0,Very Low Risk
3266-FTKHB,17,Two year,19.15,343.45,No,Mailed check,Low (<$35),No,2717,0.04217725547941148,0,Very Low Risk
8221-EQDGL,35,Month-to-month,61.0,2130.45,DSL,Mailed check,Medium ($35-65),No,4355,0.1701405588128225,0,Very Low Risk
2346-LOCWC,58,Two year,20.5,1191.4,No,Credit card (automatic),Low (<$35),No,6186,0.0012340178337718875,0,Very Low Risk
0298-XACET,52,Two year,50.2,2554.0,DSL,Mailed check,Medium ($35-65),No,5396,0.012303197458294701,0,Very Low Risk
7560-QJAVJ,70,Two year,79.6,5589.45,DSL,Bank transfer (automatic),High ($65-95),No,5474,0.03492165752064009,0,Very Low Risk
2995-YWTCD,19,Two year,24.9,467.7,No,Bank transfer (automatic),Low (<$35),No,5396,0.013135910754842434,0,Very Low Risk
9137-UIYPG,35,Month-to-month,106.9,3756.45,Fiber optic,Electronic check,Premium (>$95),No,5447,0.1700609305550114,0,Very Low Risk
2809-ZMYOQ,32,Month-to-month,101.35,3334.9,Fiber optic,Electronic check,Premium (>$95),No,4341,0.7847254144797862,1,High Risk
5084-OOVCJ,17,Month-to-month,55.35,920.5,DSL,Credit card (automatic),Medium ($35-65),No,5465,0.08736668707496995,0,Very Low Risk
0254-WWRKD,67,One year,50.55,3431.75,DSL,Credit card (automatic),Medium ($35-65),No,5122,0.031345992911930486,0,Very Low Risk
7727-SHVZV,9,Month-to-month,19.5,150.35,No,Bank transfer (automatic),Low (<$35),No,4883,0.31549051726989585,0,Low Risk
5339-PXDVH,4,Month-to-month,90.65,367.95,Fiber optic,Electronic check,High ($65-95),No,3559,0.5777853093394755,1,Medium Risk
2205-LPVGL,58,One year,89.85,5125.75,Fiber optic,Bank transfer (automatic),High ($65-95),No,5035,0.028544826977962078,0,Very Low Risk
8782-NUUOL,60,One year,79.0,4801.1,DSL,Mailed check,High ($65-95),No,4807,0.07434164328985082,0,Very Low Risk
7601-WFVZV,1,Month-to-month,19.55,19.55,No,Mailed check,Low (<$35),No,3718,0.3688844522926233,0,Low Risk
4609-KNNWG,27,Two year,19.9,550.1,No,Mailed check,Low (<$35),No,4870,0.006564862132001813,0,Very Low Risk
4868-AADLV,66,One year,116.25,7862.25,Fiber optic,Electronic check,Premium (>$95),No,4578,0.06608269403874545,0,Very Low Risk
9529-OFXHY,15,Month-to-month,87.75,1242.2,Fiber optic,Bank transfer (automatic),High ($65-95),No,5415,0.4821168064073246,0,Low Risk
2669-QVCRG,41,Month-to-month,81.3,3190.65,Fiber optic,Credit card (automatic),High ($65-95),No,2299,0.39115952574690405,0,Low Risk
2478-EEWWM,59,Month-to-month,44.3,2666.75,DSL,Electronic check,Medium ($35-65),No,5905,0.6140476146971217,1,Medium Risk
9174-IHETN,50,Two year,70.35,3533.6,Fiber optic,Credit card (automatic),High ($65-95),No,5521,0.05470040246324058,0,Very Low Risk
2233-TXSIU,17,One year,44.45,792.15,DSL,Credit card (automatic),Medium ($35-65),No,3522,0.07823796536711775,0,Very Low Risk
9644-UMGQA,6,Month-to-month,49.15,295.65,DSL,Electronic check,Medium ($35-65),No,4076,0.349766299643763,0,Low Risk
3256-EZDBI,51,Month-to-month,29.45,1459.35,DSL,Credit card (automatic),Low (<$35),No,6285,0.22801882773320312,0,Very Low Risk
0419-YAAPX,49,Month-to-month,85.3,4297.95,Fiber optic,Credit card (automatic),High ($65-95),No,4696,0.3718414281273886,0,Low Risk
0872-CASZJ,59,One year,69.1,4096.9,DSL,Mailed check,High ($65-95),No,4765,0.0791409679237453,0,Very Low Risk
4726-DLWQN,50,Month-to-month,70.35,3454.6,DSL,Bank transfer (automatic),High ($65-95),No,5596,0.19121033539929386,0,Very Low Risk
8164-OCKUJ,59,Two year,20.6,1286.0,No,Mailed check,Low (<$35),No,6325,0.00183387510534607,0,Very Low Risk
3094-JOJAI,18,Month-to-month,74.15,1387.0,Fiber optic,Mailed check,High ($65-95),No,2643,0.4639870350210071,0,Low Risk
9494-MRNYX,10,Month-to-month,75.05,786.3,Fiber optic,Electronic check,High ($65-95),No,3399,0.6837219857798772,1,Medium Risk
2599-CZABP,14,One year,44.6,641.25,DSL,Electronic check,Medium ($35-65),No,4612,0.35000969807607235,0,Low Risk
7945-PRBVF,35,Two year,21.45,705.45,No,Bank transfer (automatic),Low (<$35),No,3967,0.031167878269146656,0,Very Low Risk
4544-RXFMG,8,One year,43.45,345.5,DSL,Mailed check,Medium ($35-65),No,4184,0.1784825150515771,0,Very Low Risk
0859-YGKFW,18,One year,20.05,345.9,No,Bank transfer (automatic),Low (<$35),No,4458,0.021017401519185817,0,Very Low Risk
1150-FTQGN,60,One year,94.15,5811.8,Fiber optic,Bank transfer (automatic),High ($65-95),No,6399,0.03814074987418948,0,Very Low Risk
7196-LIWRH,6,Two year,19.55,124.45,No,Mailed check,Low (<$35),No,5980,0.11755485761192375,0,Very Low Risk
5448-VWNAM,19,Month-to-month,75.9,1375.6,DSL,Mailed check,High ($65-95),No,4198,0.09651915639562123,0,Very Low Risk
1177-XZBJL,53,One year,64.15,3491.55,DSL,Bank transfer (automatic),Medium ($35-65),No,5570,0.02582657250682622,0,Very Low Risk
3518-FSTWG,72,Two year,109.55,7920.7,Fiber optic,Bank transfer (automatic),Premium (>$95),No,4086,0.10908200130753758,0,Very Low Risk
9330-VOFSZ,60,Two year,110.8,6640.7,Fiber optic,Credit card (automatic),Premium (>$95),No,5942,0.14416637667564752,0,Very Low Risk
0939-EREMR,13,Month-to-month,53.45,718.1,DSL,Mailed check,Medium ($35-65),No,4335,0.15607157901880475,0,Very Low Risk
9389-ACWBI,5,Month-to-month,69.95,320.4,Fiber optic,Credit card (automatic),High ($65-95),No,3850,0.28037137781238414,0,Low Risk
3644-QXEHN,13,Month-to-month,97.0,1334.45,Fiber optic,Electronic check,Premium (>$95),No,5282,0.16324344488406758,0,Very Low Risk
2911-IJORQ,37,One year,90.6,3358.65,DSL,Bank transfer (automatic),High ($65-95),No,2546,0.13678531258190685,0,Very Low Risk
5921-NGYRH,64,Month-to-month,73.55,4764.0,Fiber optic,Mailed check,High ($65-95),No,5018,0.2541024894102748,0,Low Risk
5998-DZLYR,61,Two year,94.35,5703.0,Fiber optic,Bank transfer (automatic),High ($65-95),No,4676,0.1274514736978901,0,Very Low Risk
3985-HOYPM,26,One year,19.4,525.55,No,Mailed check,Low (<$35),No,4602,0.02948339351896426,0,Very Low Risk
9548-LERKT,24,Two year,19.75,483.15,No,Mailed check,Low (<$35),No,3455,0.048645875787623485,0,Very Low Risk
6576-FBXOJ,17,One year,54.6,934.8,DSL,Electronic check,Medium ($35-65),No,4590,0.2347205942310074,0,Very Low Risk
4310-KEDTB,26,Month-to-month,29.8,786.5,DSL,Mailed check,Low (<$35),No,3746,0.20584633949816772,0,Very Low Risk
4062-HBMOS,52,Month-to-month,103.05,5364.8,Fiber optic,Electronic check,Premium (>$95),No,5432,0.6835809504589797,1,Medium Risk
2676-ISHSF,1,Month-to-month,20.3,20.3,No,Mailed check,Low (<$35),No,5203,0.564401087534861,1,Medium Risk
9236-NDUCW,21,Two year,35.1,770.4,DSL,Mailed check,Medium ($35-65),No,2991,0.0540534600064425,0,Very Low Risk
4753-PADAS,67,One year,105.7,6816.95,Fiber optic,Bank transfer (automatic),Premium (>$95),No,5027,0.3360287195932576,0,Low Risk
6103-QCKFX,44,Month-to-month,56.25,2419.55,DSL,Bank transfer (automatic),Medium ($35-65),No,3918,0.07659102454984766,0,Very Low Risk
7781-EWARA,70,One year,60.35,4138.7,DSL,Electronic check,Medium ($35-65),No,4122,0.0789149272379581,0,Very Low Risk
7018-FPXHH,56,Two year,59.8,3457.45,DSL,Bank transfer (automatic),Medium ($35-65),No,4964,0.011493134346633809,0,Very Low Risk
0572-ZJKLT,46,Two year,99.65,4630.2,Fiber optic,Mailed check,Premium (>$95),No,4736,0.04716790166317291,0,Very Low Risk
5135-RDDQL,63,Two year,50.65,3221.25,DSL,Bank transfer (automatic),Medium ($35-65),No,4847,0.023512376312074482,0,Very Low Risk
1353-LJWEM,11,Month-to-month,60.9,688.5,DSL,Electronic check,Medium ($35-65),No,2726,0.3382068789696922,0,Low Risk
1794-SWWKL,15,Month-to-month,59.65,867.1,DSL,Bank transfer (automatic),Medium ($35-65),No,3974,0.11332295162964512,0,Very Low Risk
6166-YIPFO,72,Two year,64.7,4746.05,DSL,Electronic check,Medium ($35-65),No,6075,0.08024289312634225,0,Very Low Risk
9332-GYWLO,6,Month-to-month,54.85,355.1,DSL,Electronic check,Medium ($35-65),No,5729,0.30464963363209036,0,Low Risk
4184-VODJZ,63,One year,91.35,5764.7,Fiber optic,Electronic check,High ($65-95),No,4512,0.11365818950199091,0,Very Low Risk
1092-WPIVQ,18,Two year,25.1,428.45,No,Mailed check,Low (<$35),No,3675,0.014781581066328582,0,Very Low Risk
7233-IOQNP,43,Month-to-month,34.0,1505.35,DSL,Bank transfer (automatic),Low (<$35),No,5409,0.24271883488730148,0,Very Low Risk
2834-JKOOW,15,One year,45.9,693.45,DSL,Mailed check,Medium ($35-65),No,3572,0.09065159258930441,0,Very Low Risk
2400-FEQME,55,Two year,20.5,1177.95,No,Mailed check,Low (<$35),No,5011,0.002959106911352522,0,Very Low Risk
4957-SREEC,70,Two year,20.35,1458.1,No,Credit card (automatic),Low (<$35),No,5748,0.001020577726577793,0,Very Low Risk
0230-UBYPQ,63,One year,36.1,2298.9,DSL,Bank transfer (automatic),Medium ($35-65),No,5089,0.10326900131657524,0,Very Low Risk
4923-ADWXJ,25,Month-to-month,65.8,1679.65,DSL,Bank transfer (automatic),High ($65-95),No,3962,0.28170839834393396,0,Low Risk
1763-KUAAW,18,One year,20.35,369.6,No,Bank transfer (automatic),Low (<$35),No,4713,0.11828218366695134,0,Very Low Risk
1104-TNLZA,28,Month-to-month,105.8,2998.0,Fiber optic,Electronic check,Premium (>$95),No,4174,0.6042965662919288,1,Medium Risk
5195-KPUNQ,53,One year,96.75,5206.55,Fiber optic,Mailed check,Premium (>$95),No,4766,0.20168077349090946,0,Very Low Risk
3439-GVUSX,1,Month-to-month,24.4,24.4,DSL,Mailed check,Low (<$35),No,4570,0.5995248545802119,1,Medium Risk
5949-HGVJL,26,Month-to-month,73.05,1959.5,DSL,Electronic check,High ($65-95),No,2753,0.32788172771940005,0,Low Risk
5203-XEHAX,34,One year,64.35,2053.05,DSL,Electronic check,Medium ($35-65),No,3445,0.11667682336358111,0,Very Low Risk
1635-HDGFT,19,Two year,20.5,398.55,No,Mailed check,Low (<$35),No,4855,0.015168943678997985,0,Very Low Risk
8050-XGRVL,62,One year,54.75,3425.35,DSL,Credit card (automatic),Medium ($35-65),No,5010,0.02725896579745876,0,Very Low Risk
9828-QHFBK,24,Month-to-month,51.15,1275.7,DSL,Electronic check,Medium ($35-65),No,5796,0.4612276060866457,0,Low Risk
3908-MKIMJ,68,Two year,41.95,2965.75,DSL,Electronic check,Medium ($35-65),No,5607,0.13303963934208685,0,Very Low Risk
5012-YSPJJ,31,Month-to-month,54.35,1647.0,DSL,Mailed check,Medium ($35-65),No,3615,0.08178437245531235,0,Very Low Risk
6728-VOIFY,63,One year,96.0,6109.75,Fiber optic,Electronic check,Premium (>$95),No,5016,0.3932679603591454,0,Low Risk
4891-NLUBA,61,Two year,61.45,3751.15,DSL,Bank transfer (automatic),Medium ($35-65),No,5063,0.009694733058301028,0,Very Low Risk
8969-PRHFK,18,One year,19.65,411.25,No,Mailed check,Low (<$35),No,4695,0.035895825002927734,0,Very Low Risk
0661-KQHNK,6,One year,19.0,105.5,No,Credit card (automatic),Low (<$35),No,5518,0.06347412607754596,0,Very Low Risk
8709-KRDVL,33,Month-to-month,100.0,3320.6,Fiber optic,Electronic check,Premium (>$95),No,4643,0.7391350177737691,1,Medium Risk
1427-VERSM,56,Month-to-month,98.7,5669.5,Fiber optic,Electronic check,Premium (>$95),No,5141,0.4183085672306792,0,Low Risk
9801-NOSHQ,23,One year,19.8,465.45,No,Mailed check,Low (<$35),No,3058,0.036002844234201976,0,Very Low Risk
6339-YPSAH,9,Month-to-month,73.8,704.3,Fiber optic,Electronic check,High ($65-95),No,4895,0.7876461179262635,1,High Risk
2159-TURXX,5,Month-to-month,20.05,95.55,No,Credit card (automatic),Low (<$35),No,2483,0.21805520169443696,0,Very Low Risk
1548-FEHVL,61,Month-to-month,106.2,6375.2,Fiber optic,Electronic check,Premium (>$95),No,6298,0.3927771970429845,0,Low Risk
3795-CAWEX,70,Two year,116.55,8152.3,Fiber optic,Credit card (automatic),Premium (>$95),No,6116,0.043465953260934595,0,Very Low Risk
6215-NQCPY,15,Month-to-month,99.7,1566.75,Fiber optic,Electronic check,Premium (>$95),No,4157,0.7752514587487824,1,High Risk
5647-URDKA,8,Two year,19.7,130.25,No,Mailed check,Low (<$35),No,5962,0.016581238684463005,0,Very Low Risk
2229-DPMBI,8,Two year,19.5,162.15,No,Mailed check,Low (<$35),No,3598,0.03534782829344154,0,Very Low Risk
9626-WEQRM,4,Month-to-month,29.15,110.05,DSL,Mailed check,Low (<$35),No,2657,0.46547183517656565,0,Low Risk
2188-SXWVT,34,One year,55.0,1885.15,DSL,Mailed check,Medium ($35-65),No,4027,0.08671461850655214,0,Very Low Risk
6258-PVZWJ,68,Two year,90.8,6302.85,DSL,Credit card (automatic),High ($65-95),No,4265,0.021621933735657902,0,Very Low Risk
1094-BKOSX,45,One year,51.0,2264.5,DSL,Bank transfer (automatic),Medium ($35-65),No,4534,0.05928476683761085,0,Very Low Risk
6969-MVBAI,9,Month-to-month,90.1,816.8,Fiber optic,Electronic check,High ($65-95),No,2893,0.8579062568137066,1,High Risk
2978-XXSOG,22,Month-to-month,59.05,1253.5,DSL,Mailed check,Medium ($35-65),No,3995,0.2150549388107482,0,Very Low Risk
2342-CKIAO,2,Month-to-month,20.3,41.2,No,Mailed check,Low (<$35),No,5074,0.3533238418362903,0,Low Risk
6953-PBDIN,70,Two year,72.95,5265.55,DSL,Bank transfer (automatic),High ($65-95),No,6466,0.03180539118698682,0,Very Low Risk
3898-BSJYF,10,One year,73.55,693.3,DSL,Credit card (automatic),High ($65-95),No,4434,0.08343746620589146,0,Very Low Risk
3938-YFPXD,72,Two year,84.3,5997.1,DSL,Credit card (automatic),High ($65-95),No,6012,0.026070908415751357,0,Very Low Risk
7696-AMHOD,49,One year,78.0,3824.2,DSL,Credit card (automatic),High ($65-95),No,4200,0.027777684923552953,0,Very Low Risk
2453-SAFNS,54,One year,72.1,3886.05,DSL,Mailed check,High ($65-95),No,4277,0.1173135927676203,0,Very Low Risk
9558-IHEZX,71,Two year,106.75,7283.25,Fiber optic,Credit card (automatic),Premium (>$95),No,5610,0.10157014802155097,0,Very Low Risk
9617-UDPEU,22,One year,19.25,412.55,No,Mailed check,Low (<$35),No,2691,0.04940325758226154,0,Very Low Risk
6340-DACFT,50,Two year,20.55,1070.25,No,Credit card (automatic),Low (<$35),No,4878,0.0037062400559941095,0,Very Low Risk
4955-VCWBI,43,One year,20.0,817.95,No,Mailed check,Low (<$35),No,4882,0.012641008454261344,0,Very Low Risk
6813-GZQCG,45,Two year,24.65,1171.3,No,Credit card (automatic),Low (<$35),No,2194,0.014029758562513334,0,Very Low Risk
7426-GSWPO,64,Month-to-month,103.5,6548.65,Fiber optic,Bank transfer (automatic),Premium (>$95),No,5125,0.3141050933030016,0,Low Risk
3389-KTRXV,23,Two year,23.85,625.65,No,Mailed check,Low (<$35),No,5945,0.030530284908454105,0,Very Low Risk
3118-UHVVQ,68,Two year,25.8,1911.5,No,Credit card (automatic),Low (<$35),No,4747,0.007951239874235483,0,Very Low Risk
3205-MXZRA,26,One year,59.45,1507.0,DSL,Credit card (automatic),Medium ($35-65),No,2074,0.10656285771932246,0,Very Low Risk
8317-BVKSO,14,Month-to-month,20.05,299.3,No,Electronic check,Low (<$35),No,5728,0.14503963323701052,0,Very Low Risk
5702-KVQRD,71,Two year,82.55,5832.65,DSL,Electronic check,High ($65-95),No,4668,0.08500539741264156,0,Very Low Risk
0083-PIVIK,64,One year,81.25,5567.55,DSL,Electronic check,High ($65-95),No,4761,0.10533767911475969,0,Very Low Risk
6169-PGNCD,57,Two year,74.3,4166.35,DSL,Credit card (automatic),High ($65-95),No,5741,0.03881130961105072,0,Very Low Risk
4909-JOUPP,72,Two year,109.7,7898.45,Fiber optic,Credit card (automatic),Premium (>$95),No,4319,0.07930113841077704,0,Very Low Risk
4657-FWVFY,40,Month-to-month,96.35,3915.4,Fiber optic,Credit card (automatic),Premium (>$95),No,2004,0.09968790662199079,0,Very Low Risk
2257-BOVXD,14,Month-to-month,66.6,979.5,DSL,Credit card (automatic),High ($65-95),No,3516,0.34870973468478916,0,Low Risk
7729-JTEEC,2,Month-to-month,44.5,90.05,DSL,Electronic check,Medium ($35-65),No,5456,0.43200919110636454,0,Low Risk
9696-RMYBA,5,Month-to-month,80.1,398.55,Fiber optic,Mailed check,High ($65-95),No,5225,0.7506607256265468,1,High Risk
8690-UPCZI,29,One year,69.05,1958.45,DSL,Bank transfer (automatic),High ($65-95),No,4459,0.03666316448123494,0,Very Low Risk
9770-LXDBK,3,Month-to-month,20.4,63.15,No,Mailed check,Low (<$35),No,5695,0.32389427918988356,0,Low Risk
4086-WITJG,71,Two year,19.7,1301.1,No,Credit card (automatic),Low (<$35),No,4808,0.0011583181703898706,0,Very Low Risk
8344-WFMFH,9,Month-to-month,50.1,484.05,DSL,Electronic check,Medium ($35-65),No,4738,0.33840541560939186,0,Low Risk
8822-KNBHV,48,One year,83.45,3887.85,DSL,Credit card (automatic),High ($65-95),No,4250,0.15210867660807212,0,Very Low Risk
8404-FYDIB,26,Month-to-month,86.65,2208.75,Fiber optic,Credit card (automatic),High ($65-95),No,4469,0.3784060634807391,0,Low Risk
2791-SFVEW,9,Month-to-month,20.15,238.15,No,Bank transfer (automatic),Low (<$35),No,3772,0.36209571051166356,0,Low Risk
6762-NSODU,46,Two year,19.4,958.15,No,Credit card (automatic),Low (<$35),No,4630,0.0034827447488153967,0,Very Low Risk
9888-ZCUMM,64,Two year,60.05,3845.45,DSL,Bank transfer (automatic),Medium ($35-65),No,4120,0.009273282824661522,0,Very Low Risk
1074-WVEVG,59,One year,20.35,1267.0,No,Mailed check,Low (<$35),No,5757,0.07893081179668164,0,Very Low Risk
9979-RGMZT,7,One year,94.05,633.45,Fiber optic,Mailed check,High ($65-95),No,5545,0.5070862360847063,1,Medium Risk
6437-UDQJM,72,Two year,84.1,6129.65,DSL,Credit card (automatic),High ($65-95),No,4999,0.056768269883292886,0,Very Low Risk
1226-IENZN,16,Month-to-month,78.75,1218.25,Fiber optic,Electronic check,High ($65-95),No,4351,0.7788802126208229,1,High Risk
2108-GLPQB,25,Month-to-month,55.55,1405.3,DSL,Credit card (automatic),Medium ($35-65),No,2950,0.22682257148357213,0,Very Low Risk
5474-LAMUQ,24,One year,20.1,533.9,No,Mailed check,Low (<$35),No,5689,0.024027169383332003,0,Very Low Risk
3468-DRVQJ,10,One year,70.3,676.15,DSL,Electronic check,High ($65-95),No,5496,0.09220935476725362,0,Very Low Risk
1122-YJBCS,69,One year,53.65,3804.4,DSL,Credit card (automatic),Medium ($35-65),No,6092,0.13520631803910427,0,Very Low Risk
4990-ALDGW,57,Two year,20.75,1118.8,No,Mailed check,Low (<$35),No,6271,0.03211009128730196,0,Very Low Risk
4816-OKWNX,50,One year,103.4,5236.4,Fiber optic,Bank transfer (automatic),Premium (>$95),No,5437,0.07639957370259158,0,Very Low Risk
3315-IKYZQ,28,One year,50.8,1386.8,DSL,Mailed check,Medium ($35-65),No,3240,0.03526682573981871,0,Very Low Risk
4747-LCAQL,25,Month-to-month,79.0,1902.0,DSL,Mailed check,High ($65-95),No,5263,0.15198319947345795,0,Very Low Risk
3411-WLRSQ,3,Month-to-month,74.6,239.05,Fiber optic,Bank transfer (automatic),High ($65-95),No,3711,0.6785975280835556,1,Medium Risk
0898-XCGTF,61,One year,96.5,5673.7,Fiber optic,Bank transfer (automatic),Premium (>$95),No,5926,0.35362050988655624,0,Low Risk
8006-PYCSW,2,Month-to-month,20.1,39.8,No,Mailed check,Low (<$35),No,2051,0.3639051493168558,0,Low Risk
8249-THVEC,51,One year,19.4,997.75,No,Mailed check,Low (<$35),No,4025,0.018930321361044184,0,Very Low Risk
8722-PRFDV,71,Two year,77.55,5574.35,DSL,Credit card (automatic),High ($65-95),No,5097,0.019561686461724313,0,Very Low Risk
2164-SOQXL,20,Month-to-month,20.05,406.05,No,Mailed check,Low (<$35),No,2698,0.05927898244074872,0,Very Low Risk
4020-KIUDI,6,Month-to-month,19.85,138.85,No,Credit card (automatic),Low (<$35),No,2186,0.07247620078170465,0,Very Low Risk
5850-BDWCY,6,Month-to-month,20.2,123.65,No,Mailed check,Low (<$35),No,5029,0.31878382652389614,0,Low Risk
2038-YSEZE,29,Month-to-month,67.45,1801.1,DSL,Mailed check,High ($65-95),No,3152,0.12019572094891817,0,Very Low Risk
0827-ITJPH,36,Two year,18.55,689.0,No,Credit card (automatic),Low (<$35),No,5703,0.023378195082254263,0,Very Low Risk
8799-OXZMD,28,Month-to-month,29.75,790.7,DSL,Mailed check,Low (<$35),No,5463,0.41379781846447194,0,Low Risk
1705-GUHPV,63,Two year,24.2,1618.2,No,Mailed check,Low (<$35),No,4948,0.022482821157351836,0,Very Low Risk
4779-ZGICK,48,Two year,23.55,1173.35,No,Mailed check,Low (<$35),No,5019,0.004241359389664947,0,Very Low Risk
0048-PIHNL,49,One year,20.45,900.9,No,Bank transfer (automatic),Low (<$35),No,6061,0.08505536246214325,0,Very Low Risk
3967-KXAPS,72,Two year,92.3,6719.9,DSL,Credit card (automatic),High ($65-95),No,5136,0.01119959655787493,0,Very Low Risk
3704-IEAXF,72,Two year,53.65,3784.0,DSL,Credit card (automatic),Medium ($35-65),No,5498,0.006988192703982178,0,Very Low Risk
6810-VCAEX,47,One year,39.65,1798.65,DSL,Credit card (automatic),Medium ($35-65),No,4670,0.07963731389160716,0,Very Low Risk
0674-EYYZV,1,Month-to-month,54.65,54.65,DSL,Electronic check,Medium ($35-65),No,5882,0.7259715650531396,1,Medium Risk
4480-MBMLB,36,One year,104.8,3886.45,Fiber optic,Bank transfer (automatic),Premium (>$95),No,5319,0.3760303936597644,0,Low Risk
1395-OFUWC,43,Month-to-month,29.3,1224.05,DSL,Credit card (automatic),Low (<$35),No,4741,0.27977177825887095,0,Low Risk
0822-QGCXA,27,Month-to-month,83.85,2310.2,DSL,Electronic check,High ($65-95),No,5907,0.23392743326611248,0,Very Low Risk
2832-KJCRD,38,Month-to-month,103.65,3988.5,Fiber optic,Electronic check,Premium (>$95),No,2511,0.681301254450614,1,Medium Risk
3588-WSTTJ,35,Month-to-month,99.05,3554.6,Fiber optic,Electronic check,Premium (>$95),No,3484,0.5837225288372229,1,Medium Risk
4075-WKNIU,0,Two year,73.35,0.0,DSL,Mailed check,High ($65-95),No,2342,0.08987080856135307,0,Very Low Risk
5090-EMGTC,59,Two year,100.05,6034.85,Fiber optic,Mailed check,Premium (>$95),No,4521,0.10043233171455607,0,Very Low Risk
2346-CZYIL,27,Two year,20.35,531.6,No,Credit card (automatic),Low (<$35),No,4962,0.031971268272513974,0,Very Low Risk
3798-EPWRR,2,Month-to-month,43.95,85.1,DSL,Electronic check,Medium ($35-65),No,4057,0.6339286651942035,1,Medium Risk
6258-NGCNG,7,Month-to-month,23.5,173.0,No,Mailed check,Low (<$35),No,5508,0.23320363750727607,0,Very Low Risk
4186-ZBUEW,36,One year,70.7,2511.95,DSL,Mailed check,High ($65-95),No,3566,0.22085530398058373,0,Very Low Risk
5274-XHAKY,41,Month-to-month,94.3,3893.6,Fiber optic,Bank transfer (automatic),High ($65-95),No,2196,0.1215284006985734,0,Very Low Risk
1442-BQPVU,13,Month-to-month,29.15,357.15,DSL,Electronic check,Low (<$35),No,2876,0.4043974494100667,0,Low Risk
3978-YNKDD,19,Two year,20.85,467.5,No,Credit card (automatic),Low (<$35),No,2654,0.01094711736507164,0,Very Low Risk
4940-KHCWD,60,Two year,37.7,2288.7,DSL,Bank transfer (automatic),Medium ($35-65),No,5148,0.026503764258897115,0,Very Low Risk
9589-ABEPT,69,Two year,92.45,6460.55,Fiber optic,Mailed check,High ($65-95),No,4452,0.10193892225581314,0,Very Low Risk
9388-ZEYVT,43,One year,44.15,1931.3,DSL,Electronic check,Medium ($35-65),No,2522,0.11483361195985889,0,Very Low Risk
0305-SQECB,11,One year,36.05,402.6,DSL,Mailed check,Medium ($35-65),No,4265,0.0705577064773589,0,Very Low Risk
7605-SNLQG,45,Month-to-month,50.25,2221.55,DSL,Credit card (automatic),Medium ($35-65),No,2036,0.3001318582448771,0,Low Risk
4670-TABXH,72,Two year,109.75,7758.9,Fiber optic,Credit card (automatic),Premium (>$95),No,5791,0.13955611004214852,0,Very Low Risk
0064-SUDOG,12,Two year,20.3,224.5,No,Bank transfer (automatic),Low (<$35),No,5190,0.03147565621476531,0,Very Low Risk
8561-NMTBD,67,One year,112.35,7388.45,Fiber optic,Credit card (automatic),Premium (>$95),No,5427,0.050846500540179695,0,Very Low Risk
5161-XEUVX,37,Two year,94.3,3460.95,Fiber optic,Mailed check,High ($65-95),No,2615,0.16088093939853615,0,Very Low Risk
8292-FRFZQ,39,One year,41.15,1700.9,DSL,Bank transfer (automatic),Medium ($35-65),No,3445,0.05862748955691475,0,Very Low Risk
8591-NXRCV,41,Month-to-month,74.65,3090.65,DSL,Bank transfer (automatic),High ($65-95),No,3859,0.17055529812755818,0,Very Low Risk
7895-VONWT,25,Month-to-month,48.25,1293.8,DSL,Electronic check,Medium ($35-65),No,4284,0.5566646859433394,1,Medium Risk
4526-RMTLL,8,Two year,76.15,645.8,DSL,Credit card (automatic),High ($65-95),No,4457,0.03344210657557241,0,Very Low Risk
6253-GNHWH,71,Two year,71.1,5224.95,DSL,Mailed check,High ($65-95),No,6090,0.00494495562351961,0,Very Low Risk
4566-NECEV,5,Month-to-month,96.55,500.1,Fiber optic,Electronic check,Premium (>$95),No,3787,0.5931984273701237,1,Medium Risk
8080-POTJR,30,One year,79.3,2427.1,DSL,Credit card (automatic),High ($65-95),No,2655,0.14090096637997818,0,Very Low Risk
6906-MPARY,40,One year,89.6,3488.15,Fiber optic,Credit card (automatic),High ($65-95),No,2524,0.22849948912827575,0,Very Low Risk
3662-FXJFO,54,Two year,20.5,1035.7,No,Mailed check,Low (<$35),No,5946,0.03158210908281243,0,Very Low Risk
8107-RZLNV,72,Two year,106.3,7565.35,Fiber optic,Bank transfer (automatic),Premium (>$95),No,4634,0.2593651606902511,0,Low Risk
0516-OOHAR,28,One year,100.35,2799.0,Fiber optic,Bank transfer (automatic),Premium (>$95),No,3411,0.09724783629880292,0,Very Low Risk
2027-CWDNU,18,Month-to-month,85.6,1601.5,Fiber optic,Electronic check,High ($65-95),No,5968,0.22763595668141018,0,Very Low Risk
9912-OMZDS,59,One year,106.15,6256.2,Fiber optic,Electronic check,Premium (>$95),No,5096,0.15012100687356508,0,Very Low Risk
3733-ZEECP,22,Month-to-month,51.1,1232.9,DSL,Electronic check,Medium ($35-65),No,5329,0.2453744370863568,0,Very Low Risk
7878-RTCZG,1,Month-to-month,19.9,19.9,No,Mailed check,Low (<$35),No,4050,0.569788545574588,1,Medium Risk
2452-MRMZF,72,Two year,25.7,1937.4,No,Credit card (automatic),Low (<$35),No,5079,0.008127683201826337,0,Very Low Risk
7103-IPXPJ,50,One year,99.4,5059.75,Fiber optic,Electronic check,Premium (>$95),No,6479,0.3794997885376244,0,Low Risk
4342-HFXWS,48,One year,69.7,3023.65,DSL,Bank transfer (automatic),High ($65-95),No,3442,0.029561690702011777,0,Very Low Risk
3545-CNWRG,49,Month-to-month,98.35,4889.2,Fiber optic,Electronic check,Premium (>$95),No,4325,0.24338206357042513,0,Very Low Risk
1785-BPHTP,28,Month-to-month,85.45,2289.9,Fiber optic,Electronic check,High ($65-95),No,4022,0.13915839708398325,0,Very Low Risk
4989-LIXVT,68,Month-to-month,95.9,6503.2,Fiber optic,Electronic check,Premium (>$95),No,5080,0.5617267833802494,1,Medium Risk
7315-WYOAW,13,Month-to-month,100.75,1313.25,Fiber optic,Electronic check,Premium (>$95),No,5985,0.5855535225420132,1,Medium Risk
1173-XZPYF,11,Month-to-month,89.2,990.3,Fiber optic,Electronic check,High ($65-95),No,3734,0.8444167053202731,1,High Risk
2509-TFPJU,72,Two year,25.75,1864.2,No,Credit card (automatic),Low (<$35),No,4413,0.017004460588901812,0,Very Low Risk
9530-GRMJG,70,Two year,84.1,5979.7,DSL,Electronic check,High ($65-95),No,5568,0.02557147107965807,0,Very Low Risk
6898-RBTLU,49,Two year,79.3,3902.45,DSL,Bank transfer (automatic),High ($65-95),No,6366,0.012559645344303962,0,Very Low Risk
5481-NTDOH,67,One year,107.05,7142.5,Fiber optic,Credit card (automatic),Premium (>$95),No,4126,0.2606690442103045,0,Low Risk
2068-WWXQZ,46,Two year,20.05,902.0,No,Bank transfer (automatic),Low (<$35),No,2942,0.02929441937019207,0,Very Low Risk
2061-VVFST,37,Month-to-month,19.5,805.2,No,Bank transfer (automatic),Low (<$35),No,3924,0.17659776845484743,0,Very Low Risk
0749-IRGQE,13,Month-to-month,45.3,528.45,DSL,Electronic check,Medium ($35-65),No,4118,0.5980873152186423,1,Medium Risk
2380-DAMQP,72,Two year,115.15,8349.7,Fiber optic,Electronic check,Premium (>$95),No,4761,0.05539369391127865,0,Very Low Risk
2256-YLYLP,68,Two year,72.95,4953.25,DSL,Bank transfer (automatic),High ($65-95),No,4499,0.01915862566243631,0,Very Low Risk
1272-ILHFG,15,One year,19.65,332.65,No,Mailed check,Low (<$35),No,5928,0.021088233099903736,0,Very Low Risk
0164-XAIRP,24,Two year,19.55,470.2,No,Bank transfer (automatic),Low (<$35),No,2511,0.06071620738870381,0,Very Low Risk
5666-CYCYZ,24,Month-to-month,89.55,2259.35,Fiber optic,Electronic check,High ($65-95),No,5352,0.668436680365976,1,Medium Risk
4011-ARPHK,27,Month-to-month,50.35,1411.35,DSL,Mailed check,Medium ($35-65),No,5578,0.20257789919923336,0,Very Low Risk
6365-HITVU,71,Two year,87.25,6328.7,DSL,Credit card (automatic),High ($65-95),No,4135,0.0022325355616631564,0,Very Low Risk
7558-IMLMT,67,Two year,20.8,1411.9,No,Mailed check,Low (<$35),No,5626,0.004238641153181965,0,Very Low Risk
9488-FYQAU,63,Two year,109.25,6841.4,Fiber optic,Bank transfer (automatic),Premium (>$95),No,5700,0.17342992049264158,0,Very Low Risk
3590-TCXTB,1,Month-to-month,20.35,20.35,No,Mailed check,Low (<$35),No,2648,0.5464232244275272,1,Medium Risk
6994-KERXL,4,Month-to-month,55.9,238.5,DSL,Electronic check,Medium ($35-65),No,3545,0.7405086443256458,1,Medium Risk
1960-UOTYM,52,Two year,79.2,4016.3,DSL,Electronic check,High ($65-95),No,4509,0.04320724558114364,0,Very Low Risk
2740-JFBOK,10,Month-to-month,24.0,226.55,No,Electronic check,Low (<$35),No,5299,0.08860503839246084,0,Very Low Risk
6500-JVEGC,68,One year,101.35,7110.75,Fiber optic,Bank transfer (automatic),Premium (>$95),No,4941,0.15012751766548033,0,Very Low Risk
5245-VDBUR,52,One year,35.45,1958.95,DSL,Mailed check,Medium ($35-65),No,5509,0.08031722420753733,0,Very Low Risk
8469-SNFFH,70,One year,79.4,5528.9,DSL,Bank transfer (automatic),High ($65-95),No,5991,0.08963905063875531,0,Very Low Risk
2144-ESWKO,43,One year,35.2,1463.7,DSL,Credit card (automatic),Medium ($35-65),No,5268,0.13286478695815077,0,Very Low Risk
1241-FPMOF,52,Two year,19.65,1025.05,No,Mailed check,Low (<$35),No,5157,0.048241658787150546,0,Very Low Risk
9928-BZVLZ,12,Two year,49.85,552.1,DSL,Mailed check,Medium ($35-65),No,3100,0.08137298714795704,0,Very Low Risk
4114-QMKVN,56,One year,68.75,3815.4,DSL,Bank transfer (automatic),High ($65-95),No,6494,0.03341666947191542,0,Very Low Risk
2775-SEFEE,0,Two year,61.9,0.0,DSL,Bank transfer (automatic),Medium ($35-65),No,5188,0.07456095165602938,0,Very Low Risk
9003-CPATH,42,Month-to-month,79.9,3313.4,Fiber optic,Electronic check,High ($65-95),No,2583,0.5232585785565955,1,Medium Risk
1754-GKYPY,22,Month-to-month,89.75,1938.9,Fiber optic,Bank transfer (automatic),High ($65-95),No,4180,0.6103198769514684,1,Medium Risk
7956-XQWGU,27,Month-to-month,19.4,460.25,No,Credit card (automatic),Low (<$35),No,5975,0.09607073527907412,0,Very Low Risk
1591-MQJTP,51,One year,93.65,4839.15,Fiber optic,Bank transfer (automatic),High ($65-95),No,4163,0.22494128015952441,0,Very Low Risk
2369-FEVNO,1,Month-to-month,19.9,19.9,No,Mailed check,Low (<$35),No,4590,0.6566555257307273,1,Medium Risk
7471-MQPOS,71,One year,72.9,5139.65,DSL,Bank transfer (automatic),High ($65-95),No,6404,0.09966852427395652,0,Very Low Risk
5115-SQAAU,69,Two year,25.6,1673.4,No,Bank transfer (automatic),Low (<$35),No,6053,0.0025688426921101665,0,Very Low Risk
9845-QOMAD,14,One year,19.75,309.35,No,Mailed check,Low (<$35),No,3958,0.025786760363779096,0,Very Low Risk
7672-VFMXZ,57,Month-to-month,55.7,3171.6,DSL,Electronic check,Medium ($35-65),No,4607,0.19493055626819186,0,Very Low Risk
9739-JLPQJ,72,Two year,117.5,8670.1,Fiber optic,Credit card (automatic),Premium (>$95),No,6009,0.019962050238261666,0,Very Low Risk
9916-AYHTC,48,Two year,19.85,916.0,No,Credit card (automatic),Low (<$35),No,3779,0.022851696285928865,0,Very Low Risk
3855-ONCAR,4,Month-to-month,78.9,299.75,Fiber optic,Mailed check,High ($65-95),No,5775,0.3361742318888736,0,Low Risk
1488-SYSFC,31,Month-to-month,20.65,702.05,No,Electronic check,Low (<$35),No,2990,0.04564822701263311,0,Very Low Risk
0970-QXPXW,1,Month-to-month,19.65,19.65,No,Mailed check,Low (<$35),No,5454,0.5597485978343869,1,Medium Risk
3259-KNMRR,57,Two year,79.75,4438.2,DSL,Bank transfer (automatic),High ($65-95),No,5371,0.15678521632820241,0,Very Low Risk
6120-RJKLU,62,Two year,79.95,4819.75,DSL,Credit card (automatic),High ($65-95),No,6488,0.06413557598377008,0,Very Low Risk
9572-WUKSB,3,Month-to-month,29.9,92.25,DSL,Electronic check,Low (<$35),No,4416,0.5719980148065612,1,Medium Risk
5893-KCLGT,72,Two year,19.75,1567.0,No,Mailed check,Low (<$35),No,5478,0.013946387110820602,0,Very Low Risk
0076-LVEPS,29,Month-to-month,45.0,1242.45,DSL,Mailed check,Medium ($35-65),No,3290,0.12917533976849097,0,Very Low Risk
3640-JQGJG,13,Month-to-month,44.8,559.2,DSL,Bank transfer (automatic),Medium ($35-65),No,4680,0.15101188746159397,0,Very Low Risk
1596-OQSPS,11,Month-to-month,51.1,531.15,DSL,Electronic check,Medium ($35-65),No,4467,0.3783729760881108,0,Low Risk
9867-XOBQA,21,Two year,53.15,1183.2,DSL,Mailed check,Medium ($35-65),No,3461,0.03872512455047301,0,Very Low Risk
9546-KDTRB,19,Month-to-month,24.7,465.85,No,Bank transfer (automatic),Low (<$35),No,3612,0.19426693723112914,0,Very Low Risk
3174-RKMOW,35,Month-to-month,109.95,3782.4,Fiber optic,Electronic check,Premium (>$95),No,5721,0.16367417553342303,0,Very Low Risk
1760-CAZHT,25,Month-to-month,20.8,460.2,No,Mailed check,Low (<$35),No,3274,0.05266714169168326,0,Very Low Risk
8441-SHIPE,67,Two year,25.6,1790.35,No,Bank transfer (automatic),Low (<$35),No,5183,0.011715003761634596,0,Very Low Risk
1320-GVNHT,72,Two year,108.4,7767.25,Fiber optic,Credit card (automatic),Premium (>$95),No,4419,0.022557581337963453,0,Very Low Risk
1047-RNXZV,43,Two year,19.55,876.15,No,Mailed check,Low (<$35),No,4871,0.03265642899407948,0,Very Low Risk
3541-ZNUHK,55,Month-to-month,85.1,4600.95,Fiber optic,Electronic check,High ($65-95),No,4026,0.11371058021294639,0,Very Low Risk
8725-JEDFD,27,Month-to-month,69.05,1793.25,Fiber optic,Mailed check,High ($65-95),No,3241,0.5124561730984994,1,Medium Risk
7562-UXTPG,13,Month-to-month,70.15,886.7,Fiber optic,Mailed check,High ($65-95),No,2992,0.6432637121770877,1,Medium Risk
8071-SBTRN,70,Two year,111.15,7737.55,Fiber optic,Mailed check,Premium (>$95),No,4240,0.12237140240364716,0,Very Low Risk
6668-CNMFP,19,One year,89.35,1686.85,Fiber optic,Bank transfer (automatic),High ($65-95),No,4473,0.1212834353991272,0,Very Low Risk
5626-MGTUK,20,Month-to-month,89.1,1879.25,Fiber optic,Bank transfer (automatic),High ($65-95),No,3027,0.4902922677268053,0,Low Risk
5681-LLOEI,43,One year,91.25,4013.8,Fiber optic,Credit card (automatic),High ($65-95),No,5884,0.04678380966033642,0,Very Low Risk
8212-DJRCH,5,Month-to-month,90.35,434.5,Fiber optic,Mailed check,High ($65-95),No,4014,0.3992428114755381,0,Low Risk
4323-OHFOW,70,One year,105.55,7195.35,Fiber optic,Bank transfer (automatic),Premium (>$95),No,4605,0.288113302411546,0,Low Risk
4933-BSAIP,40,Two year,19.1,780.1,No,Mailed check,Low (<$35),No,2056,0.03180885892536014,0,Very Low Risk
2030-BTZRO,6,Two year,20.4,107.6,No,Credit card (automatic),Low (<$35),No,4628,0.041023692661868554,0,Very Low Risk
1116-DXXDF,39,Two year,100.45,3801.7,Fiber optic,Electronic check,Premium (>$95),No,2698,0.30183315344517847,0,Low Risk
6563-VNPMN,45,Month-to-month,85.7,3778.1,Fiber optic,Bank transfer (automatic),High ($65-95),No,5397,0.2550715207689331,0,Low Risk
2267-WTPYD,57,Month-to-month,94.0,5438.95,Fiber optic,Credit card (automatic),High ($65-95),No,6015,0.29882076685566344,0,Low Risk
0270-THENM,72,Two year,69.85,5102.35,DSL,Bank transfer (automatic),High ($65-95),No,6233,0.006319581224507894,0,Very Low Risk
4707-MAXGU,72,Two year,25.85,1872.2,No,Credit card (automatic),Low (<$35),No,5514,0.017004460588901812,0,Very Low Risk
2710-WYVXG,3,Two year,71.1,213.35,DSL,Mailed check,High ($65-95),No,3501,0.10257179898022514,0,Very Low Risk
6300-BWMJX,59,Month-to-month,93.35,5386.5,Fiber optic,Electronic check,High ($65-95),No,4814,0.37140696504905946,0,Low Risk
7009-LGECI,4,Month-to-month,50.55,235.65,DSL,Bank transfer (automatic),Medium ($35-65),No,4164,0.4700852867427855,0,Low Risk
5022-KVDQT,27,Month-to-month,81.3,2272.8,Fiber optic,Electronic check,High ($65-95),No,5158,0.7480683967830994,1,Medium Risk
7976-CICYS,4,Month-to-month,20.7,83.75,No,Credit card (automatic),Low (<$35),No,3027,0.13295333774020002,0,Very Low Risk
1036-GUDCL,60,Month-to-month,79.05,4663.4,DSL,Credit card (automatic),High ($65-95),No,5275,0.055391301500929545,0,Very Low Risk
2005-DWQZJ,8,Two year,19.05,201.7,No,Mailed check,Low (<$35),No,3153,0.01980987219728534,0,Very Low Risk
8148-WOCMK,8,Two year,19.6,125.0,No,Credit card (automatic),Low (<$35),No,3214,0.007800224330386899,0,Very Low Risk
7815-PDTHL,35,Two year,20.2,684.4,No,Mailed check,Low (<$35),No,3481,0.03693375946074772,0,Very Low Risk
9173-IVZVP,53,Two year,20.9,1146.05,No,Mailed check,Low (<$35),No,4254,0.002253366630769799,0,Very Low Risk
9129-UXERG,18,Month-to-month,103.6,1806.35,Fiber optic,Credit card (automatic),Premium (>$95),No,2094,0.5215811114634559,1,Medium Risk
3635-JBPSG,15,Two year,38.8,603.0,DSL,Mailed check,Medium ($35-65),No,2118,0.26058453330088693,0,Low Risk
7964-ZRKKG,67,One year,88.4,5798.3,Fiber optic,Bank transfer (automatic),High ($65-95),No,6251,0.24395296545553957,0,Very Low Risk
6229-LSCKB,6,Month-to-month,79.7,497.6,Fiber optic,Electronic check,High ($65-95),No,2893,0.8606465622061645,1,High Risk
1724-IQWNM,1,Month-to-month,19.3,19.3,No,Mailed check,Low (<$35),No,4136,0.30329694076410835,0,Low Risk
8217-QYOHV,5,Month-to-month,55.75,266.95,DSL,Mailed check,Medium ($35-65),No,4545,0.29755061750610307,0,Low Risk
5546-QUERU,13,One year,19.95,257.0,No,Mailed check,Low (<$35),No,5221,0.0456738182022779,0,Very Low Risk
6897-UUBNU,29,Month-to-month,89.65,2623.65,Fiber optic,Mailed check,High ($65-95),No,2681,0.2841747310383006,0,Low Risk
6127-IYJOZ,1,Month-to-month,45.85,45.85,DSL,Mailed check,Medium ($35-65),No,5715,0.7150787075768147,1,Medium Risk
8930-XOTDP,18,Month-to-month,55.95,1082.8,DSL,Mailed check,Medium ($35-65),No,2035,0.16667330371987607,0,Very Low Risk
5916-QEWPT,2,Month-to-month,69.0,147.8,DSL,Credit card (automatic),High ($65-95),No,2798,0.40161234747211644,0,Low Risk
5060-TQUQN,30,Month-to-month,83.55,2570.2,Fiber optic,Bank transfer (automatic),High ($65-95),No,3558,0.11349778386037385,0,Very Low Risk
0531-XBKMM,66,Two year,65.7,4378.9,DSL,Bank transfer (automatic),High ($65-95),No,5058,0.013374076036628966,0,Very Low Risk
8465-SBRXP,38,Two year,94.9,3616.25,Fiber optic,Bank transfer (automatic),High ($65-95),No,2436,0.056713649337918455,0,Very Low Risk
2408-PSJVE,44,Month-to-month,61.9,2924.05,DSL,Mailed check,Medium ($35-65),No,4388,0.09925500220746088,0,Very Low Risk
9700-ZCLOT,2,Month-to-month,20.0,32.7,No,Mailed check,Low (<$35),No,3922,0.3272051631471164,0,Low Risk
8738-JOKAR,42,One year,67.7,2882.25,DSL,Mailed check,High ($65-95),No,5034,0.14992273120204566,0,Very Low Risk
4534-WGCIR,58,Two year,25.15,1509.9,No,Credit card (automatic),Low (<$35),No,6444,0.0014724474149710352,0,Very Low Risk
1930-WNXSB,58,Month-to-month,92.85,5305.05,Fiber optic,Electronic check,High ($65-95),No,4879,0.15684616286707376,0,Very Low Risk
3508-CFVZL,71,Two year,111.3,7985.9,Fiber optic,Mailed check,Premium (>$95),No,5957,0.04071009827868013,0,Very Low Risk
0657-DOGUM,48,One year,60.6,2985.25,DSL,Bank transfer (automatic),Medium ($35-65),No,4077,0.06416739922964156,0,Very Low Risk
8792-AOROI,8,Two year,65.5,564.35,DSL,Mailed check,High ($65-95),No,2985,0.07544099561010302,0,Very Low Risk
5146-YYFRZ,67,Two year,19.95,1311.75,No,Bank transfer (automatic),Low (<$35),No,6212,0.023654462565091926,0,Very Low Risk
3452-SRFEG,49,Month-to-month,74.6,3720.35,Fiber optic,Bank transfer (automatic),High ($65-95),No,4516,0.4139223199178016,0,Low Risk
4070-OKWVH,52,Month-to-month,94.6,5025.8,Fiber optic,Bank transfer (automatic),High ($65-95),No,6212,0.3235741212192878,0,Low Risk
5297-MDOIR,63,One year,81.15,5224.5,Fiber optic,Credit card (automatic),High ($65-95),No,5294,0.10747522311787228,0,Very Low Risk
6369-MCAKO,68,Two year,89.05,6185.8,DSL,Bank transfer (automatic),High ($65-95),No,5001,0.004167415682578161,0,Very Low Risk
4926-UMJZD,31,Month-to-month,49.2,1498.55,DSL,Mailed check,Medium ($35-65),No,2157,0.2462415646972503,0,Very Low Risk
6848-HJTXY,64,Two year,19.45,1208.6,No,Credit card (automatic),Low (<$35),No,5628,0.009823834231276161,0,Very Low Risk
6341-AEVKX,62,One year,104.3,6613.65,Fiber optic,Electronic check,Premium (>$95),No,5905,0.26224402485011405,0,Low Risk
0682-USIXD,21,Month-to-month,86.05,1818.9,Fiber optic,Electronic check,High ($65-95),No,2937,0.6760750777737345,1,Medium Risk
6976-BWGLQ,72,Two year,25.2,1787.35,No,Bank transfer (automatic),Low (<$35),No,4382,0.002002274290603398,0,Very Low Risk
7078-NVFAM,32,Month-to-month,35.15,1051.05,DSL,Electronic check,Medium ($35-65),No,3163,0.16117738103683468,0,Very Low Risk
8065-QBYTO,71,One year,99.65,7181.25,Fiber optic,Credit card (automatic),Premium (>$95),No,5448,0.16286228489786725,0,Very Low Risk
2133-TSRRM,34,Month-to-month,105.35,3688.6,Fiber optic,Bank transfer (automatic),Premium (>$95),No,5432,0.1853389465010406,0,Very Low Risk
2511-ALLCS,35,Two year,24.3,821.6,No,Bank transfer (automatic),Low (<$35),No,5998,0.005410115605003228,0,Very Low Risk
3191-CSNMG,3,Month-to-month,80.7,239.45,Fiber optic,Electronic check,High ($65-95),No,2081,0.35806557215303997,0,Low Risk
7952-OBOYL,3,Month-to-month,89.85,244.45,Fiber optic,Mailed check,High ($65-95),No,4096,0.714904692806472,1,Medium Risk
7470-DYNOE,53,One year,61.1,3357.9,DSL,Electronic check,Medium ($35-65),No,5940,0.2522494365719314,0,Low Risk
7853-OETYL,4,Month-to-month,29.05,129.6,DSL,Electronic check,Low (<$35),No,3306,0.5181681324812244,1,Medium Risk
1545-ACTAS,48,One year,99.7,4977.2,Fiber optic,Bank transfer (automatic),Premium (>$95),No,5921,0.09924748325075666,0,Very Low Risk
5126-RCXYW,54,Two year,46.0,2424.05,DSL,Credit card (automatic),Medium ($35-65),No,4451,0.025362052727249312,0,Very Low Risk
2363-BJLSL,62,Month-to-month,80.4,4981.15,DSL,Bank transfer (automatic),High ($65-95),No,5157,0.17957905720372966,0,Very Low Risk
1956-YIFGE,22,One year,100.05,2090.25,Fiber optic,Mailed check,Premium (>$95),No,3274,0.13862494181412527,0,Very Low Risk
7921-LMDFQ,51,One year,94.0,4905.75,Fiber optic,Bank transfer (automatic),High ($65-95),No,6034,0.3165537804963923,0,Low Risk
2925-MXLSX,30,One year,68.95,2038.7,DSL,Credit card (automatic),High ($65-95),No,4403,0.16747201958990834,0,Very Low Risk
5820-PTRYM,56,One year,68.45,4014.0,DSL,Credit card (automatic),High ($65-95),No,4368,0.07736275749266108,0,Very Low Risk
9609-BENEA,35,One year,69.0,2441.7,DSL,Electronic check,High ($65-95),No,5283,0.2209231157502072,0,Very Low Risk
6211-WHMYA,64,Month-to-month,43.85,2751.0,DSL,Electronic check,Medium ($35-65),No,6055,0.23656994549731306,0,Very Low Risk
4459-BBGHE,30,Month-to-month,44.5,1307.8,DSL,Electronic check,Medium ($35-65),No,5833,0.22513017242880687,0,Very Low Risk
9945-PSVIP,25,Two year,18.7,383.65,No,Mailed check,Low (<$35),No,2289,0.020710043305745475,0,Very Low Risk
9108-EJFJP,1,Month-to-month,53.55,53.55,DSL,Mailed check,Medium ($35-65),No,4504,0.39108536175321845,0,Low Risk
0530-IJVDB,70,Two year,114.6,7882.5,Fiber optic,Electronic check,Premium (>$95),No,5414,0.0395340681035423,0,Very Low Risk
0508-SQWPL,57,Two year,20.1,1087.7,No,Bank transfer (automatic),Low (<$35),No,5506,0.005515326198830598,0,Very Low Risk
2215-ZAFGX,9,Month-to-month,85.5,791.7,Fiber optic,Electronic check,High ($65-95),No,4867,0.8731526439920951,1,High Risk
8213-TAZPM,69,One year,108.75,7493.05,Fiber optic,Bank transfer (automatic),Premium (>$95),No,5874,0.07345046708927795,0,Very Low Risk
1304-SEGFY,72,Two year,97.85,6841.3,Fiber optic,Electronic check,Premium (>$95),No,4508,0.29594657780731537,0,Low Risk
7242-EDTYC,44,Two year,19.55,819.95,No,Bank transfer (automatic),Low (<$35),No,5860,0.03585104211790393,0,Very Low Risk
2904-GGUAZ,72,Two year,84.05,6052.25,Fiber optic,Bank transfer (automatic),High ($65-95),No,5515,0.0566219789516156,0,Very Low Risk
5136-GFPMB,54,Month-to-month,89.4,4869.5,Fiber optic,Credit card (automatic),High ($65-95),No,5871,0.34397509299165435,0,Low Risk
2595-KIWPV,27,Two year,19.7,509.3,No,Credit card (automatic),Low (<$35),No,4052,0.011880110040773688,0,Very Low Risk
5243-SAOTC,54,Month-to-month,79.85,4308.25,Fiber optic,Bank transfer (automatic),High ($65-95),No,5166,0.3506753937867124,0,Low Risk
9398-MMQTO,3,Month-to-month,74.45,221.1,Fiber optic,Credit card (automatic),High ($65-95),No,3956,0.5282707845350557,1,Medium Risk
7619-PLRLP,53,One year,74.1,3833.95,DSL,Bank transfer (automatic),High ($65-95),No,5136,0.11842981534529028,0,Very Low Risk
6508-NJYRO,15,One year,18.8,294.95,No,Mailed check,Low (<$35),No,3977,0.03451682542086667,0,Very Low Risk
4710-NKCAW,5,Month-to-month,64.4,316.9,DSL,Credit card (automatic),Medium ($35-65),No,3260,0.12279613666890025,0,Very Low Risk
5306-BVTKJ,48,One year,55.8,2651.2,DSL,Credit card (automatic),Medium ($35-65),No,3446,0.06027276639651676,0,Very Low Risk
0357-NVCRI,25,Month-to-month,20.05,471.7,No,Credit card (automatic),Low (<$35),No,2192,0.07723773796592277,0,Very Low Risk
2371-KFUOG,58,One year,99.15,5720.95,Fiber optic,Bank transfer (automatic),Premium (>$95),No,6409,0.19792401564433804,0,Very Low Risk
0463-ZSDNT,10,Month-to-month,56.75,503.25,DSL,Bank transfer (automatic),Medium ($35-65),No,2037,0.5193472682059901,1,Medium Risk
6257-DTAYD,71,Two year,104.15,7365.3,Fiber optic,Credit card (automatic),Premium (>$95),No,5973,0.1671467461028612,0,Very Low Risk
4616-ULAOA,65,Two year,110.8,7245.9,Fiber optic,Credit card (automatic),Premium (>$95),No,6332,0.025491700326565135,0,Very Low Risk
7746-AWNQW,28,Month-to-month,35.75,961.4,DSL,Mailed check,Medium ($35-65),No,2431,0.24432683514409184,0,Very Low Risk
5996-EBTKM,67,Two year,69.9,4615.9,DSL,Bank transfer (automatic),High ($65-95),No,6079,0.0166977264463074,0,Very Low Risk
2758-RNWXS,35,One year,89.2,3251.3,Fiber optic,Electronic check,High ($65-95),No,4446,0.24996503031272838,0,Very Low Risk
2314-TNDJQ,72,Two year,55.65,3880.05,DSL,Credit card (automatic),Medium ($35-65),No,5192,0.005468765650390224,0,Very Low Risk
2405-LBMUW,61,One year,50.7,3088.75,DSL,Bank transfer (automatic),Medium ($35-65),No,5024,0.029449724083957584,0,Very Low Risk
3454-JFUBC,68,Two year,20.0,1396.0,No,Credit card (automatic),Low (<$35),No,6136,0.022215890103239145,0,Very Low Risk
9039-ZVJDC,3,Month-to-month,19.1,53.05,No,Mailed check,Low (<$35),No,4905,0.25554166155415514,0,Low Risk
9013-AQORL,48,Month-to-month,45.55,2108.35,DSL,Credit card (automatic),Medium ($35-65),No,4106,0.18484312649350781,0,Very Low Risk
2898-MRKPI,68,One year,101.05,6770.5,Fiber optic,Credit card (automatic),Premium (>$95),No,5570,0.09427041957559615,0,Very Low Risk
2750-BJLSB,47,One year,103.7,4730.6,Fiber optic,Electronic check,Premium (>$95),No,4543,0.48322412792977576,0,Low Risk
3648-GZPHF,32,One year,36.25,1151.05,DSL,Mailed check,Medium ($35-65),No,2609,0.07364155273984427,0,Very Low Risk
2075-RMJIK,5,Month-to-month,49.4,232.55,DSL,Mailed check,Medium ($35-65),No,5756,0.26158077841825184,0,Low Risk
9588-YRFHY,49,Two year,19.9,1022.6,No,Credit card (automatic),Low (<$35),No,5240,0.05726131047618083,0,Very Low Risk
9364-YKUVW,15,Month-to-month,19.8,309.4,No,Mailed check,Low (<$35),No,2681,0.18294642481004753,0,Very Low Risk
5392-AKEMH,12,Month-to-month,45.05,523.1,DSL,Electronic check,Medium ($35-65),No,5624,0.6715541720656748,1,Medium Risk
2451-YMUXS,67,Two year,64.55,4250.1,DSL,Bank transfer (automatic),Medium ($35-65),No,4494,0.06378594924091935,0,Very Low Risk
3914-FDRHP,9,Month-to-month,86.25,770.5,Fiber optic,Electronic check,High ($65-95),No,4754,0.5576263066781525,1,Medium Risk
3078-ZKNTS,13,Two year,19.75,246.7,No,Bank transfer (automatic),Low (<$35),No,4314,0.057944328529965665,0,Very Low Risk
1024-KPRBB,38,One year,89.1,3342.0,Fiber optic,Mailed check,High ($65-95),No,2675,0.3324769601038208,0,Low Risk
4690-PKDQG,42,Month-to-month,95.55,3930.6,Fiber optic,Electronic check,Premium (>$95),No,4121,0.6776892745851281,1,Medium Risk
9547-ITEFG,9,Month-to-month,102.6,897.75,Fiber optic,Credit card (automatic),Premium (>$95),No,4062,0.20406666495557124,0,Very Low Risk
1264-FUHCX,49,One year,56.3,2780.6,DSL,Credit card (automatic),Medium ($35-65),No,5913,0.19195269029586506,0,Very Low Risk
7789-CRUVC,61,Month-to-month,94.2,5895.45,Fiber optic,Credit card (automatic),High ($65-95),No,5274,0.20180307424052826,0,Very Low Risk
6598-KELSS,50,One year,43.05,2208.05,DSL,Bank transfer (automatic),Medium ($35-65),No,5409,0.06539916918826445,0,Very Low Risk
9972-VAFJJ,53,One year,94.0,4871.45,Fiber optic,Electronic check,High ($65-95),No,6355,0.26813847179592554,0,Low Risk
0422-UXFAP,51,One year,98.85,4947.55,Fiber optic,Electronic check,Premium (>$95),No,6034,0.541803729429712,1,Medium Risk
1904-WAJAA,24,Two year,64.35,1558.65,DSL,Electronic check,Medium ($35-65),No,5461,0.09336081729835514,0,Very Low Risk
5130-YPIRV,62,Two year,72.0,4284.2,DSL,Credit card (automatic),High ($65-95),No,6489,0.04126921957757917,0,Very Low Risk
2843-CQMEG,24,Month-to-month,49.7,1218.25,DSL,Mailed check,Medium ($35-65),No,2911,0.3801916085953746,0,Low Risk
6439-PKTRR,70,Two year,80.7,5617.95,DSL,Electronic check,High ($65-95),No,4412,0.01694840812553022,0,Very Low Risk
5351-QESIO,1,Month-to-month,24.2,24.2,DSL,Mailed check,Low (<$35),No,4276,0.347000991151207,0,Low Risk
5568-DMXZS,8,Month-to-month,65.45,554.45,DSL,Electronic check,High ($65-95),No,5227,0.39979611262940584,0,Low Risk
8468-FZTOE,72,Two year,74.35,5237.4,DSL,Electronic check,High ($65-95),No,4874,0.016862638713190495,0,Very Low Risk
6633-SYEUS,23,Month-to-month,83.2,2032.3,Fiber optic,Bank transfer (automatic),High ($65-95),No,2061,0.2755147844718474,0,Low Risk
6447-GORXK,31,Month-to-month,25.0,789.2,DSL,Credit card (automatic),Low (<$35),No,4242,0.23955576854316715,0,Very Low Risk
6967-PEJLL,37,One year,40.2,1525.35,DSL,Electronic check,Medium ($35-65),No,2308,0.09780862418284451,0,Very Low Risk
5981-ZVXOT,35,One year,108.35,3726.15,Fiber optic,Electronic check,Premium (>$95),No,5139,0.3800114523103501,0,Low Risk
1684-FLBGS,23,Month-to-month,69.5,1652.1,DSL,Credit card (automatic),High ($65-95),No,2159,0.0788745379029558,0,Very Low Risk
1389-WNUIB,20,One year,76.0,1588.75,DSL,Bank transfer (automatic),High ($65-95),No,4085,0.05777419893480425,0,Very Low Risk
0376-OIWME,36,Month-to-month,93.6,3366.05,Fiber optic,Electronic check,High ($65-95),No,2701,0.5204312980569119,1,Medium Risk
0218-QNVAS,71,One year,100.55,7113.75,Fiber optic,Bank transfer (automatic),Premium (>$95),No,5876,0.05120549684989502,0,Very Low Risk
0804-YGEQV,43,One year,24.45,993.15,No,Bank transfer (automatic),Low (<$35),No,5119,0.011800501401493031,0,Very Low Risk
7164-BPTUT,57,Two year,89.55,5012.35,DSL,Mailed check,High ($65-95),No,4260,0.010991635758446599,0,Very Low Risk
2523-EWWZL,27,Month-to-month,76.1,2093.4,Fiber optic,Electronic check,High ($65-95),No,3291,0.6305565218424717,1,Medium Risk
0928-XUTSN,13,Month-to-month,80.5,1011.8,Fiber optic,Electronic check,High ($65-95),No,3895,0.8143327896720927,1,High Risk
0052-YNYOT,67,One year,20.55,1343.4,No,Electronic check,Low (<$35),No,5462,0.12874951121688163,0,Very Low Risk
9586-JGQKH,64,Two year,105.4,6794.75,Fiber optic,Bank transfer (automatic),Premium (>$95),No,4512,0.13610321401087883,0,Very Low Risk
4501-VCPFK,26,Month-to-month,35.75,1022.5,DSL,Electronic check,Medium ($35-65),No,2734,0.1701783841897177,0,Very Low Risk
6075-SLNIL,38,Month-to-month,95.1,3691.2,Fiber optic,Credit card (automatic),Premium (>$95),No,5393,0.49076414848002714,0,Low Risk
9347-AERRL,23,One year,19.3,486.2,No,Credit card (automatic),Low (<$35),No,2111,0.04258066991377245,0,Very Low Risk
2274-XUATA,72,Two year,63.1,4685.55,DSL,Bank transfer (automatic),Medium ($35-65),No,4933,0.008423438427985555,0,Very Low Risk
6691-CCIHA,62,Two year,84.95,5150.55,DSL,Electronic check,High ($65-95),No,6307,0.04234812381026276,0,Very Low Risk
1685-BQULA,40,Month-to-month,93.4,3756.4,Fiber optic,Bank transfer (automatic),High ($65-95),No,3819,0.5528720670187999,1,Medium Risk
9053-EJUNL,41,Month-to-month,89.2,3645.75,Fiber optic,Electronic check,High ($65-95),No,3259,0.7050769924291316,1,Medium Risk
0666-UXTJO,34,Month-to-month,85.2,2874.45,Fiber optic,Credit card (automatic),High ($65-95),No,5393,0.4302611079932855,0,Low Risk
1471-GIQKQ,1,Month-to-month,49.95,49.95,DSL,Electronic check,Medium ($35-65),No,5230,0.5335035056406051,1,Medium Risk
4807-IZYOZ,51,Two year,20.65,1020.75,No,Bank transfer (automatic),Low (<$35),No,4725,0.03200881757385855,0,Very Low Risk
9710-NJERN,39,Two year,20.15,826.0,No,Mailed check,Low (<$35),No,2007,0.03351656644155859,0,Very Low Risk
9837-FWLCH,12,Month-to-month,19.2,239.0,No,Electronic check,Low (<$35),No,3101,0.13219879647663485,0,Very Low Risk
7203-OYKCT,72,One year,104.95,7544.3,Fiber optic,Electronic check,Premium (>$95),No,5760,0.42046428180164597,0,Low Risk
1035-IPQPU,63,Month-to-month,103.5,6479.4,Fiber optic,Electronic check,Premium (>$95),No,5187,0.6508722385908358,1,Medium Risk
7398-LXGYX,44,Month-to-month,84.8,3626.35,Fiber optic,Credit card (automatic),High ($65-95),No,2770,0.31841681650775805,0,Low Risk
2823-LKABH,18,Month-to-month,95.05,1679.4,Fiber optic,Bank transfer (automatic),Premium (>$95),No,4524,0.4886592905379931,0,Low Risk
0550-DCXLH,13,Month-to-month,73.35,931.55,DSL,Mailed check,High ($65-95),No,4645,0.22676180149325023,0,Very Low Risk
9281-CEDRU,68,Two year,64.1,4326.25,DSL,Bank transfer (automatic),Medium ($35-65),No,5553,0.02841619397986316,0,Very Low Risk
2235-DWLJU,6,Month-to-month,44.4,263.05,DSL,Electronic check,Medium ($35-65),No,4611,0.7241221162578378,1,Medium Risk
0871-OPBXW,2,Month-to-month,20.05,39.25,No,Mailed check,Low (<$35),No,5191,0.3156108913851222,0,Low Risk
3605-JISKB,55,One year,60.0,3316.1,DSL,Credit card (automatic),Medium ($35-65),No,4212,0.13639034882127457,0,Very Low Risk
9767-FFLEM,38,Month-to-month,69.5,2625.25,Fiber optic,Credit card (automatic),High ($65-95),No,4591,0.4425208391752659,0,Low Risk
8456-QDAVC,19,Month-to-month,78.7,1495.1,Fiber optic,Bank transfer (automatic),High ($65-95),No,2464,0.5852101266834209,1,Medium Risk
7750-EYXWZ,12,One year,60.65,743.3,DSL,Electronic check,Medium ($35-65),No,3740,0.1754987257410031,0,Very Low Risk
2569-WGERO,72,Two year,21.15,1419.4,No,Bank transfer (automatic),Low (<$35),No,5306,0.022498323867431353,0,Very Low Risk
6840-RESVB,24,One year,84.8,1990.5,DSL,Mailed check,High ($65-95),No,2140,0.048456704097741436,0,Very Low Risk
2234-XADUH,72,One year,103.2,7362.9,Fiber optic,Credit card (automatic),Premium (>$95),No,5560,0.07148774432844233,0,Very Low Risk
4801-JZAZL,11,Month-to-month,29.6,346.45,DSL,Electronic check,Low (<$35),No,2793,0.21783295114213183,0,Very Low Risk
3186-AJIEK,66,Two year,105.65,6844.5,Fiber optic,Bank transfer (automatic),Premium (>$95),No,5097,0.17383722300837592,0,Very Low Risk
